ISO-10303-21;
HEADER;
/* Generated by software containing ST-Developer
 * from STEP Tools, Inc. (www.steptools.com) 
 */

FILE_DESCRIPTION(
/* description */ (''),
/* implementation_level */ '2;1');

FILE_NAME(
/* name */ 'VNA_Kutu_Ust.step',
/* time_stamp */ '2026-09-12T16:21:55+03:00',
/* author */ (''),
/* organization */ (''),
/* preprocessor_version */ 'ST-DEVELOPER v20.2',
/* originating_system */ 'Autodesk Translation Framework v15.15.0.0',
/* authorisation */ '');

FILE_SCHEMA (('AUTOMOTIVE_DESIGN { 1 0 10303 214 3 1 1 }','FEATURE_BASED_PROCESS_PLANNING',
'MODEL_BASED_INTEGRATED_MANUFACTURING_SCHEMA','PROCESS_PLANNING_SCHEMA'));
ENDSEC;

DATA;
#10=MECHANICAL_DESIGN_GEOMETRIC_PRESENTATION_REPRESENTATION('',(#13),#11562);
#11=SHAPE_REPRESENTATION_RELATIONSHIP('SRR','None',#11569,#12);
#12=ADVANCED_BREP_SHAPE_REPRESENTATION('',(#14),#11561);
#13=STYLED_ITEM('',(#11578),#14);
#14=MANIFOLD_SOLID_BREP('G\X\F6vde1',#7192);
#15=(
BOUNDED_SURFACE()
B_SPLINE_SURFACE(2,2,((#11349,#11350,#11351,#11352,#11353,#11354,#11355,
#11356,#11357),(#11358,#11359,#11360,#11361,#11362,#11363,#11364,#11365,
#11366),(#11367,#11368,#11369,#11370,#11371,#11372,#11373,#11374,#11375)),
 .UNSPECIFIED.,.F.,.T.,.F.)
B_SPLINE_SURFACE_WITH_KNOTS((3,3),(3,2,2,2,3),(-1.1773936947848,0.),(-3.14159265358979,
-1.5707963267949,0.,1.5707963267949,3.14159265358979),.UNSPECIFIED.)
GEOMETRIC_REPRESENTATION_ITEM()
RATIONAL_B_SPLINE_SURFACE(((1.,0.707106781186548,1.,0.707106781186548,1.,
0.707106781186548,1.,0.707106781186548,1.),(0.831664996658326,0.58807595881259,
0.831664996658326,0.58807595881259,0.831664996658326,0.58807595881259,0.831664996658326,
0.58807595881259,0.831664996658326),(1.,0.707106781186548,1.,0.707106781186548,
1.,0.707106781186548,1.,0.707106781186548,1.)))
REPRESENTATION_ITEM('')
SURFACE()
);
#16=(
BOUNDED_SURFACE()
B_SPLINE_SURFACE(2,2,((#11470,#11471,#11472,#11473,#11474,#11475,#11476,
#11477,#11478),(#11479,#11480,#11481,#11482,#11483,#11484,#11485,#11486,
#11487),(#11488,#11489,#11490,#11491,#11492,#11493,#11494,#11495,#11496)),
 .UNSPECIFIED.,.F.,.T.,.F.)
B_SPLINE_SURFACE_WITH_KNOTS((3,3),(3,2,2,2,3),(-1.49572583571818,0.),(-3.14159265358979,
-1.5707963267949,0.,1.5707963267949,3.14159265358979),.UNSPECIFIED.)
GEOMETRIC_REPRESENTATION_ITEM()
RATIONAL_B_SPLINE_SURFACE(((1.,0.707106781186548,1.,0.707106781186548,1.,
0.707106781186548,1.,0.707106781186548,1.),(0.733143914930771,0.518411033833202,
0.733143914930771,0.518411033833202,0.733143914930771,0.518411033833202,
0.733143914930771,0.518411033833202,0.733143914930771),(1.,0.707106781186548,
1.,0.707106781186548,1.,0.707106781186548,1.,0.707106781186548,1.)))
REPRESENTATION_ITEM('')
SURFACE()
);
#17=(
BOUNDED_SURFACE()
B_SPLINE_SURFACE(2,2,((#11506,#11507,#11508,#11509,#11510,#11511,#11512,
#11513,#11514),(#11515,#11516,#11517,#11518,#11519,#11520,#11521,#11522,
#11523),(#11524,#11525,#11526,#11527,#11528,#11529,#11530,#11531,#11532)),
 .UNSPECIFIED.,.F.,.T.,.F.)
B_SPLINE_SURFACE_WITH_KNOTS((3,3),(3,2,2,2,3),(-1.49572583571818,0.),(-3.14159265358979,
-1.5707963267949,0.,1.5707963267949,3.14159265358979),.UNSPECIFIED.)
GEOMETRIC_REPRESENTATION_ITEM()
RATIONAL_B_SPLINE_SURFACE(((1.,0.707106781186548,1.,0.707106781186548,1.,
0.707106781186548,1.,0.707106781186548,1.),(0.733143914930759,0.518411033833193,
0.733143914930759,0.518411033833193,0.733143914930759,0.518411033833193,
0.733143914930759,0.518411033833193,0.733143914930759),(1.,0.707106781186548,
1.,0.707106781186548,1.,0.707106781186548,1.,0.707106781186548,1.)))
REPRESENTATION_ITEM('')
SURFACE()
);
#18=CYLINDRICAL_SURFACE('',#7381,4.64999999999999);
#19=CYLINDRICAL_SURFACE('',#7522,2.8);
#20=CYLINDRICAL_SURFACE('',#7524,2.7);
#21=CYLINDRICAL_SURFACE('',#7528,3.5);
#22=CYLINDRICAL_SURFACE('',#7536,9.);
#23=CYLINDRICAL_SURFACE('',#7540,2.);
#24=CYLINDRICAL_SURFACE('',#7554,2.);
#25=CYLINDRICAL_SURFACE('',#7557,4.69211343532832);
#26=CYLINDRICAL_SURFACE('',#7566,4.65);
#27=CYLINDRICAL_SURFACE('',#7574,3.5);
#28=CYLINDRICAL_SURFACE('',#7579,3.5);
#29=CYLINDRICAL_SURFACE('',#7580,1.65000000000001);
#30=CYLINDRICAL_SURFACE('',#7581,1.65000000000001);
#31=CYLINDRICAL_SURFACE('',#7583,1.65);
#32=CYLINDRICAL_SURFACE('',#7587,2.);
#33=CYLINDRICAL_SURFACE('',#7588,2.);
#34=ELLIPSE('',#7257,9.29999999999998,4.64999999999999);
#35=ELLIPSE('',#7260,9.29999999999998,4.64999999999999);
#36=ELLIPSE('',#7267,9.29999999999998,4.64999999999999);
#37=ELLIPSE('',#7269,9.29999999999998,4.64999999999999);
#38=FACE_BOUND('',#497,.T.);
#39=FACE_BOUND('',#648,.T.);
#40=FACE_BOUND('',#649,.T.);
#41=FACE_BOUND('',#650,.T.);
#42=FACE_BOUND('',#651,.T.);
#43=FACE_BOUND('',#652,.T.);
#44=FACE_BOUND('',#653,.T.);
#45=FACE_BOUND('',#654,.T.);
#46=FACE_BOUND('',#655,.T.);
#47=FACE_BOUND('',#656,.T.);
#48=FACE_BOUND('',#657,.T.);
#49=FACE_BOUND('',#789,.T.);
#50=FACE_BOUND('',#790,.T.);
#51=FACE_BOUND('',#791,.T.);
#52=FACE_BOUND('',#792,.T.);
#53=FACE_BOUND('',#793,.T.);
#54=FACE_BOUND('',#794,.T.);
#55=FACE_BOUND('',#795,.T.);
#56=FACE_BOUND('',#796,.T.);
#57=FACE_BOUND('',#797,.T.);
#58=FACE_BOUND('',#798,.T.);
#59=FACE_BOUND('',#810,.T.);
#60=FACE_BOUND('',#811,.T.);
#61=FACE_BOUND('',#812,.T.);
#62=FACE_BOUND('',#813,.T.);
#63=FACE_BOUND('',#814,.T.);
#64=FACE_BOUND('',#815,.T.);
#65=FACE_BOUND('',#816,.T.);
#66=FACE_BOUND('',#817,.T.);
#67=FACE_BOUND('',#818,.T.);
#68=FACE_BOUND('',#819,.T.);
#69=FACE_BOUND('',#820,.T.);
#70=FACE_BOUND('',#821,.T.);
#71=FACE_BOUND('',#822,.T.);
#72=FACE_BOUND('',#823,.T.);
#73=FACE_BOUND('',#824,.T.);
#74=FACE_BOUND('',#825,.T.);
#75=FACE_BOUND('',#826,.T.);
#76=FACE_BOUND('',#827,.T.);
#77=FACE_BOUND('',#828,.T.);
#78=FACE_BOUND('',#829,.T.);
#79=FACE_BOUND('',#831,.T.);
#80=FACE_BOUND('',#832,.T.);
#81=FACE_BOUND('',#833,.T.);
#82=FACE_BOUND('',#834,.T.);
#83=FACE_BOUND('',#835,.T.);
#84=FACE_BOUND('',#836,.T.);
#85=FACE_BOUND('',#837,.T.);
#86=FACE_BOUND('',#838,.T.);
#87=FACE_BOUND('',#839,.T.);
#88=FACE_BOUND('',#840,.T.);
#89=FACE_BOUND('',#841,.T.);
#90=FACE_BOUND('',#842,.T.);
#91=FACE_BOUND('',#843,.T.);
#92=FACE_BOUND('',#844,.T.);
#93=FACE_BOUND('',#845,.T.);
#94=FACE_BOUND('',#846,.T.);
#95=FACE_BOUND('',#847,.T.);
#96=FACE_BOUND('',#848,.T.);
#97=FACE_BOUND('',#849,.T.);
#98=FACE_BOUND('',#850,.T.);
#99=FACE_BOUND('',#855,.T.);
#100=FACE_BOUND('',#856,.T.);
#101=FACE_BOUND('',#857,.T.);
#102=FACE_BOUND('',#877,.T.);
#103=FACE_BOUND('',#879,.T.);
#104=CIRCLE('',#7209,1.);
#105=CIRCLE('',#7210,3.69211343532832);
#106=CIRCLE('',#7211,4.69211343532832);
#107=CIRCLE('',#7213,2.7);
#108=CIRCLE('',#7214,2.8);
#109=CIRCLE('',#7215,9.);
#110=CIRCLE('',#7216,2.);
#111=CIRCLE('',#7217,2.);
#112=CIRCLE('',#7218,1.65000000000001);
#113=CIRCLE('',#7220,2.);
#114=CIRCLE('',#7221,3.);
#115=CIRCLE('',#7223,0.3);
#116=CIRCLE('',#7226,6.65);
#117=CIRCLE('',#7227,4.65);
#118=CIRCLE('',#7263,4.64999999999999);
#119=CIRCLE('',#7264,4.64999999999999);
#120=CIRCLE('',#7339,4.71350832689628);
#121=CIRCLE('',#7340,4.71350832689628);
#122=CIRCLE('',#7378,2.64999999999999);
#123=CIRCLE('',#7379,2.);
#124=CIRCLE('',#7380,4.64999999999999);
#125=CIRCLE('',#7382,4.64999999999999);
#126=CIRCLE('',#7384,2.);
#127=CIRCLE('',#7385,6.64999999999999);
#128=CIRCLE('',#7386,6.64999999999999);
#129=CIRCLE('',#7388,2.);
#130=CIRCLE('',#7389,6.64999999999999);
#131=CIRCLE('',#7523,2.8);
#132=CIRCLE('',#7525,2.7);
#133=CIRCLE('',#7527,3.);
#134=CIRCLE('',#7529,3.5);
#135=CIRCLE('',#7530,3.5);
#136=CIRCLE('',#7531,3.5);
#137=CIRCLE('',#7533,3.);
#138=CIRCLE('',#7534,1.65000000000001);
#139=CIRCLE('',#7535,1.65000000000001);
#140=CIRCLE('',#7537,9.);
#141=CIRCLE('',#7539,2.);
#142=CIRCLE('',#7541,2.);
#143=CIRCLE('',#7549,2.);
#144=CIRCLE('',#7550,2.);
#145=CIRCLE('',#7551,2.);
#146=CIRCLE('',#7552,3.5);
#147=CIRCLE('',#7553,3.5);
#148=CIRCLE('',#7558,4.69211343532832);
#149=CIRCLE('',#7562,2.65);
#150=CIRCLE('',#7563,2.);
#151=CIRCLE('',#7564,4.65);
#152=CIRCLE('',#7565,4.65);
#153=CIRCLE('',#7570,3.5);
#154=CIRCLE('',#7571,2.);
#155=CIRCLE('',#7572,1.65000000000001);
#156=CIRCLE('',#7573,3.5);
#157=CIRCLE('',#7575,3.5);
#158=CIRCLE('',#7576,2.);
#159=CIRCLE('',#7577,1.65);
#160=CIRCLE('',#7578,3.5);
#161=CIRCLE('',#7582,1.65000000000001);
#162=CIRCLE('',#7584,1.65);
#163=TOROIDAL_SURFACE('',#7208,3.69211343532832,1.);
#164=TOROIDAL_SURFACE('',#7225,6.65,2.);
#165=TOROIDAL_SURFACE('',#7377,4.64999999999999,2.);
#166=TOROIDAL_SURFACE('',#7387,6.64999999999999,2.);
#167=TOROIDAL_SURFACE('',#7560,6.64999999999999,2.);
#168=TOROIDAL_SURFACE('',#7561,4.65,2.);
#169=FACE_OUTER_BOUND('',#493,.T.);
#170=FACE_OUTER_BOUND('',#494,.T.);
#171=FACE_OUTER_BOUND('',#495,.T.);
#172=FACE_OUTER_BOUND('',#496,.T.);
#173=FACE_OUTER_BOUND('',#498,.T.);
#174=FACE_OUTER_BOUND('',#499,.T.);
#175=FACE_OUTER_BOUND('',#500,.T.);
#176=FACE_OUTER_BOUND('',#501,.T.);
#177=FACE_OUTER_BOUND('',#502,.T.);
#178=FACE_OUTER_BOUND('',#503,.T.);
#179=FACE_OUTER_BOUND('',#504,.T.);
#180=FACE_OUTER_BOUND('',#505,.T.);
#181=FACE_OUTER_BOUND('',#506,.T.);
#182=FACE_OUTER_BOUND('',#507,.T.);
#183=FACE_OUTER_BOUND('',#508,.T.);
#184=FACE_OUTER_BOUND('',#509,.T.);
#185=FACE_OUTER_BOUND('',#510,.T.);
#186=FACE_OUTER_BOUND('',#511,.T.);
#187=FACE_OUTER_BOUND('',#512,.T.);
#188=FACE_OUTER_BOUND('',#513,.T.);
#189=FACE_OUTER_BOUND('',#514,.T.);
#190=FACE_OUTER_BOUND('',#515,.T.);
#191=FACE_OUTER_BOUND('',#516,.T.);
#192=FACE_OUTER_BOUND('',#517,.T.);
#193=FACE_OUTER_BOUND('',#518,.T.);
#194=FACE_OUTER_BOUND('',#519,.T.);
#195=FACE_OUTER_BOUND('',#520,.T.);
#196=FACE_OUTER_BOUND('',#521,.T.);
#197=FACE_OUTER_BOUND('',#522,.T.);
#198=FACE_OUTER_BOUND('',#523,.T.);
#199=FACE_OUTER_BOUND('',#524,.T.);
#200=FACE_OUTER_BOUND('',#525,.T.);
#201=FACE_OUTER_BOUND('',#526,.T.);
#202=FACE_OUTER_BOUND('',#527,.T.);
#203=FACE_OUTER_BOUND('',#528,.T.);
#204=FACE_OUTER_BOUND('',#529,.T.);
#205=FACE_OUTER_BOUND('',#530,.T.);
#206=FACE_OUTER_BOUND('',#531,.T.);
#207=FACE_OUTER_BOUND('',#532,.T.);
#208=FACE_OUTER_BOUND('',#533,.T.);
#209=FACE_OUTER_BOUND('',#534,.T.);
#210=FACE_OUTER_BOUND('',#535,.T.);
#211=FACE_OUTER_BOUND('',#536,.T.);
#212=FACE_OUTER_BOUND('',#537,.T.);
#213=FACE_OUTER_BOUND('',#538,.T.);
#214=FACE_OUTER_BOUND('',#539,.T.);
#215=FACE_OUTER_BOUND('',#540,.T.);
#216=FACE_OUTER_BOUND('',#541,.T.);
#217=FACE_OUTER_BOUND('',#542,.T.);
#218=FACE_OUTER_BOUND('',#543,.T.);
#219=FACE_OUTER_BOUND('',#544,.T.);
#220=FACE_OUTER_BOUND('',#545,.T.);
#221=FACE_OUTER_BOUND('',#546,.T.);
#222=FACE_OUTER_BOUND('',#547,.T.);
#223=FACE_OUTER_BOUND('',#548,.T.);
#224=FACE_OUTER_BOUND('',#549,.T.);
#225=FACE_OUTER_BOUND('',#550,.T.);
#226=FACE_OUTER_BOUND('',#551,.T.);
#227=FACE_OUTER_BOUND('',#552,.T.);
#228=FACE_OUTER_BOUND('',#553,.T.);
#229=FACE_OUTER_BOUND('',#554,.T.);
#230=FACE_OUTER_BOUND('',#555,.T.);
#231=FACE_OUTER_BOUND('',#556,.T.);
#232=FACE_OUTER_BOUND('',#557,.T.);
#233=FACE_OUTER_BOUND('',#558,.T.);
#234=FACE_OUTER_BOUND('',#559,.T.);
#235=FACE_OUTER_BOUND('',#560,.T.);
#236=FACE_OUTER_BOUND('',#561,.T.);
#237=FACE_OUTER_BOUND('',#562,.T.);
#238=FACE_OUTER_BOUND('',#563,.T.);
#239=FACE_OUTER_BOUND('',#564,.T.);
#240=FACE_OUTER_BOUND('',#565,.T.);
#241=FACE_OUTER_BOUND('',#566,.T.);
#242=FACE_OUTER_BOUND('',#567,.T.);
#243=FACE_OUTER_BOUND('',#568,.T.);
#244=FACE_OUTER_BOUND('',#569,.T.);
#245=FACE_OUTER_BOUND('',#570,.T.);
#246=FACE_OUTER_BOUND('',#571,.T.);
#247=FACE_OUTER_BOUND('',#572,.T.);
#248=FACE_OUTER_BOUND('',#573,.T.);
#249=FACE_OUTER_BOUND('',#574,.T.);
#250=FACE_OUTER_BOUND('',#575,.T.);
#251=FACE_OUTER_BOUND('',#576,.T.);
#252=FACE_OUTER_BOUND('',#577,.T.);
#253=FACE_OUTER_BOUND('',#578,.T.);
#254=FACE_OUTER_BOUND('',#579,.T.);
#255=FACE_OUTER_BOUND('',#580,.T.);
#256=FACE_OUTER_BOUND('',#581,.T.);
#257=FACE_OUTER_BOUND('',#582,.T.);
#258=FACE_OUTER_BOUND('',#583,.T.);
#259=FACE_OUTER_BOUND('',#584,.T.);
#260=FACE_OUTER_BOUND('',#585,.T.);
#261=FACE_OUTER_BOUND('',#586,.T.);
#262=FACE_OUTER_BOUND('',#587,.T.);
#263=FACE_OUTER_BOUND('',#588,.T.);
#264=FACE_OUTER_BOUND('',#589,.T.);
#265=FACE_OUTER_BOUND('',#590,.T.);
#266=FACE_OUTER_BOUND('',#591,.T.);
#267=FACE_OUTER_BOUND('',#592,.T.);
#268=FACE_OUTER_BOUND('',#593,.T.);
#269=FACE_OUTER_BOUND('',#594,.T.);
#270=FACE_OUTER_BOUND('',#595,.T.);
#271=FACE_OUTER_BOUND('',#596,.T.);
#272=FACE_OUTER_BOUND('',#597,.T.);
#273=FACE_OUTER_BOUND('',#598,.T.);
#274=FACE_OUTER_BOUND('',#599,.T.);
#275=FACE_OUTER_BOUND('',#600,.T.);
#276=FACE_OUTER_BOUND('',#601,.T.);
#277=FACE_OUTER_BOUND('',#602,.T.);
#278=FACE_OUTER_BOUND('',#603,.T.);
#279=FACE_OUTER_BOUND('',#604,.T.);
#280=FACE_OUTER_BOUND('',#605,.T.);
#281=FACE_OUTER_BOUND('',#606,.T.);
#282=FACE_OUTER_BOUND('',#607,.T.);
#283=FACE_OUTER_BOUND('',#608,.T.);
#284=FACE_OUTER_BOUND('',#609,.T.);
#285=FACE_OUTER_BOUND('',#610,.T.);
#286=FACE_OUTER_BOUND('',#611,.T.);
#287=FACE_OUTER_BOUND('',#612,.T.);
#288=FACE_OUTER_BOUND('',#613,.T.);
#289=FACE_OUTER_BOUND('',#614,.T.);
#290=FACE_OUTER_BOUND('',#615,.T.);
#291=FACE_OUTER_BOUND('',#616,.T.);
#292=FACE_OUTER_BOUND('',#617,.T.);
#293=FACE_OUTER_BOUND('',#618,.T.);
#294=FACE_OUTER_BOUND('',#619,.T.);
#295=FACE_OUTER_BOUND('',#620,.T.);
#296=FACE_OUTER_BOUND('',#621,.T.);
#297=FACE_OUTER_BOUND('',#622,.T.);
#298=FACE_OUTER_BOUND('',#623,.T.);
#299=FACE_OUTER_BOUND('',#624,.T.);
#300=FACE_OUTER_BOUND('',#625,.T.);
#301=FACE_OUTER_BOUND('',#626,.T.);
#302=FACE_OUTER_BOUND('',#627,.T.);
#303=FACE_OUTER_BOUND('',#628,.T.);
#304=FACE_OUTER_BOUND('',#629,.T.);
#305=FACE_OUTER_BOUND('',#630,.T.);
#306=FACE_OUTER_BOUND('',#631,.T.);
#307=FACE_OUTER_BOUND('',#632,.T.);
#308=FACE_OUTER_BOUND('',#633,.T.);
#309=FACE_OUTER_BOUND('',#634,.T.);
#310=FACE_OUTER_BOUND('',#635,.T.);
#311=FACE_OUTER_BOUND('',#636,.T.);
#312=FACE_OUTER_BOUND('',#637,.T.);
#313=FACE_OUTER_BOUND('',#638,.T.);
#314=FACE_OUTER_BOUND('',#639,.T.);
#315=FACE_OUTER_BOUND('',#640,.T.);
#316=FACE_OUTER_BOUND('',#641,.T.);
#317=FACE_OUTER_BOUND('',#642,.T.);
#318=FACE_OUTER_BOUND('',#643,.T.);
#319=FACE_OUTER_BOUND('',#644,.T.);
#320=FACE_OUTER_BOUND('',#645,.T.);
#321=FACE_OUTER_BOUND('',#646,.T.);
#322=FACE_OUTER_BOUND('',#647,.T.);
#323=FACE_OUTER_BOUND('',#658,.T.);
#324=FACE_OUTER_BOUND('',#659,.T.);
#325=FACE_OUTER_BOUND('',#660,.T.);
#326=FACE_OUTER_BOUND('',#661,.T.);
#327=FACE_OUTER_BOUND('',#662,.T.);
#328=FACE_OUTER_BOUND('',#663,.T.);
#329=FACE_OUTER_BOUND('',#664,.T.);
#330=FACE_OUTER_BOUND('',#665,.T.);
#331=FACE_OUTER_BOUND('',#666,.T.);
#332=FACE_OUTER_BOUND('',#667,.T.);
#333=FACE_OUTER_BOUND('',#668,.T.);
#334=FACE_OUTER_BOUND('',#669,.T.);
#335=FACE_OUTER_BOUND('',#670,.T.);
#336=FACE_OUTER_BOUND('',#671,.T.);
#337=FACE_OUTER_BOUND('',#672,.T.);
#338=FACE_OUTER_BOUND('',#673,.T.);
#339=FACE_OUTER_BOUND('',#674,.T.);
#340=FACE_OUTER_BOUND('',#675,.T.);
#341=FACE_OUTER_BOUND('',#676,.T.);
#342=FACE_OUTER_BOUND('',#677,.T.);
#343=FACE_OUTER_BOUND('',#678,.T.);
#344=FACE_OUTER_BOUND('',#679,.T.);
#345=FACE_OUTER_BOUND('',#680,.T.);
#346=FACE_OUTER_BOUND('',#681,.T.);
#347=FACE_OUTER_BOUND('',#682,.T.);
#348=FACE_OUTER_BOUND('',#683,.T.);
#349=FACE_OUTER_BOUND('',#684,.T.);
#350=FACE_OUTER_BOUND('',#685,.T.);
#351=FACE_OUTER_BOUND('',#686,.T.);
#352=FACE_OUTER_BOUND('',#687,.T.);
#353=FACE_OUTER_BOUND('',#688,.T.);
#354=FACE_OUTER_BOUND('',#689,.T.);
#355=FACE_OUTER_BOUND('',#690,.T.);
#356=FACE_OUTER_BOUND('',#691,.T.);
#357=FACE_OUTER_BOUND('',#692,.T.);
#358=FACE_OUTER_BOUND('',#693,.T.);
#359=FACE_OUTER_BOUND('',#694,.T.);
#360=FACE_OUTER_BOUND('',#695,.T.);
#361=FACE_OUTER_BOUND('',#696,.T.);
#362=FACE_OUTER_BOUND('',#697,.T.);
#363=FACE_OUTER_BOUND('',#698,.T.);
#364=FACE_OUTER_BOUND('',#699,.T.);
#365=FACE_OUTER_BOUND('',#700,.T.);
#366=FACE_OUTER_BOUND('',#701,.T.);
#367=FACE_OUTER_BOUND('',#702,.T.);
#368=FACE_OUTER_BOUND('',#703,.T.);
#369=FACE_OUTER_BOUND('',#704,.T.);
#370=FACE_OUTER_BOUND('',#705,.T.);
#371=FACE_OUTER_BOUND('',#706,.T.);
#372=FACE_OUTER_BOUND('',#707,.T.);
#373=FACE_OUTER_BOUND('',#708,.T.);
#374=FACE_OUTER_BOUND('',#709,.T.);
#375=FACE_OUTER_BOUND('',#710,.T.);
#376=FACE_OUTER_BOUND('',#711,.T.);
#377=FACE_OUTER_BOUND('',#712,.T.);
#378=FACE_OUTER_BOUND('',#713,.T.);
#379=FACE_OUTER_BOUND('',#714,.T.);
#380=FACE_OUTER_BOUND('',#715,.T.);
#381=FACE_OUTER_BOUND('',#716,.T.);
#382=FACE_OUTER_BOUND('',#717,.T.);
#383=FACE_OUTER_BOUND('',#718,.T.);
#384=FACE_OUTER_BOUND('',#719,.T.);
#385=FACE_OUTER_BOUND('',#720,.T.);
#386=FACE_OUTER_BOUND('',#721,.T.);
#387=FACE_OUTER_BOUND('',#722,.T.);
#388=FACE_OUTER_BOUND('',#723,.T.);
#389=FACE_OUTER_BOUND('',#724,.T.);
#390=FACE_OUTER_BOUND('',#725,.T.);
#391=FACE_OUTER_BOUND('',#726,.T.);
#392=FACE_OUTER_BOUND('',#727,.T.);
#393=FACE_OUTER_BOUND('',#728,.T.);
#394=FACE_OUTER_BOUND('',#729,.T.);
#395=FACE_OUTER_BOUND('',#730,.T.);
#396=FACE_OUTER_BOUND('',#731,.T.);
#397=FACE_OUTER_BOUND('',#732,.T.);
#398=FACE_OUTER_BOUND('',#733,.T.);
#399=FACE_OUTER_BOUND('',#734,.T.);
#400=FACE_OUTER_BOUND('',#735,.T.);
#401=FACE_OUTER_BOUND('',#736,.T.);
#402=FACE_OUTER_BOUND('',#737,.T.);
#403=FACE_OUTER_BOUND('',#738,.T.);
#404=FACE_OUTER_BOUND('',#739,.T.);
#405=FACE_OUTER_BOUND('',#740,.T.);
#406=FACE_OUTER_BOUND('',#741,.T.);
#407=FACE_OUTER_BOUND('',#742,.T.);
#408=FACE_OUTER_BOUND('',#743,.T.);
#409=FACE_OUTER_BOUND('',#744,.T.);
#410=FACE_OUTER_BOUND('',#745,.T.);
#411=FACE_OUTER_BOUND('',#746,.T.);
#412=FACE_OUTER_BOUND('',#747,.T.);
#413=FACE_OUTER_BOUND('',#748,.T.);
#414=FACE_OUTER_BOUND('',#749,.T.);
#415=FACE_OUTER_BOUND('',#750,.T.);
#416=FACE_OUTER_BOUND('',#751,.T.);
#417=FACE_OUTER_BOUND('',#752,.T.);
#418=FACE_OUTER_BOUND('',#753,.T.);
#419=FACE_OUTER_BOUND('',#754,.T.);
#420=FACE_OUTER_BOUND('',#755,.T.);
#421=FACE_OUTER_BOUND('',#756,.T.);
#422=FACE_OUTER_BOUND('',#757,.T.);
#423=FACE_OUTER_BOUND('',#758,.T.);
#424=FACE_OUTER_BOUND('',#759,.T.);
#425=FACE_OUTER_BOUND('',#760,.T.);
#426=FACE_OUTER_BOUND('',#761,.T.);
#427=FACE_OUTER_BOUND('',#762,.T.);
#428=FACE_OUTER_BOUND('',#763,.T.);
#429=FACE_OUTER_BOUND('',#764,.T.);
#430=FACE_OUTER_BOUND('',#765,.T.);
#431=FACE_OUTER_BOUND('',#766,.T.);
#432=FACE_OUTER_BOUND('',#767,.T.);
#433=FACE_OUTER_BOUND('',#768,.T.);
#434=FACE_OUTER_BOUND('',#769,.T.);
#435=FACE_OUTER_BOUND('',#770,.T.);
#436=FACE_OUTER_BOUND('',#771,.T.);
#437=FACE_OUTER_BOUND('',#772,.T.);
#438=FACE_OUTER_BOUND('',#773,.T.);
#439=FACE_OUTER_BOUND('',#774,.T.);
#440=FACE_OUTER_BOUND('',#775,.T.);
#441=FACE_OUTER_BOUND('',#776,.T.);
#442=FACE_OUTER_BOUND('',#777,.T.);
#443=FACE_OUTER_BOUND('',#778,.T.);
#444=FACE_OUTER_BOUND('',#779,.T.);
#445=FACE_OUTER_BOUND('',#780,.T.);
#446=FACE_OUTER_BOUND('',#781,.T.);
#447=FACE_OUTER_BOUND('',#782,.T.);
#448=FACE_OUTER_BOUND('',#783,.T.);
#449=FACE_OUTER_BOUND('',#784,.T.);
#450=FACE_OUTER_BOUND('',#785,.T.);
#451=FACE_OUTER_BOUND('',#786,.T.);
#452=FACE_OUTER_BOUND('',#787,.T.);
#453=FACE_OUTER_BOUND('',#788,.T.);
#454=FACE_OUTER_BOUND('',#799,.T.);
#455=FACE_OUTER_BOUND('',#800,.T.);
#456=FACE_OUTER_BOUND('',#801,.T.);
#457=FACE_OUTER_BOUND('',#802,.T.);
#458=FACE_OUTER_BOUND('',#803,.T.);
#459=FACE_OUTER_BOUND('',#804,.T.);
#460=FACE_OUTER_BOUND('',#805,.T.);
#461=FACE_OUTER_BOUND('',#806,.T.);
#462=FACE_OUTER_BOUND('',#807,.T.);
#463=FACE_OUTER_BOUND('',#808,.T.);
#464=FACE_OUTER_BOUND('',#809,.T.);
#465=FACE_OUTER_BOUND('',#830,.T.);
#466=FACE_OUTER_BOUND('',#851,.T.);
#467=FACE_OUTER_BOUND('',#852,.T.);
#468=FACE_OUTER_BOUND('',#853,.T.);
#469=FACE_OUTER_BOUND('',#854,.T.);
#470=FACE_OUTER_BOUND('',#858,.T.);
#471=FACE_OUTER_BOUND('',#859,.T.);
#472=FACE_OUTER_BOUND('',#860,.T.);
#473=FACE_OUTER_BOUND('',#861,.T.);
#474=FACE_OUTER_BOUND('',#862,.T.);
#475=FACE_OUTER_BOUND('',#863,.T.);
#476=FACE_OUTER_BOUND('',#864,.T.);
#477=FACE_OUTER_BOUND('',#865,.T.);
#478=FACE_OUTER_BOUND('',#866,.T.);
#479=FACE_OUTER_BOUND('',#867,.T.);
#480=FACE_OUTER_BOUND('',#868,.T.);
#481=FACE_OUTER_BOUND('',#869,.T.);
#482=FACE_OUTER_BOUND('',#870,.T.);
#483=FACE_OUTER_BOUND('',#871,.T.);
#484=FACE_OUTER_BOUND('',#872,.T.);
#485=FACE_OUTER_BOUND('',#873,.T.);
#486=FACE_OUTER_BOUND('',#874,.T.);
#487=FACE_OUTER_BOUND('',#875,.T.);
#488=FACE_OUTER_BOUND('',#876,.T.);
#489=FACE_OUTER_BOUND('',#878,.T.);
#490=FACE_OUTER_BOUND('',#880,.T.);
#491=FACE_OUTER_BOUND('',#881,.T.);
#492=FACE_OUTER_BOUND('',#882,.T.);
#493=EDGE_LOOP('',(#4509,#4510,#4511));
#494=EDGE_LOOP('',(#4512,#4513,#4514));
#495=EDGE_LOOP('',(#4515,#4516,#4517,#4518));
#496=EDGE_LOOP('',(#4519,#4520,#4521,#4522,#4523,#4524,#4525,#4526,#4527,
#4528,#4529,#4530,#4531,#4532,#4533,#4534,#4535));
#497=EDGE_LOOP('',(#4536));
#498=EDGE_LOOP('',(#4537,#4538,#4539,#4540,#4541,#4542,#4543,#4544,#4545,
#4546));
#499=EDGE_LOOP('',(#4547,#4548,#4549,#4550));
#500=EDGE_LOOP('',(#4551,#4552,#4553));
#501=EDGE_LOOP('',(#4554,#4555,#4556,#4557,#4558,#4559,#4560,#4561));
#502=EDGE_LOOP('',(#4562,#4563,#4564,#4565,#4566,#4567));
#503=EDGE_LOOP('',(#4568,#4569,#4570,#4571,#4572,#4573,#4574,#4575,#4576,
#4577,#4578,#4579,#4580,#4581,#4582,#4583));
#504=EDGE_LOOP('',(#4584,#4585,#4586,#4587,#4588,#4589,#4590,#4591,#4592,
#4593,#4594,#4595,#4596));
#505=EDGE_LOOP('',(#4597,#4598,#4599,#4600));
#506=EDGE_LOOP('',(#4601,#4602,#4603,#4604));
#507=EDGE_LOOP('',(#4605,#4606,#4607,#4608));
#508=EDGE_LOOP('',(#4609,#4610,#4611,#4612));
#509=EDGE_LOOP('',(#4613,#4614,#4615,#4616));
#510=EDGE_LOOP('',(#4617,#4618,#4619,#4620));
#511=EDGE_LOOP('',(#4621,#4622,#4623,#4624));
#512=EDGE_LOOP('',(#4625,#4626,#4627,#4628));
#513=EDGE_LOOP('',(#4629,#4630,#4631,#4632));
#514=EDGE_LOOP('',(#4633,#4634,#4635,#4636));
#515=EDGE_LOOP('',(#4637,#4638,#4639,#4640));
#516=EDGE_LOOP('',(#4641,#4642,#4643,#4644));
#517=EDGE_LOOP('',(#4645,#4646,#4647,#4648));
#518=EDGE_LOOP('',(#4649,#4650,#4651,#4652));
#519=EDGE_LOOP('',(#4653,#4654,#4655,#4656));
#520=EDGE_LOOP('',(#4657,#4658,#4659,#4660));
#521=EDGE_LOOP('',(#4661,#4662,#4663,#4664));
#522=EDGE_LOOP('',(#4665,#4666,#4667,#4668));
#523=EDGE_LOOP('',(#4669,#4670,#4671,#4672));
#524=EDGE_LOOP('',(#4673,#4674,#4675,#4676));
#525=EDGE_LOOP('',(#4677,#4678,#4679,#4680));
#526=EDGE_LOOP('',(#4681,#4682,#4683,#4684));
#527=EDGE_LOOP('',(#4685,#4686,#4687,#4688));
#528=EDGE_LOOP('',(#4689,#4690,#4691,#4692));
#529=EDGE_LOOP('',(#4693,#4694,#4695,#4696));
#530=EDGE_LOOP('',(#4697,#4698,#4699,#4700));
#531=EDGE_LOOP('',(#4701,#4702,#4703,#4704));
#532=EDGE_LOOP('',(#4705,#4706,#4707,#4708));
#533=EDGE_LOOP('',(#4709,#4710,#4711,#4712));
#534=EDGE_LOOP('',(#4713,#4714,#4715,#4716,#4717));
#535=EDGE_LOOP('',(#4718,#4719,#4720,#4721));
#536=EDGE_LOOP('',(#4722,#4723,#4724,#4725));
#537=EDGE_LOOP('',(#4726,#4727,#4728,#4729));
#538=EDGE_LOOP('',(#4730,#4731,#4732,#4733));
#539=EDGE_LOOP('',(#4734,#4735,#4736,#4737));
#540=EDGE_LOOP('',(#4738,#4739,#4740,#4741));
#541=EDGE_LOOP('',(#4742,#4743,#4744,#4745,#4746,#4747,#4748));
#542=EDGE_LOOP('',(#4749,#4750,#4751,#4752));
#543=EDGE_LOOP('',(#4753,#4754,#4755,#4756,#4757,#4758));
#544=EDGE_LOOP('',(#4759,#4760,#4761,#4762));
#545=EDGE_LOOP('',(#4763,#4764,#4765,#4766));
#546=EDGE_LOOP('',(#4767,#4768,#4769,#4770));
#547=EDGE_LOOP('',(#4771,#4772,#4773,#4774,#4775,#4776));
#548=EDGE_LOOP('',(#4777,#4778,#4779,#4780));
#549=EDGE_LOOP('',(#4781,#4782,#4783,#4784));
#550=EDGE_LOOP('',(#4785,#4786,#4787,#4788,#4789,#4790));
#551=EDGE_LOOP('',(#4791,#4792,#4793,#4794));
#552=EDGE_LOOP('',(#4795,#4796,#4797,#4798));
#553=EDGE_LOOP('',(#4799,#4800,#4801,#4802));
#554=EDGE_LOOP('',(#4803,#4804,#4805,#4806,#4807,#4808));
#555=EDGE_LOOP('',(#4809,#4810,#4811,#4812));
#556=EDGE_LOOP('',(#4813,#4814,#4815,#4816));
#557=EDGE_LOOP('',(#4817,#4818,#4819,#4820,#4821,#4822));
#558=EDGE_LOOP('',(#4823,#4824,#4825,#4826));
#559=EDGE_LOOP('',(#4827,#4828,#4829,#4830));
#560=EDGE_LOOP('',(#4831,#4832,#4833,#4834));
#561=EDGE_LOOP('',(#4835,#4836,#4837,#4838,#4839,#4840));
#562=EDGE_LOOP('',(#4841,#4842,#4843,#4844));
#563=EDGE_LOOP('',(#4845,#4846,#4847,#4848));
#564=EDGE_LOOP('',(#4849,#4850,#4851,#4852,#4853,#4854));
#565=EDGE_LOOP('',(#4855,#4856,#4857,#4858));
#566=EDGE_LOOP('',(#4859,#4860,#4861,#4862));
#567=EDGE_LOOP('',(#4863,#4864,#4865,#4866));
#568=EDGE_LOOP('',(#4867,#4868,#4869,#4870,#4871,#4872));
#569=EDGE_LOOP('',(#4873,#4874,#4875,#4876));
#570=EDGE_LOOP('',(#4877,#4878,#4879,#4880));
#571=EDGE_LOOP('',(#4881,#4882,#4883,#4884,#4885,#4886));
#572=EDGE_LOOP('',(#4887,#4888,#4889,#4890));
#573=EDGE_LOOP('',(#4891,#4892,#4893,#4894));
#574=EDGE_LOOP('',(#4895,#4896,#4897,#4898));
#575=EDGE_LOOP('',(#4899,#4900,#4901,#4902,#4903,#4904));
#576=EDGE_LOOP('',(#4905,#4906,#4907,#4908));
#577=EDGE_LOOP('',(#4909,#4910,#4911,#4912));
#578=EDGE_LOOP('',(#4913,#4914,#4915,#4916,#4917,#4918));
#579=EDGE_LOOP('',(#4919,#4920,#4921,#4922));
#580=EDGE_LOOP('',(#4923,#4924,#4925,#4926));
#581=EDGE_LOOP('',(#4927,#4928,#4929,#4930));
#582=EDGE_LOOP('',(#4931,#4932,#4933,#4934,#4935,#4936));
#583=EDGE_LOOP('',(#4937,#4938,#4939,#4940));
#584=EDGE_LOOP('',(#4941,#4942,#4943,#4944));
#585=EDGE_LOOP('',(#4945,#4946,#4947,#4948,#4949,#4950));
#586=EDGE_LOOP('',(#4951,#4952,#4953,#4954));
#587=EDGE_LOOP('',(#4955,#4956,#4957,#4958));
#588=EDGE_LOOP('',(#4959,#4960,#4961,#4962));
#589=EDGE_LOOP('',(#4963,#4964,#4965,#4966,#4967,#4968));
#590=EDGE_LOOP('',(#4969,#4970,#4971,#4972));
#591=EDGE_LOOP('',(#4973,#4974,#4975,#4976));
#592=EDGE_LOOP('',(#4977,#4978,#4979,#4980,#4981,#4982));
#593=EDGE_LOOP('',(#4983,#4984,#4985,#4986));
#594=EDGE_LOOP('',(#4987,#4988,#4989,#4990));
#595=EDGE_LOOP('',(#4991,#4992,#4993,#4994));
#596=EDGE_LOOP('',(#4995,#4996,#4997,#4998,#4999,#5000));
#597=EDGE_LOOP('',(#5001,#5002,#5003,#5004));
#598=EDGE_LOOP('',(#5005,#5006,#5007,#5008));
#599=EDGE_LOOP('',(#5009,#5010,#5011,#5012,#5013,#5014));
#600=EDGE_LOOP('',(#5015,#5016,#5017,#5018));
#601=EDGE_LOOP('',(#5019,#5020,#5021,#5022));
#602=EDGE_LOOP('',(#5023,#5024,#5025,#5026));
#603=EDGE_LOOP('',(#5027,#5028,#5029,#5030,#5031,#5032));
#604=EDGE_LOOP('',(#5033,#5034,#5035,#5036));
#605=EDGE_LOOP('',(#5037,#5038,#5039,#5040,#5041,#5042,#5043));
#606=EDGE_LOOP('',(#5044,#5045,#5046,#5047,#5048));
#607=EDGE_LOOP('',(#5049,#5050,#5051,#5052));
#608=EDGE_LOOP('',(#5053,#5054,#5055,#5056,#5057,#5058,#5059));
#609=EDGE_LOOP('',(#5060,#5061,#5062,#5063));
#610=EDGE_LOOP('',(#5064,#5065,#5066,#5067));
#611=EDGE_LOOP('',(#5068,#5069,#5070,#5071));
#612=EDGE_LOOP('',(#5072,#5073,#5074,#5075,#5076,#5077));
#613=EDGE_LOOP('',(#5078,#5079,#5080,#5081));
#614=EDGE_LOOP('',(#5082,#5083,#5084,#5085));
#615=EDGE_LOOP('',(#5086,#5087,#5088,#5089));
#616=EDGE_LOOP('',(#5090,#5091,#5092,#5093));
#617=EDGE_LOOP('',(#5094,#5095,#5096,#5097));
#618=EDGE_LOOP('',(#5098,#5099,#5100,#5101));
#619=EDGE_LOOP('',(#5102,#5103,#5104,#5105));
#620=EDGE_LOOP('',(#5106,#5107,#5108,#5109));
#621=EDGE_LOOP('',(#5110,#5111,#5112,#5113));
#622=EDGE_LOOP('',(#5114,#5115,#5116,#5117));
#623=EDGE_LOOP('',(#5118,#5119,#5120,#5121));
#624=EDGE_LOOP('',(#5122,#5123,#5124,#5125));
#625=EDGE_LOOP('',(#5126,#5127,#5128,#5129));
#626=EDGE_LOOP('',(#5130,#5131,#5132,#5133));
#627=EDGE_LOOP('',(#5134,#5135,#5136,#5137));
#628=EDGE_LOOP('',(#5138,#5139,#5140,#5141));
#629=EDGE_LOOP('',(#5142,#5143,#5144,#5145));
#630=EDGE_LOOP('',(#5146,#5147,#5148,#5149));
#631=EDGE_LOOP('',(#5150,#5151,#5152,#5153));
#632=EDGE_LOOP('',(#5154,#5155,#5156,#5157));
#633=EDGE_LOOP('',(#5158,#5159,#5160,#5161));
#634=EDGE_LOOP('',(#5162,#5163,#5164,#5165));
#635=EDGE_LOOP('',(#5166,#5167,#5168,#5169));
#636=EDGE_LOOP('',(#5170,#5171,#5172,#5173));
#637=EDGE_LOOP('',(#5174,#5175,#5176,#5177));
#638=EDGE_LOOP('',(#5178,#5179,#5180,#5181));
#639=EDGE_LOOP('',(#5182,#5183,#5184,#5185));
#640=EDGE_LOOP('',(#5186,#5187,#5188,#5189));
#641=EDGE_LOOP('',(#5190,#5191,#5192,#5193));
#642=EDGE_LOOP('',(#5194,#5195,#5196,#5197));
#643=EDGE_LOOP('',(#5198,#5199,#5200,#5201,#5202,#5203,#5204,#5205));
#644=EDGE_LOOP('',(#5206,#5207,#5208,#5209,#5210,#5211,#5212,#5213,#5214,
#5215));
#645=EDGE_LOOP('',(#5216,#5217,#5218,#5219,#5220,#5221,#5222,#5223,#5224,
#5225,#5226,#5227,#5228,#5229,#5230,#5231,#5232,#5233,#5234,#5235,#5236,
#5237,#5238,#5239,#5240,#5241,#5242,#5243,#5244,#5245,#5246,#5247,#5248,
#5249,#5250,#5251,#5252,#5253,#5254,#5255,#5256,#5257,#5258,#5259,#5260,
#5261,#5262,#5263,#5264,#5265,#5266,#5267,#5268,#5269,#5270,#5271,#5272,
#5273,#5274,#5275,#5276,#5277,#5278,#5279,#5280,#5281,#5282,#5283,#5284,
#5285,#5286,#5287,#5288,#5289,#5290,#5291,#5292,#5293,#5294,#5295,#5296,
#5297,#5298,#5299,#5300,#5301,#5302,#5303,#5304,#5305,#5306,#5307));
#646=EDGE_LOOP('',(#5308,#5309,#5310,#5311,#5312,#5313,#5314,#5315,#5316,
#5317,#5318,#5319));
#647=EDGE_LOOP('',(#5320,#5321,#5322,#5323,#5324,#5325,#5326,#5327,#5328,
#5329,#5330,#5331,#5332,#5333,#5334,#5335,#5336,#5337,#5338,#5339,#5340,
#5341,#5342,#5343,#5344,#5345,#5346,#5347,#5348,#5349,#5350,#5351,#5352,
#5353,#5354,#5355,#5356,#5357,#5358,#5359,#5360,#5361,#5362,#5363,#5364,
#5365,#5366,#5367,#5368,#5369,#5370,#5371,#5372,#5373,#5374,#5375,#5376,
#5377,#5378,#5379,#5380,#5381,#5382,#5383,#5384));
#648=EDGE_LOOP('',(#5385,#5386,#5387,#5388,#5389,#5390));
#649=EDGE_LOOP('',(#5391,#5392,#5393,#5394,#5395,#5396));
#650=EDGE_LOOP('',(#5397,#5398,#5399,#5400,#5401,#5402));
#651=EDGE_LOOP('',(#5403,#5404,#5405,#5406,#5407,#5408));
#652=EDGE_LOOP('',(#5409,#5410,#5411,#5412,#5413,#5414));
#653=EDGE_LOOP('',(#5415,#5416,#5417,#5418,#5419,#5420));
#654=EDGE_LOOP('',(#5421,#5422,#5423,#5424,#5425,#5426));
#655=EDGE_LOOP('',(#5427,#5428,#5429,#5430,#5431,#5432));
#656=EDGE_LOOP('',(#5433,#5434,#5435,#5436,#5437,#5438));
#657=EDGE_LOOP('',(#5439,#5440,#5441,#5442,#5443,#5444));
#658=EDGE_LOOP('',(#5445,#5446,#5447,#5448));
#659=EDGE_LOOP('',(#5449,#5450,#5451,#5452));
#660=EDGE_LOOP('',(#5453,#5454,#5455,#5456));
#661=EDGE_LOOP('',(#5457,#5458,#5459,#5460));
#662=EDGE_LOOP('',(#5461,#5462,#5463,#5464));
#663=EDGE_LOOP('',(#5465,#5466,#5467,#5468));
#664=EDGE_LOOP('',(#5469,#5470,#5471,#5472));
#665=EDGE_LOOP('',(#5473,#5474,#5475,#5476));
#666=EDGE_LOOP('',(#5477,#5478,#5479,#5480));
#667=EDGE_LOOP('',(#5481,#5482,#5483,#5484));
#668=EDGE_LOOP('',(#5485,#5486,#5487,#5488));
#669=EDGE_LOOP('',(#5489,#5490,#5491,#5492));
#670=EDGE_LOOP('',(#5493,#5494,#5495,#5496));
#671=EDGE_LOOP('',(#5497,#5498,#5499,#5500));
#672=EDGE_LOOP('',(#5501,#5502,#5503,#5504));
#673=EDGE_LOOP('',(#5505,#5506,#5507,#5508));
#674=EDGE_LOOP('',(#5509,#5510,#5511,#5512));
#675=EDGE_LOOP('',(#5513,#5514,#5515,#5516));
#676=EDGE_LOOP('',(#5517,#5518,#5519,#5520));
#677=EDGE_LOOP('',(#5521,#5522,#5523,#5524));
#678=EDGE_LOOP('',(#5525,#5526,#5527,#5528));
#679=EDGE_LOOP('',(#5529,#5530,#5531,#5532));
#680=EDGE_LOOP('',(#5533,#5534,#5535,#5536));
#681=EDGE_LOOP('',(#5537,#5538,#5539,#5540));
#682=EDGE_LOOP('',(#5541,#5542,#5543,#5544,#5545,#5546));
#683=EDGE_LOOP('',(#5547,#5548,#5549,#5550));
#684=EDGE_LOOP('',(#5551,#5552,#5553,#5554,#5555,#5556));
#685=EDGE_LOOP('',(#5557,#5558,#5559,#5560));
#686=EDGE_LOOP('',(#5561,#5562,#5563,#5564));
#687=EDGE_LOOP('',(#5565,#5566,#5567,#5568));
#688=EDGE_LOOP('',(#5569,#5570,#5571,#5572));
#689=EDGE_LOOP('',(#5573,#5574,#5575,#5576,#5577,#5578));
#690=EDGE_LOOP('',(#5579,#5580,#5581,#5582));
#691=EDGE_LOOP('',(#5583,#5584,#5585,#5586,#5587,#5588));
#692=EDGE_LOOP('',(#5589,#5590,#5591,#5592));
#693=EDGE_LOOP('',(#5593,#5594,#5595,#5596));
#694=EDGE_LOOP('',(#5597,#5598,#5599,#5600));
#695=EDGE_LOOP('',(#5601,#5602,#5603,#5604));
#696=EDGE_LOOP('',(#5605,#5606,#5607,#5608));
#697=EDGE_LOOP('',(#5609,#5610,#5611,#5612));
#698=EDGE_LOOP('',(#5613,#5614,#5615,#5616));
#699=EDGE_LOOP('',(#5617,#5618,#5619,#5620));
#700=EDGE_LOOP('',(#5621,#5622,#5623,#5624));
#701=EDGE_LOOP('',(#5625,#5626,#5627,#5628));
#702=EDGE_LOOP('',(#5629,#5630,#5631,#5632,#5633,#5634));
#703=EDGE_LOOP('',(#5635,#5636,#5637,#5638));
#704=EDGE_LOOP('',(#5639,#5640,#5641,#5642,#5643,#5644));
#705=EDGE_LOOP('',(#5645,#5646,#5647,#5648));
#706=EDGE_LOOP('',(#5649,#5650,#5651,#5652));
#707=EDGE_LOOP('',(#5653,#5654,#5655,#5656));
#708=EDGE_LOOP('',(#5657,#5658,#5659,#5660));
#709=EDGE_LOOP('',(#5661,#5662,#5663,#5664,#5665,#5666));
#710=EDGE_LOOP('',(#5667,#5668,#5669,#5670));
#711=EDGE_LOOP('',(#5671,#5672,#5673,#5674,#5675,#5676));
#712=EDGE_LOOP('',(#5677,#5678,#5679,#5680));
#713=EDGE_LOOP('',(#5681,#5682,#5683,#5684));
#714=EDGE_LOOP('',(#5685,#5686,#5687,#5688));
#715=EDGE_LOOP('',(#5689,#5690,#5691,#5692));
#716=EDGE_LOOP('',(#5693,#5694,#5695,#5696,#5697,#5698));
#717=EDGE_LOOP('',(#5699,#5700,#5701,#5702));
#718=EDGE_LOOP('',(#5703,#5704,#5705,#5706,#5707,#5708));
#719=EDGE_LOOP('',(#5709,#5710,#5711,#5712));
#720=EDGE_LOOP('',(#5713,#5714,#5715,#5716));
#721=EDGE_LOOP('',(#5717,#5718,#5719,#5720));
#722=EDGE_LOOP('',(#5721,#5722,#5723,#5724));
#723=EDGE_LOOP('',(#5725,#5726,#5727,#5728,#5729,#5730));
#724=EDGE_LOOP('',(#5731,#5732,#5733,#5734));
#725=EDGE_LOOP('',(#5735,#5736,#5737,#5738,#5739,#5740));
#726=EDGE_LOOP('',(#5741,#5742,#5743,#5744));
#727=EDGE_LOOP('',(#5745,#5746,#5747,#5748));
#728=EDGE_LOOP('',(#5749,#5750,#5751,#5752));
#729=EDGE_LOOP('',(#5753,#5754,#5755,#5756));
#730=EDGE_LOOP('',(#5757,#5758,#5759,#5760,#5761,#5762));
#731=EDGE_LOOP('',(#5763,#5764,#5765,#5766));
#732=EDGE_LOOP('',(#5767,#5768,#5769,#5770,#5771,#5772));
#733=EDGE_LOOP('',(#5773,#5774,#5775,#5776));
#734=EDGE_LOOP('',(#5777,#5778,#5779,#5780));
#735=EDGE_LOOP('',(#5781,#5782,#5783,#5784));
#736=EDGE_LOOP('',(#5785,#5786,#5787,#5788));
#737=EDGE_LOOP('',(#5789,#5790,#5791,#5792,#5793,#5794));
#738=EDGE_LOOP('',(#5795,#5796,#5797,#5798));
#739=EDGE_LOOP('',(#5799,#5800,#5801,#5802,#5803,#5804));
#740=EDGE_LOOP('',(#5805,#5806,#5807,#5808));
#741=EDGE_LOOP('',(#5809,#5810,#5811,#5812));
#742=EDGE_LOOP('',(#5813,#5814,#5815,#5816));
#743=EDGE_LOOP('',(#5817,#5818,#5819,#5820));
#744=EDGE_LOOP('',(#5821,#5822,#5823,#5824));
#745=EDGE_LOOP('',(#5825,#5826,#5827,#5828));
#746=EDGE_LOOP('',(#5829,#5830,#5831,#5832));
#747=EDGE_LOOP('',(#5833,#5834,#5835,#5836));
#748=EDGE_LOOP('',(#5837,#5838,#5839,#5840));
#749=EDGE_LOOP('',(#5841,#5842,#5843,#5844));
#750=EDGE_LOOP('',(#5845,#5846,#5847,#5848,#5849,#5850));
#751=EDGE_LOOP('',(#5851,#5852,#5853,#5854));
#752=EDGE_LOOP('',(#5855,#5856,#5857,#5858,#5859,#5860));
#753=EDGE_LOOP('',(#5861,#5862,#5863,#5864));
#754=EDGE_LOOP('',(#5865,#5866,#5867,#5868));
#755=EDGE_LOOP('',(#5869,#5870,#5871,#5872));
#756=EDGE_LOOP('',(#5873,#5874,#5875,#5876));
#757=EDGE_LOOP('',(#5877,#5878,#5879,#5880));
#758=EDGE_LOOP('',(#5881,#5882,#5883,#5884));
#759=EDGE_LOOP('',(#5885,#5886,#5887,#5888));
#760=EDGE_LOOP('',(#5889,#5890,#5891,#5892));
#761=EDGE_LOOP('',(#5893,#5894,#5895,#5896));
#762=EDGE_LOOP('',(#5897,#5898,#5899,#5900));
#763=EDGE_LOOP('',(#5901,#5902,#5903,#5904,#5905,#5906));
#764=EDGE_LOOP('',(#5907,#5908,#5909,#5910));
#765=EDGE_LOOP('',(#5911,#5912,#5913,#5914,#5915,#5916));
#766=EDGE_LOOP('',(#5917,#5918,#5919,#5920));
#767=EDGE_LOOP('',(#5921,#5922,#5923,#5924));
#768=EDGE_LOOP('',(#5925,#5926,#5927,#5928));
#769=EDGE_LOOP('',(#5929,#5930,#5931,#5932));
#770=EDGE_LOOP('',(#5933,#5934,#5935,#5936));
#771=EDGE_LOOP('',(#5937,#5938,#5939,#5940));
#772=EDGE_LOOP('',(#5941,#5942,#5943,#5944));
#773=EDGE_LOOP('',(#5945,#5946,#5947,#5948));
#774=EDGE_LOOP('',(#5949,#5950,#5951,#5952));
#775=EDGE_LOOP('',(#5953,#5954,#5955,#5956));
#776=EDGE_LOOP('',(#5957,#5958,#5959,#5960));
#777=EDGE_LOOP('',(#5961,#5962,#5963,#5964));
#778=EDGE_LOOP('',(#5965,#5966,#5967,#5968));
#779=EDGE_LOOP('',(#5969,#5970,#5971,#5972));
#780=EDGE_LOOP('',(#5973,#5974,#5975,#5976));
#781=EDGE_LOOP('',(#5977,#5978,#5979,#5980));
#782=EDGE_LOOP('',(#5981,#5982,#5983,#5984));
#783=EDGE_LOOP('',(#5985,#5986,#5987,#5988));
#784=EDGE_LOOP('',(#5989,#5990,#5991,#5992));
#785=EDGE_LOOP('',(#5993,#5994,#5995,#5996));
#786=EDGE_LOOP('',(#5997,#5998,#5999,#6000));
#787=EDGE_LOOP('',(#6001,#6002,#6003,#6004));
#788=EDGE_LOOP('',(#6005,#6006,#6007,#6008,#6009,#6010,#6011,#6012,#6013,
#6014,#6015,#6016,#6017,#6018,#6019,#6020,#6021,#6022,#6023,#6024,#6025,
#6026,#6027,#6028,#6029,#6030,#6031,#6032,#6033,#6034,#6035,#6036,#6037,
#6038,#6039,#6040,#6041,#6042,#6043,#6044,#6045,#6046,#6047,#6048,#6049,
#6050,#6051,#6052,#6053,#6054,#6055,#6056,#6057,#6058,#6059,#6060,#6061,
#6062,#6063,#6064,#6065,#6066,#6067,#6068));
#789=EDGE_LOOP('',(#6069,#6070,#6071,#6072,#6073,#6074));
#790=EDGE_LOOP('',(#6075,#6076,#6077,#6078,#6079,#6080));
#791=EDGE_LOOP('',(#6081,#6082,#6083,#6084,#6085,#6086));
#792=EDGE_LOOP('',(#6087,#6088,#6089,#6090,#6091,#6092));
#793=EDGE_LOOP('',(#6093,#6094,#6095,#6096,#6097,#6098));
#794=EDGE_LOOP('',(#6099,#6100,#6101,#6102,#6103,#6104));
#795=EDGE_LOOP('',(#6105,#6106,#6107,#6108,#6109,#6110));
#796=EDGE_LOOP('',(#6111,#6112,#6113,#6114,#6115,#6116));
#797=EDGE_LOOP('',(#6117,#6118,#6119,#6120,#6121,#6122));
#798=EDGE_LOOP('',(#6123,#6124,#6125,#6126,#6127,#6128));
#799=EDGE_LOOP('',(#6129,#6130,#6131,#6132));
#800=EDGE_LOOP('',(#6133,#6134,#6135,#6136));
#801=EDGE_LOOP('',(#6137,#6138,#6139,#6140,#6141,#6142));
#802=EDGE_LOOP('',(#6143,#6144,#6145,#6146,#6147));
#803=EDGE_LOOP('',(#6148,#6149,#6150,#6151));
#804=EDGE_LOOP('',(#6152,#6153,#6154,#6155,#6156,#6157,#6158,#6159,#6160,
#6161,#6162));
#805=EDGE_LOOP('',(#6163,#6164,#6165,#6166));
#806=EDGE_LOOP('',(#6167,#6168,#6169,#6170,#6171,#6172,#6173));
#807=EDGE_LOOP('',(#6174,#6175,#6176,#6177));
#808=EDGE_LOOP('',(#6178,#6179,#6180,#6181,#6182,#6183));
#809=EDGE_LOOP('',(#6184,#6185,#6186,#6187));
#810=EDGE_LOOP('',(#6188,#6189,#6190,#6191,#6192,#6193));
#811=EDGE_LOOP('',(#6194,#6195,#6196,#6197,#6198,#6199));
#812=EDGE_LOOP('',(#6200,#6201,#6202,#6203,#6204,#6205));
#813=EDGE_LOOP('',(#6206,#6207,#6208,#6209,#6210,#6211));
#814=EDGE_LOOP('',(#6212,#6213,#6214,#6215,#6216,#6217));
#815=EDGE_LOOP('',(#6218,#6219,#6220,#6221,#6222,#6223));
#816=EDGE_LOOP('',(#6224,#6225,#6226,#6227,#6228,#6229));
#817=EDGE_LOOP('',(#6230,#6231,#6232,#6233,#6234,#6235));
#818=EDGE_LOOP('',(#6236,#6237,#6238,#6239,#6240,#6241));
#819=EDGE_LOOP('',(#6242,#6243,#6244,#6245,#6246,#6247));
#820=EDGE_LOOP('',(#6248,#6249,#6250,#6251,#6252,#6253));
#821=EDGE_LOOP('',(#6254,#6255,#6256,#6257,#6258,#6259));
#822=EDGE_LOOP('',(#6260,#6261,#6262,#6263,#6264,#6265));
#823=EDGE_LOOP('',(#6266,#6267,#6268,#6269,#6270,#6271));
#824=EDGE_LOOP('',(#6272,#6273,#6274,#6275,#6276,#6277));
#825=EDGE_LOOP('',(#6278,#6279,#6280,#6281,#6282,#6283));
#826=EDGE_LOOP('',(#6284,#6285,#6286,#6287,#6288,#6289));
#827=EDGE_LOOP('',(#6290,#6291,#6292,#6293,#6294,#6295));
#828=EDGE_LOOP('',(#6296,#6297,#6298,#6299,#6300,#6301));
#829=EDGE_LOOP('',(#6302,#6303,#6304,#6305,#6306,#6307));
#830=EDGE_LOOP('',(#6308,#6309,#6310,#6311));
#831=EDGE_LOOP('',(#6312,#6313,#6314,#6315,#6316,#6317));
#832=EDGE_LOOP('',(#6318,#6319,#6320,#6321,#6322,#6323));
#833=EDGE_LOOP('',(#6324,#6325,#6326,#6327,#6328,#6329));
#834=EDGE_LOOP('',(#6330,#6331,#6332,#6333,#6334,#6335));
#835=EDGE_LOOP('',(#6336,#6337,#6338,#6339,#6340,#6341));
#836=EDGE_LOOP('',(#6342,#6343,#6344,#6345,#6346,#6347));
#837=EDGE_LOOP('',(#6348,#6349,#6350,#6351,#6352,#6353));
#838=EDGE_LOOP('',(#6354,#6355,#6356,#6357,#6358,#6359));
#839=EDGE_LOOP('',(#6360,#6361,#6362,#6363,#6364,#6365));
#840=EDGE_LOOP('',(#6366,#6367,#6368,#6369,#6370,#6371));
#841=EDGE_LOOP('',(#6372,#6373,#6374,#6375,#6376,#6377));
#842=EDGE_LOOP('',(#6378,#6379,#6380,#6381,#6382,#6383));
#843=EDGE_LOOP('',(#6384,#6385,#6386,#6387,#6388,#6389));
#844=EDGE_LOOP('',(#6390,#6391,#6392,#6393,#6394,#6395));
#845=EDGE_LOOP('',(#6396,#6397,#6398,#6399,#6400,#6401));
#846=EDGE_LOOP('',(#6402,#6403,#6404,#6405,#6406,#6407));
#847=EDGE_LOOP('',(#6408,#6409,#6410,#6411,#6412,#6413));
#848=EDGE_LOOP('',(#6414,#6415,#6416,#6417,#6418,#6419));
#849=EDGE_LOOP('',(#6420,#6421,#6422,#6423,#6424,#6425));
#850=EDGE_LOOP('',(#6426,#6427,#6428,#6429,#6430,#6431));
#851=EDGE_LOOP('',(#6432,#6433,#6434,#6435));
#852=EDGE_LOOP('',(#6436,#6437,#6438,#6439));
#853=EDGE_LOOP('',(#6440,#6441,#6442,#6443));
#854=EDGE_LOOP('',(#6444,#6445,#6446,#6447,#6448,#6449,#6450,#6451,#6452,
#6453,#6454,#6455,#6456,#6457));
#855=EDGE_LOOP('',(#6458,#6459,#6460,#6461));
#856=EDGE_LOOP('',(#6462));
#857=EDGE_LOOP('',(#6463));
#858=EDGE_LOOP('',(#6464,#6465,#6466,#6467));
#859=EDGE_LOOP('',(#6468,#6469,#6470,#6471,#6472,#6473));
#860=EDGE_LOOP('',(#6474,#6475,#6476,#6477));
#861=EDGE_LOOP('',(#6478,#6479,#6480,#6481));
#862=EDGE_LOOP('',(#6482,#6483,#6484,#6485,#6486));
#863=EDGE_LOOP('',(#6487,#6488,#6489,#6490,#6491));
#864=EDGE_LOOP('',(#6492,#6493,#6494,#6495,#6496,#6497));
#865=EDGE_LOOP('',(#6498,#6499,#6500,#6501,#6502));
#866=EDGE_LOOP('',(#6503,#6504,#6505,#6506,#6507,#6508));
#867=EDGE_LOOP('',(#6509,#6510,#6511,#6512));
#868=EDGE_LOOP('',(#6513,#6514,#6515));
#869=EDGE_LOOP('',(#6516,#6517,#6518,#6519,#6520));
#870=EDGE_LOOP('',(#6521,#6522,#6523,#6524,#6525));
#871=EDGE_LOOP('',(#6526,#6527,#6528,#6529,#6530));
#872=EDGE_LOOP('',(#6531,#6532,#6533,#6534,#6535));
#873=EDGE_LOOP('',(#6536,#6537,#6538,#6539,#6540));
#874=EDGE_LOOP('',(#6541,#6542,#6543,#6544));
#875=EDGE_LOOP('',(#6545,#6546,#6547,#6548));
#876=EDGE_LOOP('',(#6549));
#877=EDGE_LOOP('',(#6550));
#878=EDGE_LOOP('',(#6551));
#879=EDGE_LOOP('',(#6552));
#880=EDGE_LOOP('',(#6553,#6554,#6555,#6556));
#881=EDGE_LOOP('',(#6557,#6558,#6559,#6560));
#882=EDGE_LOOP('',(#6561,#6562,#6563,#6564,#6565,#6566,#6567,#6568));
#883=LINE('',#9313,#1827);
#884=LINE('',#9314,#1828);
#885=LINE('',#9320,#1829);
#886=LINE('',#9343,#1830);
#887=LINE('',#9345,#1831);
#888=LINE('',#9349,#1832);
#889=LINE('',#9353,#1833);
#890=LINE('',#9357,#1834);
#891=LINE('',#9361,#1835);
#892=LINE('',#9365,#1836);
#893=LINE('',#9367,#1837);
#894=LINE('',#9369,#1838);
#895=LINE('',#9371,#1839);
#896=LINE('',#9372,#1840);
#897=LINE('',#9377,#1841);
#898=LINE('',#9381,#1842);
#899=LINE('',#9383,#1843);
#900=LINE('',#9385,#1844);
#901=LINE('',#9387,#1845);
#902=LINE('',#9390,#1846);
#903=LINE('',#9394,#1847);
#904=LINE('',#9396,#1848);
#905=LINE('',#9398,#1849);
#906=LINE('',#9403,#1850);
#907=LINE('',#9466,#1851);
#908=LINE('',#9468,#1852);
#909=LINE('',#9470,#1853);
#910=LINE('',#9471,#1854);
#911=LINE('',#9473,#1855);
#912=LINE('',#9482,#1856);
#913=LINE('',#9483,#1857);
#914=LINE('',#9485,#1858);
#915=LINE('',#9487,#1859);
#916=LINE('',#9489,#1860);
#917=LINE('',#9491,#1861);
#918=LINE('',#9493,#1862);
#919=LINE('',#9494,#1863);
#920=LINE('',#9497,#1864);
#921=LINE('',#9509,#1865);
#922=LINE('',#9511,#1866);
#923=LINE('',#9513,#1867);
#924=LINE('',#9514,#1868);
#925=LINE('',#9518,#1869);
#926=LINE('',#9519,#1870);
#927=LINE('',#9520,#1871);
#928=LINE('',#9524,#1872);
#929=LINE('',#9526,#1873);
#930=LINE('',#9528,#1874);
#931=LINE('',#9529,#1875);
#932=LINE('',#9532,#1876);
#933=LINE('',#9534,#1877);
#934=LINE('',#9535,#1878);
#935=LINE('',#9538,#1879);
#936=LINE('',#9540,#1880);
#937=LINE('',#9541,#1881);
#938=LINE('',#9544,#1882);
#939=LINE('',#9546,#1883);
#940=LINE('',#9547,#1884);
#941=LINE('',#9550,#1885);
#942=LINE('',#9552,#1886);
#943=LINE('',#9553,#1887);
#944=LINE('',#9555,#1888);
#945=LINE('',#9556,#1889);
#946=LINE('',#9560,#1890);
#947=LINE('',#9562,#1891);
#948=LINE('',#9564,#1892);
#949=LINE('',#9565,#1893);
#950=LINE('',#9568,#1894);
#951=LINE('',#9570,#1895);
#952=LINE('',#9571,#1896);
#953=LINE('',#9574,#1897);
#954=LINE('',#9576,#1898);
#955=LINE('',#9577,#1899);
#956=LINE('',#9580,#1900);
#957=LINE('',#9582,#1901);
#958=LINE('',#9583,#1902);
#959=LINE('',#9586,#1903);
#960=LINE('',#9588,#1904);
#961=LINE('',#9589,#1905);
#962=LINE('',#9591,#1906);
#963=LINE('',#9592,#1907);
#964=LINE('',#9596,#1908);
#965=LINE('',#9598,#1909);
#966=LINE('',#9600,#1910);
#967=LINE('',#9601,#1911);
#968=LINE('',#9604,#1912);
#969=LINE('',#9606,#1913);
#970=LINE('',#9607,#1914);
#971=LINE('',#9610,#1915);
#972=LINE('',#9612,#1916);
#973=LINE('',#9613,#1917);
#974=LINE('',#9616,#1918);
#975=LINE('',#9618,#1919);
#976=LINE('',#9619,#1920);
#977=LINE('',#9622,#1921);
#978=LINE('',#9624,#1922);
#979=LINE('',#9625,#1923);
#980=LINE('',#9627,#1924);
#981=LINE('',#9628,#1925);
#982=LINE('',#9632,#1926);
#983=LINE('',#9634,#1927);
#984=LINE('',#9636,#1928);
#985=LINE('',#9637,#1929);
#986=LINE('',#9640,#1930);
#987=LINE('',#9642,#1931);
#988=LINE('',#9643,#1932);
#989=LINE('',#9646,#1933);
#990=LINE('',#9648,#1934);
#991=LINE('',#9649,#1935);
#992=LINE('',#9652,#1936);
#993=LINE('',#9654,#1937);
#994=LINE('',#9655,#1938);
#995=LINE('',#9658,#1939);
#996=LINE('',#9660,#1940);
#997=LINE('',#9661,#1941);
#998=LINE('',#9663,#1942);
#999=LINE('',#9664,#1943);
#1000=LINE('',#9675,#1944);
#1001=LINE('',#9676,#1945);
#1002=LINE('',#9680,#1946);
#1003=LINE('',#9682,#1947);
#1004=LINE('',#9684,#1948);
#1005=LINE('',#9685,#1949);
#1006=LINE('',#9690,#1950);
#1007=LINE('',#9691,#1951);
#1008=LINE('',#9694,#1952);
#1009=LINE('',#9696,#1953);
#1010=LINE('',#9697,#1954);
#1011=LINE('',#9702,#1955);
#1012=LINE('',#9704,#1956);
#1013=LINE('',#9708,#1957);
#1014=LINE('',#9710,#1958);
#1015=LINE('',#9711,#1959);
#1016=LINE('',#9722,#1960);
#1017=LINE('',#9723,#1961);
#1018=LINE('',#9726,#1962);
#1019=LINE('',#9729,#1963);
#1020=LINE('',#9731,#1964);
#1021=LINE('',#9732,#1965);
#1022=LINE('',#9735,#1966);
#1023=LINE('',#9737,#1967);
#1024=LINE('',#9738,#1968);
#1025=LINE('',#9740,#1969);
#1026=LINE('',#9741,#1970);
#1027=LINE('',#9755,#1971);
#1028=LINE('',#9757,#1972);
#1029=LINE('',#9759,#1973);
#1030=LINE('',#9760,#1974);
#1031=LINE('',#9763,#1975);
#1032=LINE('',#9765,#1976);
#1033=LINE('',#9767,#1977);
#1034=LINE('',#9769,#1978);
#1035=LINE('',#9770,#1979);
#1036=LINE('',#9773,#1980);
#1037=LINE('',#9775,#1981);
#1038=LINE('',#9776,#1982);
#1039=LINE('',#9779,#1983);
#1040=LINE('',#9781,#1984);
#1041=LINE('',#9782,#1985);
#1042=LINE('',#9785,#1986);
#1043=LINE('',#9786,#1987);
#1044=LINE('',#9790,#1988);
#1045=LINE('',#9791,#1989);
#1046=LINE('',#9793,#1990);
#1047=LINE('',#9794,#1991);
#1048=LINE('',#9796,#1992);
#1049=LINE('',#9797,#1993);
#1050=LINE('',#9801,#1994);
#1051=LINE('',#9803,#1995);
#1052=LINE('',#9805,#1996);
#1053=LINE('',#9806,#1997);
#1054=LINE('',#9809,#1998);
#1055=LINE('',#9811,#1999);
#1056=LINE('',#9813,#2000);
#1057=LINE('',#9815,#2001);
#1058=LINE('',#9816,#2002);
#1059=LINE('',#9819,#2003);
#1060=LINE('',#9821,#2004);
#1061=LINE('',#9822,#2005);
#1062=LINE('',#9825,#2006);
#1063=LINE('',#9827,#2007);
#1064=LINE('',#9828,#2008);
#1065=LINE('',#9831,#2009);
#1066=LINE('',#9832,#2010);
#1067=LINE('',#9836,#2011);
#1068=LINE('',#9837,#2012);
#1069=LINE('',#9839,#2013);
#1070=LINE('',#9840,#2014);
#1071=LINE('',#9842,#2015);
#1072=LINE('',#9843,#2016);
#1073=LINE('',#9847,#2017);
#1074=LINE('',#9849,#2018);
#1075=LINE('',#9851,#2019);
#1076=LINE('',#9852,#2020);
#1077=LINE('',#9855,#2021);
#1078=LINE('',#9857,#2022);
#1079=LINE('',#9859,#2023);
#1080=LINE('',#9861,#2024);
#1081=LINE('',#9862,#2025);
#1082=LINE('',#9865,#2026);
#1083=LINE('',#9867,#2027);
#1084=LINE('',#9868,#2028);
#1085=LINE('',#9871,#2029);
#1086=LINE('',#9873,#2030);
#1087=LINE('',#9874,#2031);
#1088=LINE('',#9877,#2032);
#1089=LINE('',#9878,#2033);
#1090=LINE('',#9882,#2034);
#1091=LINE('',#9883,#2035);
#1092=LINE('',#9885,#2036);
#1093=LINE('',#9886,#2037);
#1094=LINE('',#9888,#2038);
#1095=LINE('',#9889,#2039);
#1096=LINE('',#9893,#2040);
#1097=LINE('',#9895,#2041);
#1098=LINE('',#9897,#2042);
#1099=LINE('',#9898,#2043);
#1100=LINE('',#9901,#2044);
#1101=LINE('',#9903,#2045);
#1102=LINE('',#9905,#2046);
#1103=LINE('',#9907,#2047);
#1104=LINE('',#9908,#2048);
#1105=LINE('',#9911,#2049);
#1106=LINE('',#9913,#2050);
#1107=LINE('',#9914,#2051);
#1108=LINE('',#9917,#2052);
#1109=LINE('',#9919,#2053);
#1110=LINE('',#9920,#2054);
#1111=LINE('',#9923,#2055);
#1112=LINE('',#9924,#2056);
#1113=LINE('',#9928,#2057);
#1114=LINE('',#9929,#2058);
#1115=LINE('',#9931,#2059);
#1116=LINE('',#9932,#2060);
#1117=LINE('',#9934,#2061);
#1118=LINE('',#9935,#2062);
#1119=LINE('',#9939,#2063);
#1120=LINE('',#9941,#2064);
#1121=LINE('',#9943,#2065);
#1122=LINE('',#9944,#2066);
#1123=LINE('',#9947,#2067);
#1124=LINE('',#9949,#2068);
#1125=LINE('',#9951,#2069);
#1126=LINE('',#9953,#2070);
#1127=LINE('',#9954,#2071);
#1128=LINE('',#9957,#2072);
#1129=LINE('',#9959,#2073);
#1130=LINE('',#9960,#2074);
#1131=LINE('',#9963,#2075);
#1132=LINE('',#9965,#2076);
#1133=LINE('',#9966,#2077);
#1134=LINE('',#9969,#2078);
#1135=LINE('',#9970,#2079);
#1136=LINE('',#9974,#2080);
#1137=LINE('',#9975,#2081);
#1138=LINE('',#9977,#2082);
#1139=LINE('',#9978,#2083);
#1140=LINE('',#9980,#2084);
#1141=LINE('',#9981,#2085);
#1142=LINE('',#9985,#2086);
#1143=LINE('',#9987,#2087);
#1144=LINE('',#9989,#2088);
#1145=LINE('',#9990,#2089);
#1146=LINE('',#9993,#2090);
#1147=LINE('',#9995,#2091);
#1148=LINE('',#9997,#2092);
#1149=LINE('',#9999,#2093);
#1150=LINE('',#10000,#2094);
#1151=LINE('',#10003,#2095);
#1152=LINE('',#10005,#2096);
#1153=LINE('',#10006,#2097);
#1154=LINE('',#10009,#2098);
#1155=LINE('',#10011,#2099);
#1156=LINE('',#10012,#2100);
#1157=LINE('',#10015,#2101);
#1158=LINE('',#10016,#2102);
#1159=LINE('',#10020,#2103);
#1160=LINE('',#10021,#2104);
#1161=LINE('',#10023,#2105);
#1162=LINE('',#10024,#2106);
#1163=LINE('',#10026,#2107);
#1164=LINE('',#10027,#2108);
#1165=LINE('',#10031,#2109);
#1166=LINE('',#10033,#2110);
#1167=LINE('',#10035,#2111);
#1168=LINE('',#10036,#2112);
#1169=LINE('',#10039,#2113);
#1170=LINE('',#10041,#2114);
#1171=LINE('',#10043,#2115);
#1172=LINE('',#10045,#2116);
#1173=LINE('',#10046,#2117);
#1174=LINE('',#10049,#2118);
#1175=LINE('',#10051,#2119);
#1176=LINE('',#10052,#2120);
#1177=LINE('',#10055,#2121);
#1178=LINE('',#10057,#2122);
#1179=LINE('',#10058,#2123);
#1180=LINE('',#10061,#2124);
#1181=LINE('',#10062,#2125);
#1182=LINE('',#10066,#2126);
#1183=LINE('',#10067,#2127);
#1184=LINE('',#10069,#2128);
#1185=LINE('',#10070,#2129);
#1186=LINE('',#10072,#2130);
#1187=LINE('',#10073,#2131);
#1188=LINE('',#10077,#2132);
#1189=LINE('',#10079,#2133);
#1190=LINE('',#10081,#2134);
#1191=LINE('',#10082,#2135);
#1192=LINE('',#10085,#2136);
#1193=LINE('',#10087,#2137);
#1194=LINE('',#10089,#2138);
#1195=LINE('',#10091,#2139);
#1196=LINE('',#10092,#2140);
#1197=LINE('',#10095,#2141);
#1198=LINE('',#10097,#2142);
#1199=LINE('',#10098,#2143);
#1200=LINE('',#10101,#2144);
#1201=LINE('',#10103,#2145);
#1202=LINE('',#10104,#2146);
#1203=LINE('',#10107,#2147);
#1204=LINE('',#10108,#2148);
#1205=LINE('',#10112,#2149);
#1206=LINE('',#10113,#2150);
#1207=LINE('',#10115,#2151);
#1208=LINE('',#10116,#2152);
#1209=LINE('',#10118,#2153);
#1210=LINE('',#10119,#2154);
#1211=LINE('',#10123,#2155);
#1212=LINE('',#10125,#2156);
#1213=LINE('',#10127,#2157);
#1214=LINE('',#10128,#2158);
#1215=LINE('',#10131,#2159);
#1216=LINE('',#10133,#2160);
#1217=LINE('',#10135,#2161);
#1218=LINE('',#10137,#2162);
#1219=LINE('',#10138,#2163);
#1220=LINE('',#10141,#2164);
#1221=LINE('',#10143,#2165);
#1222=LINE('',#10144,#2166);
#1223=LINE('',#10147,#2167);
#1224=LINE('',#10149,#2168);
#1225=LINE('',#10150,#2169);
#1226=LINE('',#10153,#2170);
#1227=LINE('',#10154,#2171);
#1228=LINE('',#10158,#2172);
#1229=LINE('',#10159,#2173);
#1230=LINE('',#10161,#2174);
#1231=LINE('',#10162,#2175);
#1232=LINE('',#10164,#2176);
#1233=LINE('',#10165,#2177);
#1234=LINE('',#10169,#2178);
#1235=LINE('',#10171,#2179);
#1236=LINE('',#10173,#2180);
#1237=LINE('',#10175,#2181);
#1238=LINE('',#10177,#2182);
#1239=LINE('',#10179,#2183);
#1240=LINE('',#10190,#2184);
#1241=LINE('',#10192,#2185);
#1242=LINE('',#10197,#2186);
#1243=LINE('',#10199,#2187);
#1244=LINE('',#10201,#2188);
#1245=LINE('',#10202,#2189);
#1246=LINE('',#10206,#2190);
#1247=LINE('',#10213,#2191);
#1248=LINE('',#10215,#2192);
#1249=LINE('',#10216,#2193);
#1250=LINE('',#10218,#2194);
#1251=LINE('',#10219,#2195);
#1252=LINE('',#10222,#2196);
#1253=LINE('',#10224,#2197);
#1254=LINE('',#10225,#2198);
#1255=LINE('',#10227,#2199);
#1256=LINE('',#10228,#2200);
#1257=LINE('',#10233,#2201);
#1258=LINE('',#10235,#2202);
#1259=LINE('',#10237,#2203);
#1260=LINE('',#10238,#2204);
#1261=LINE('',#10241,#2205);
#1262=LINE('',#10243,#2206);
#1263=LINE('',#10244,#2207);
#1264=LINE('',#10247,#2208);
#1265=LINE('',#10249,#2209);
#1266=LINE('',#10250,#2210);
#1267=LINE('',#10253,#2211);
#1268=LINE('',#10255,#2212);
#1269=LINE('',#10256,#2213);
#1270=LINE('',#10259,#2214);
#1271=LINE('',#10261,#2215);
#1272=LINE('',#10262,#2216);
#1273=LINE('',#10264,#2217);
#1274=LINE('',#10265,#2218);
#1275=LINE('',#10269,#2219);
#1276=LINE('',#10271,#2220);
#1277=LINE('',#10273,#2221);
#1278=LINE('',#10274,#2222);
#1279=LINE('',#10277,#2223);
#1280=LINE('',#10279,#2224);
#1281=LINE('',#10280,#2225);
#1282=LINE('',#10283,#2226);
#1283=LINE('',#10285,#2227);
#1284=LINE('',#10286,#2228);
#1285=LINE('',#10289,#2229);
#1286=LINE('',#10291,#2230);
#1287=LINE('',#10292,#2231);
#1288=LINE('',#10295,#2232);
#1289=LINE('',#10297,#2233);
#1290=LINE('',#10298,#2234);
#1291=LINE('',#10300,#2235);
#1292=LINE('',#10301,#2236);
#1293=LINE('',#10305,#2237);
#1294=LINE('',#10307,#2238);
#1295=LINE('',#10309,#2239);
#1296=LINE('',#10310,#2240);
#1297=LINE('',#10313,#2241);
#1298=LINE('',#10315,#2242);
#1299=LINE('',#10316,#2243);
#1300=LINE('',#10319,#2244);
#1301=LINE('',#10321,#2245);
#1302=LINE('',#10322,#2246);
#1303=LINE('',#10325,#2247);
#1304=LINE('',#10327,#2248);
#1305=LINE('',#10328,#2249);
#1306=LINE('',#10331,#2250);
#1307=LINE('',#10333,#2251);
#1308=LINE('',#10334,#2252);
#1309=LINE('',#10336,#2253);
#1310=LINE('',#10337,#2254);
#1311=LINE('',#10341,#2255);
#1312=LINE('',#10343,#2256);
#1313=LINE('',#10345,#2257);
#1314=LINE('',#10346,#2258);
#1315=LINE('',#10349,#2259);
#1316=LINE('',#10351,#2260);
#1317=LINE('',#10352,#2261);
#1318=LINE('',#10355,#2262);
#1319=LINE('',#10357,#2263);
#1320=LINE('',#10358,#2264);
#1321=LINE('',#10361,#2265);
#1322=LINE('',#10363,#2266);
#1323=LINE('',#10364,#2267);
#1324=LINE('',#10367,#2268);
#1325=LINE('',#10369,#2269);
#1326=LINE('',#10370,#2270);
#1327=LINE('',#10372,#2271);
#1328=LINE('',#10373,#2272);
#1329=LINE('',#10377,#2273);
#1330=LINE('',#10379,#2274);
#1331=LINE('',#10381,#2275);
#1332=LINE('',#10382,#2276);
#1333=LINE('',#10385,#2277);
#1334=LINE('',#10387,#2278);
#1335=LINE('',#10388,#2279);
#1336=LINE('',#10391,#2280);
#1337=LINE('',#10393,#2281);
#1338=LINE('',#10394,#2282);
#1339=LINE('',#10397,#2283);
#1340=LINE('',#10399,#2284);
#1341=LINE('',#10400,#2285);
#1342=LINE('',#10403,#2286);
#1343=LINE('',#10405,#2287);
#1344=LINE('',#10406,#2288);
#1345=LINE('',#10408,#2289);
#1346=LINE('',#10409,#2290);
#1347=LINE('',#10417,#2291);
#1348=LINE('',#10421,#2292);
#1349=LINE('',#10422,#2293);
#1350=LINE('',#10424,#2294);
#1351=LINE('',#10426,#2295);
#1352=LINE('',#10428,#2296);
#1353=LINE('',#10430,#2297);
#1354=LINE('',#10432,#2298);
#1355=LINE('',#10434,#2299);
#1356=LINE('',#10436,#2300);
#1357=LINE('',#10438,#2301);
#1358=LINE('',#10440,#2302);
#1359=LINE('',#10442,#2303);
#1360=LINE('',#10444,#2304);
#1361=LINE('',#10446,#2305);
#1362=LINE('',#10448,#2306);
#1363=LINE('',#10450,#2307);
#1364=LINE('',#10452,#2308);
#1365=LINE('',#10454,#2309);
#1366=LINE('',#10456,#2310);
#1367=LINE('',#10458,#2311);
#1368=LINE('',#10460,#2312);
#1369=LINE('',#10462,#2313);
#1370=LINE('',#10464,#2314);
#1371=LINE('',#10466,#2315);
#1372=LINE('',#10468,#2316);
#1373=LINE('',#10470,#2317);
#1374=LINE('',#10472,#2318);
#1375=LINE('',#10474,#2319);
#1376=LINE('',#10476,#2320);
#1377=LINE('',#10478,#2321);
#1378=LINE('',#10480,#2322);
#1379=LINE('',#10482,#2323);
#1380=LINE('',#10484,#2324);
#1381=LINE('',#10486,#2325);
#1382=LINE('',#10488,#2326);
#1383=LINE('',#10490,#2327);
#1384=LINE('',#10492,#2328);
#1385=LINE('',#10494,#2329);
#1386=LINE('',#10496,#2330);
#1387=LINE('',#10498,#2331);
#1388=LINE('',#10500,#2332);
#1389=LINE('',#10502,#2333);
#1390=LINE('',#10504,#2334);
#1391=LINE('',#10506,#2335);
#1392=LINE('',#10509,#2336);
#1393=LINE('',#10512,#2337);
#1394=LINE('',#10513,#2338);
#1395=LINE('',#10514,#2339);
#1396=LINE('',#10515,#2340);
#1397=LINE('',#10516,#2341);
#1398=LINE('',#10517,#2342);
#1399=LINE('',#10518,#2343);
#1400=LINE('',#10519,#2344);
#1401=LINE('',#10520,#2345);
#1402=LINE('',#10522,#2346);
#1403=LINE('',#10525,#2347);
#1404=LINE('',#10560,#2348);
#1405=LINE('',#10562,#2349);
#1406=LINE('',#10563,#2350);
#1407=LINE('',#10567,#2351);
#1408=LINE('',#10569,#2352);
#1409=LINE('',#10571,#2353);
#1410=LINE('',#10572,#2354);
#1411=LINE('',#10575,#2355);
#1412=LINE('',#10577,#2356);
#1413=LINE('',#10578,#2357);
#1414=LINE('',#10581,#2358);
#1415=LINE('',#10583,#2359);
#1416=LINE('',#10584,#2360);
#1417=LINE('',#10587,#2361);
#1418=LINE('',#10589,#2362);
#1419=LINE('',#10590,#2363);
#1420=LINE('',#10593,#2364);
#1421=LINE('',#10595,#2365);
#1422=LINE('',#10596,#2366);
#1423=LINE('',#10598,#2367);
#1424=LINE('',#10599,#2368);
#1425=LINE('',#10603,#2369);
#1426=LINE('',#10605,#2370);
#1427=LINE('',#10607,#2371);
#1428=LINE('',#10608,#2372);
#1429=LINE('',#10611,#2373);
#1430=LINE('',#10613,#2374);
#1431=LINE('',#10614,#2375);
#1432=LINE('',#10617,#2376);
#1433=LINE('',#10619,#2377);
#1434=LINE('',#10620,#2378);
#1435=LINE('',#10623,#2379);
#1436=LINE('',#10625,#2380);
#1437=LINE('',#10626,#2381);
#1438=LINE('',#10629,#2382);
#1439=LINE('',#10631,#2383);
#1440=LINE('',#10632,#2384);
#1441=LINE('',#10634,#2385);
#1442=LINE('',#10635,#2386);
#1443=LINE('',#10639,#2387);
#1444=LINE('',#10641,#2388);
#1445=LINE('',#10643,#2389);
#1446=LINE('',#10644,#2390);
#1447=LINE('',#10647,#2391);
#1448=LINE('',#10649,#2392);
#1449=LINE('',#10650,#2393);
#1450=LINE('',#10653,#2394);
#1451=LINE('',#10655,#2395);
#1452=LINE('',#10656,#2396);
#1453=LINE('',#10659,#2397);
#1454=LINE('',#10661,#2398);
#1455=LINE('',#10662,#2399);
#1456=LINE('',#10665,#2400);
#1457=LINE('',#10667,#2401);
#1458=LINE('',#10668,#2402);
#1459=LINE('',#10670,#2403);
#1460=LINE('',#10671,#2404);
#1461=LINE('',#10675,#2405);
#1462=LINE('',#10677,#2406);
#1463=LINE('',#10679,#2407);
#1464=LINE('',#10680,#2408);
#1465=LINE('',#10683,#2409);
#1466=LINE('',#10685,#2410);
#1467=LINE('',#10686,#2411);
#1468=LINE('',#10689,#2412);
#1469=LINE('',#10691,#2413);
#1470=LINE('',#10692,#2414);
#1471=LINE('',#10695,#2415);
#1472=LINE('',#10697,#2416);
#1473=LINE('',#10698,#2417);
#1474=LINE('',#10701,#2418);
#1475=LINE('',#10703,#2419);
#1476=LINE('',#10704,#2420);
#1477=LINE('',#10706,#2421);
#1478=LINE('',#10707,#2422);
#1479=LINE('',#10710,#2423);
#1480=LINE('',#10712,#2424);
#1481=LINE('',#10714,#2425);
#1482=LINE('',#10716,#2426);
#1483=LINE('',#10717,#2427);
#1484=LINE('',#10720,#2428);
#1485=LINE('',#10721,#2429);
#1486=LINE('',#10724,#2430);
#1487=LINE('',#10726,#2431);
#1488=LINE('',#10728,#2432);
#1489=LINE('',#10729,#2433);
#1490=LINE('',#10732,#2434);
#1491=LINE('',#10734,#2435);
#1492=LINE('',#10735,#2436);
#1493=LINE('',#10737,#2437);
#1494=LINE('',#10740,#2438);
#1495=LINE('',#10742,#2439);
#1496=LINE('',#10743,#2440);
#1497=LINE('',#10745,#2441);
#1498=LINE('',#10746,#2442);
#1499=LINE('',#10749,#2443);
#1500=LINE('',#10751,#2444);
#1501=LINE('',#10753,#2445);
#1502=LINE('',#10755,#2446);
#1503=LINE('',#10756,#2447);
#1504=LINE('',#10759,#2448);
#1505=LINE('',#10760,#2449);
#1506=LINE('',#10763,#2450);
#1507=LINE('',#10765,#2451);
#1508=LINE('',#10767,#2452);
#1509=LINE('',#10768,#2453);
#1510=LINE('',#10771,#2454);
#1511=LINE('',#10773,#2455);
#1512=LINE('',#10774,#2456);
#1513=LINE('',#10776,#2457);
#1514=LINE('',#10779,#2458);
#1515=LINE('',#10781,#2459);
#1516=LINE('',#10782,#2460);
#1517=LINE('',#10784,#2461);
#1518=LINE('',#10785,#2462);
#1519=LINE('',#10789,#2463);
#1520=LINE('',#10791,#2464);
#1521=LINE('',#10793,#2465);
#1522=LINE('',#10794,#2466);
#1523=LINE('',#10797,#2467);
#1524=LINE('',#10799,#2468);
#1525=LINE('',#10800,#2469);
#1526=LINE('',#10803,#2470);
#1527=LINE('',#10805,#2471);
#1528=LINE('',#10806,#2472);
#1529=LINE('',#10809,#2473);
#1530=LINE('',#10811,#2474);
#1531=LINE('',#10812,#2475);
#1532=LINE('',#10815,#2476);
#1533=LINE('',#10817,#2477);
#1534=LINE('',#10818,#2478);
#1535=LINE('',#10820,#2479);
#1536=LINE('',#10821,#2480);
#1537=LINE('',#10824,#2481);
#1538=LINE('',#10826,#2482);
#1539=LINE('',#10828,#2483);
#1540=LINE('',#10830,#2484);
#1541=LINE('',#10831,#2485);
#1542=LINE('',#10834,#2486);
#1543=LINE('',#10835,#2487);
#1544=LINE('',#10838,#2488);
#1545=LINE('',#10840,#2489);
#1546=LINE('',#10842,#2490);
#1547=LINE('',#10843,#2491);
#1548=LINE('',#10846,#2492);
#1549=LINE('',#10848,#2493);
#1550=LINE('',#10849,#2494);
#1551=LINE('',#10851,#2495);
#1552=LINE('',#10854,#2496);
#1553=LINE('',#10856,#2497);
#1554=LINE('',#10857,#2498);
#1555=LINE('',#10859,#2499);
#1556=LINE('',#10860,#2500);
#1557=LINE('',#10863,#2501);
#1558=LINE('',#10865,#2502);
#1559=LINE('',#10867,#2503);
#1560=LINE('',#10869,#2504);
#1561=LINE('',#10870,#2505);
#1562=LINE('',#10873,#2506);
#1563=LINE('',#10874,#2507);
#1564=LINE('',#10877,#2508);
#1565=LINE('',#10879,#2509);
#1566=LINE('',#10881,#2510);
#1567=LINE('',#10882,#2511);
#1568=LINE('',#10885,#2512);
#1569=LINE('',#10887,#2513);
#1570=LINE('',#10888,#2514);
#1571=LINE('',#10890,#2515);
#1572=LINE('',#10893,#2516);
#1573=LINE('',#10895,#2517);
#1574=LINE('',#10896,#2518);
#1575=LINE('',#10898,#2519);
#1576=LINE('',#10899,#2520);
#1577=LINE('',#10902,#2521);
#1578=LINE('',#10904,#2522);
#1579=LINE('',#10906,#2523);
#1580=LINE('',#10908,#2524);
#1581=LINE('',#10909,#2525);
#1582=LINE('',#10912,#2526);
#1583=LINE('',#10913,#2527);
#1584=LINE('',#10916,#2528);
#1585=LINE('',#10918,#2529);
#1586=LINE('',#10920,#2530);
#1587=LINE('',#10921,#2531);
#1588=LINE('',#10924,#2532);
#1589=LINE('',#10926,#2533);
#1590=LINE('',#10927,#2534);
#1591=LINE('',#10929,#2535);
#1592=LINE('',#10932,#2536);
#1593=LINE('',#10934,#2537);
#1594=LINE('',#10935,#2538);
#1595=LINE('',#10937,#2539);
#1596=LINE('',#10938,#2540);
#1597=LINE('',#10941,#2541);
#1598=LINE('',#10943,#2542);
#1599=LINE('',#10945,#2543);
#1600=LINE('',#10947,#2544);
#1601=LINE('',#10948,#2545);
#1602=LINE('',#10951,#2546);
#1603=LINE('',#10952,#2547);
#1604=LINE('',#10955,#2548);
#1605=LINE('',#10957,#2549);
#1606=LINE('',#10959,#2550);
#1607=LINE('',#10960,#2551);
#1608=LINE('',#10963,#2552);
#1609=LINE('',#10965,#2553);
#1610=LINE('',#10966,#2554);
#1611=LINE('',#10968,#2555);
#1612=LINE('',#10971,#2556);
#1613=LINE('',#10973,#2557);
#1614=LINE('',#10974,#2558);
#1615=LINE('',#10976,#2559);
#1616=LINE('',#10977,#2560);
#1617=LINE('',#10980,#2561);
#1618=LINE('',#10982,#2562);
#1619=LINE('',#10984,#2563);
#1620=LINE('',#10986,#2564);
#1621=LINE('',#10987,#2565);
#1622=LINE('',#10990,#2566);
#1623=LINE('',#10991,#2567);
#1624=LINE('',#10994,#2568);
#1625=LINE('',#10996,#2569);
#1626=LINE('',#10998,#2570);
#1627=LINE('',#10999,#2571);
#1628=LINE('',#11002,#2572);
#1629=LINE('',#11004,#2573);
#1630=LINE('',#11005,#2574);
#1631=LINE('',#11007,#2575);
#1632=LINE('',#11010,#2576);
#1633=LINE('',#11012,#2577);
#1634=LINE('',#11013,#2578);
#1635=LINE('',#11015,#2579);
#1636=LINE('',#11016,#2580);
#1637=LINE('',#11019,#2581);
#1638=LINE('',#11021,#2582);
#1639=LINE('',#11023,#2583);
#1640=LINE('',#11025,#2584);
#1641=LINE('',#11026,#2585);
#1642=LINE('',#11029,#2586);
#1643=LINE('',#11030,#2587);
#1644=LINE('',#11033,#2588);
#1645=LINE('',#11035,#2589);
#1646=LINE('',#11037,#2590);
#1647=LINE('',#11038,#2591);
#1648=LINE('',#11041,#2592);
#1649=LINE('',#11043,#2593);
#1650=LINE('',#11044,#2594);
#1651=LINE('',#11046,#2595);
#1652=LINE('',#11049,#2596);
#1653=LINE('',#11051,#2597);
#1654=LINE('',#11052,#2598);
#1655=LINE('',#11054,#2599);
#1656=LINE('',#11055,#2600);
#1657=LINE('',#11059,#2601);
#1658=LINE('',#11061,#2602);
#1659=LINE('',#11063,#2603);
#1660=LINE('',#11064,#2604);
#1661=LINE('',#11067,#2605);
#1662=LINE('',#11069,#2606);
#1663=LINE('',#11070,#2607);
#1664=LINE('',#11073,#2608);
#1665=LINE('',#11075,#2609);
#1666=LINE('',#11076,#2610);
#1667=LINE('',#11079,#2611);
#1668=LINE('',#11081,#2612);
#1669=LINE('',#11082,#2613);
#1670=LINE('',#11085,#2614);
#1671=LINE('',#11087,#2615);
#1672=LINE('',#11088,#2616);
#1673=LINE('',#11090,#2617);
#1674=LINE('',#11091,#2618);
#1675=LINE('',#11094,#2619);
#1676=LINE('',#11096,#2620);
#1677=LINE('',#11098,#2621);
#1678=LINE('',#11100,#2622);
#1679=LINE('',#11101,#2623);
#1680=LINE('',#11104,#2624);
#1681=LINE('',#11105,#2625);
#1682=LINE('',#11108,#2626);
#1683=LINE('',#11110,#2627);
#1684=LINE('',#11112,#2628);
#1685=LINE('',#11113,#2629);
#1686=LINE('',#11116,#2630);
#1687=LINE('',#11118,#2631);
#1688=LINE('',#11119,#2632);
#1689=LINE('',#11122,#2633);
#1690=LINE('',#11124,#2634);
#1691=LINE('',#11125,#2635);
#1692=LINE('',#11127,#2636);
#1693=LINE('',#11128,#2637);
#1694=LINE('',#11130,#2638);
#1695=LINE('',#11134,#2639);
#1696=LINE('',#11136,#2640);
#1697=LINE('',#11138,#2641);
#1698=LINE('',#11139,#2642);
#1699=LINE('',#11142,#2643);
#1700=LINE('',#11144,#2644);
#1701=LINE('',#11145,#2645);
#1702=LINE('',#11148,#2646);
#1703=LINE('',#11150,#2647);
#1704=LINE('',#11151,#2648);
#1705=LINE('',#11154,#2649);
#1706=LINE('',#11156,#2650);
#1707=LINE('',#11157,#2651);
#1708=LINE('',#11160,#2652);
#1709=LINE('',#11162,#2653);
#1710=LINE('',#11163,#2654);
#1711=LINE('',#11165,#2655);
#1712=LINE('',#11166,#2656);
#1713=LINE('',#11169,#2657);
#1714=LINE('',#11171,#2658);
#1715=LINE('',#11173,#2659);
#1716=LINE('',#11175,#2660);
#1717=LINE('',#11176,#2661);
#1718=LINE('',#11179,#2662);
#1719=LINE('',#11180,#2663);
#1720=LINE('',#11183,#2664);
#1721=LINE('',#11185,#2665);
#1722=LINE('',#11187,#2666);
#1723=LINE('',#11188,#2667);
#1724=LINE('',#11191,#2668);
#1725=LINE('',#11193,#2669);
#1726=LINE('',#11194,#2670);
#1727=LINE('',#11196,#2671);
#1728=LINE('',#11199,#2672);
#1729=LINE('',#11201,#2673);
#1730=LINE('',#11202,#2674);
#1731=LINE('',#11204,#2675);
#1732=LINE('',#11205,#2676);
#1733=LINE('',#11209,#2677);
#1734=LINE('',#11211,#2678);
#1735=LINE('',#11213,#2679);
#1736=LINE('',#11214,#2680);
#1737=LINE('',#11217,#2681);
#1738=LINE('',#11219,#2682);
#1739=LINE('',#11220,#2683);
#1740=LINE('',#11223,#2684);
#1741=LINE('',#11225,#2685);
#1742=LINE('',#11226,#2686);
#1743=LINE('',#11229,#2687);
#1744=LINE('',#11231,#2688);
#1745=LINE('',#11232,#2689);
#1746=LINE('',#11235,#2690);
#1747=LINE('',#11237,#2691);
#1748=LINE('',#11238,#2692);
#1749=LINE('',#11240,#2693);
#1750=LINE('',#11241,#2694);
#1751=LINE('',#11245,#2695);
#1752=LINE('',#11247,#2696);
#1753=LINE('',#11249,#2697);
#1754=LINE('',#11250,#2698);
#1755=LINE('',#11253,#2699);
#1756=LINE('',#11255,#2700);
#1757=LINE('',#11256,#2701);
#1758=LINE('',#11259,#2702);
#1759=LINE('',#11261,#2703);
#1760=LINE('',#11262,#2704);
#1761=LINE('',#11265,#2705);
#1762=LINE('',#11267,#2706);
#1763=LINE('',#11268,#2707);
#1764=LINE('',#11271,#2708);
#1765=LINE('',#11273,#2709);
#1766=LINE('',#11274,#2710);
#1767=LINE('',#11276,#2711);
#1768=LINE('',#11277,#2712);
#1769=LINE('',#11281,#2713);
#1770=LINE('',#11283,#2714);
#1771=LINE('',#11285,#2715);
#1772=LINE('',#11286,#2716);
#1773=LINE('',#11289,#2717);
#1774=LINE('',#11291,#2718);
#1775=LINE('',#11292,#2719);
#1776=LINE('',#11295,#2720);
#1777=LINE('',#11297,#2721);
#1778=LINE('',#11298,#2722);
#1779=LINE('',#11301,#2723);
#1780=LINE('',#11303,#2724);
#1781=LINE('',#11304,#2725);
#1782=LINE('',#11307,#2726);
#1783=LINE('',#11309,#2727);
#1784=LINE('',#11310,#2728);
#1785=LINE('',#11312,#2729);
#1786=LINE('',#11313,#2730);
#1787=LINE('',#11316,#2731);
#1788=LINE('',#11317,#2732);
#1789=LINE('',#11322,#2733);
#1790=LINE('',#11323,#2734);
#1791=LINE('',#11326,#2735);
#1792=LINE('',#11331,#2736);
#1793=LINE('',#11332,#2737);
#1794=LINE('',#11335,#2738);
#1795=LINE('',#11384,#2739);
#1796=LINE('',#11390,#2740);
#1797=LINE('',#11391,#2741);
#1798=LINE('',#11393,#2742);
#1799=LINE('',#11394,#2743);
#1800=LINE('',#11397,#2744);
#1801=LINE('',#11400,#2745);
#1802=LINE('',#11402,#2746);
#1803=LINE('',#11405,#2747);
#1804=LINE('',#11407,#2748);
#1805=LINE('',#11408,#2749);
#1806=LINE('',#11411,#2750);
#1807=LINE('',#11412,#2751);
#1808=LINE('',#11415,#2752);
#1809=LINE('',#11416,#2753);
#1810=LINE('',#11418,#2754);
#1811=LINE('',#11422,#2755);
#1812=LINE('',#11425,#2756);
#1813=LINE('',#11428,#2757);
#1814=LINE('',#11431,#2758);
#1815=LINE('',#11432,#2759);
#1816=LINE('',#11438,#2760);
#1817=LINE('',#11439,#2761);
#1818=LINE('',#11444,#2762);
#1819=LINE('',#11467,#2763);
#1820=LINE('',#11505,#2764);
#1821=LINE('',#11541,#2765);
#1822=LINE('',#11543,#2766);
#1823=LINE('',#11547,#2767);
#1824=LINE('',#11551,#2768);
#1825=LINE('',#11555,#2769);
#1826=LINE('',#11557,#2770);
#1827=VECTOR('',#7594,10.);
#1828=VECTOR('',#7595,10.);
#1829=VECTOR('',#7598,10.);
#1830=VECTOR('',#7609,10.);
#1831=VECTOR('',#7610,10.);
#1832=VECTOR('',#7613,10.);
#1833=VECTOR('',#7616,10.);
#1834=VECTOR('',#7619,10.);
#1835=VECTOR('',#7622,10.);
#1836=VECTOR('',#7625,10.);
#1837=VECTOR('',#7626,10.);
#1838=VECTOR('',#7627,10.);
#1839=VECTOR('',#7628,10.);
#1840=VECTOR('',#7629,10.);
#1841=VECTOR('',#7634,10.);
#1842=VECTOR('',#7637,10.);
#1843=VECTOR('',#7638,10.);
#1844=VECTOR('',#7639,10.);
#1845=VECTOR('',#7640,10.);
#1846=VECTOR('',#7643,10.);
#1847=VECTOR('',#7646,10.);
#1848=VECTOR('',#7647,10.);
#1849=VECTOR('',#7648,10.);
#1850=VECTOR('',#7653,10.);
#1851=VECTOR('',#7662,10.);
#1852=VECTOR('',#7663,10.);
#1853=VECTOR('',#7664,10.);
#1854=VECTOR('',#7665,10.);
#1855=VECTOR('',#7666,10.);
#1856=VECTOR('',#7669,10.);
#1857=VECTOR('',#7670,10.);
#1858=VECTOR('',#7671,10.);
#1859=VECTOR('',#7672,10.);
#1860=VECTOR('',#7673,10.);
#1861=VECTOR('',#7674,10.);
#1862=VECTOR('',#7675,10.);
#1863=VECTOR('',#7676,10.);
#1864=VECTOR('',#7679,10.);
#1865=VECTOR('',#7680,10.);
#1866=VECTOR('',#7681,10.);
#1867=VECTOR('',#7682,10.);
#1868=VECTOR('',#7683,10.);
#1869=VECTOR('',#7686,10.);
#1870=VECTOR('',#7687,10.);
#1871=VECTOR('',#7688,10.);
#1872=VECTOR('',#7691,10.);
#1873=VECTOR('',#7692,10.);
#1874=VECTOR('',#7693,10.);
#1875=VECTOR('',#7694,10.);
#1876=VECTOR('',#7697,10.);
#1877=VECTOR('',#7698,10.);
#1878=VECTOR('',#7699,10.);
#1879=VECTOR('',#7702,10.);
#1880=VECTOR('',#7703,10.);
#1881=VECTOR('',#7704,10.);
#1882=VECTOR('',#7707,10.);
#1883=VECTOR('',#7708,10.);
#1884=VECTOR('',#7709,10.);
#1885=VECTOR('',#7712,10.);
#1886=VECTOR('',#7713,10.);
#1887=VECTOR('',#7714,10.);
#1888=VECTOR('',#7717,10.);
#1889=VECTOR('',#7718,10.);
#1890=VECTOR('',#7721,10.);
#1891=VECTOR('',#7722,10.);
#1892=VECTOR('',#7723,10.);
#1893=VECTOR('',#7724,10.);
#1894=VECTOR('',#7727,10.);
#1895=VECTOR('',#7728,10.);
#1896=VECTOR('',#7729,10.);
#1897=VECTOR('',#7732,10.);
#1898=VECTOR('',#7733,10.);
#1899=VECTOR('',#7734,10.);
#1900=VECTOR('',#7737,10.);
#1901=VECTOR('',#7738,10.);
#1902=VECTOR('',#7739,10.);
#1903=VECTOR('',#7742,10.);
#1904=VECTOR('',#7743,10.);
#1905=VECTOR('',#7744,10.);
#1906=VECTOR('',#7747,10.);
#1907=VECTOR('',#7748,10.);
#1908=VECTOR('',#7751,10.);
#1909=VECTOR('',#7752,10.);
#1910=VECTOR('',#7753,10.);
#1911=VECTOR('',#7754,10.);
#1912=VECTOR('',#7757,10.);
#1913=VECTOR('',#7758,10.);
#1914=VECTOR('',#7759,10.);
#1915=VECTOR('',#7762,10.);
#1916=VECTOR('',#7763,10.);
#1917=VECTOR('',#7764,10.);
#1918=VECTOR('',#7767,10.);
#1919=VECTOR('',#7768,10.);
#1920=VECTOR('',#7769,10.);
#1921=VECTOR('',#7772,10.);
#1922=VECTOR('',#7773,10.);
#1923=VECTOR('',#7774,10.);
#1924=VECTOR('',#7777,10.);
#1925=VECTOR('',#7778,10.);
#1926=VECTOR('',#7781,10.);
#1927=VECTOR('',#7782,10.);
#1928=VECTOR('',#7783,10.);
#1929=VECTOR('',#7784,10.);
#1930=VECTOR('',#7787,10.);
#1931=VECTOR('',#7788,10.);
#1932=VECTOR('',#7789,10.);
#1933=VECTOR('',#7792,10.);
#1934=VECTOR('',#7793,10.);
#1935=VECTOR('',#7794,10.);
#1936=VECTOR('',#7797,10.);
#1937=VECTOR('',#7798,10.);
#1938=VECTOR('',#7799,10.);
#1939=VECTOR('',#7802,10.);
#1940=VECTOR('',#7803,10.);
#1941=VECTOR('',#7804,10.);
#1942=VECTOR('',#7807,10.);
#1943=VECTOR('',#7808,10.);
#1944=VECTOR('',#7813,10.);
#1945=VECTOR('',#7814,10.);
#1946=VECTOR('',#7817,10.);
#1947=VECTOR('',#7818,10.);
#1948=VECTOR('',#7819,10.);
#1949=VECTOR('',#7820,10.);
#1950=VECTOR('',#7825,10.);
#1951=VECTOR('',#7826,10.);
#1952=VECTOR('',#7829,10.);
#1953=VECTOR('',#7830,10.);
#1954=VECTOR('',#7831,10.);
#1955=VECTOR('',#7836,10.);
#1956=VECTOR('',#7837,10.);
#1957=VECTOR('',#7842,10.);
#1958=VECTOR('',#7843,10.);
#1959=VECTOR('',#7844,10.);
#1960=VECTOR('',#7849,10.);
#1961=VECTOR('',#7850,10.);
#1962=VECTOR('',#7855,10.);
#1963=VECTOR('',#7858,10.);
#1964=VECTOR('',#7859,10.);
#1965=VECTOR('',#7860,10.);
#1966=VECTOR('',#7863,10.);
#1967=VECTOR('',#7864,10.);
#1968=VECTOR('',#7865,10.);
#1969=VECTOR('',#7868,10.);
#1970=VECTOR('',#7869,10.);
#1971=VECTOR('',#7874,10.);
#1972=VECTOR('',#7875,10.);
#1973=VECTOR('',#7876,10.);
#1974=VECTOR('',#7877,10.);
#1975=VECTOR('',#7880,10.);
#1976=VECTOR('',#7881,10.);
#1977=VECTOR('',#7882,10.);
#1978=VECTOR('',#7883,10.);
#1979=VECTOR('',#7884,10.);
#1980=VECTOR('',#7887,10.);
#1981=VECTOR('',#7888,10.);
#1982=VECTOR('',#7889,10.);
#1983=VECTOR('',#7892,10.);
#1984=VECTOR('',#7893,10.);
#1985=VECTOR('',#7894,10.);
#1986=VECTOR('',#7897,10.);
#1987=VECTOR('',#7898,10.);
#1988=VECTOR('',#7901,10.);
#1989=VECTOR('',#7902,10.);
#1990=VECTOR('',#7903,10.);
#1991=VECTOR('',#7904,10.);
#1992=VECTOR('',#7907,10.);
#1993=VECTOR('',#7908,10.);
#1994=VECTOR('',#7911,10.);
#1995=VECTOR('',#7912,10.);
#1996=VECTOR('',#7913,10.);
#1997=VECTOR('',#7914,10.);
#1998=VECTOR('',#7917,10.);
#1999=VECTOR('',#7918,10.);
#2000=VECTOR('',#7919,10.);
#2001=VECTOR('',#7920,10.);
#2002=VECTOR('',#7921,10.);
#2003=VECTOR('',#7924,10.);
#2004=VECTOR('',#7925,10.);
#2005=VECTOR('',#7926,10.);
#2006=VECTOR('',#7929,10.);
#2007=VECTOR('',#7930,10.);
#2008=VECTOR('',#7931,10.);
#2009=VECTOR('',#7934,10.);
#2010=VECTOR('',#7935,10.);
#2011=VECTOR('',#7938,10.);
#2012=VECTOR('',#7939,10.);
#2013=VECTOR('',#7940,10.);
#2014=VECTOR('',#7941,10.);
#2015=VECTOR('',#7944,10.);
#2016=VECTOR('',#7945,10.);
#2017=VECTOR('',#7948,10.);
#2018=VECTOR('',#7949,10.);
#2019=VECTOR('',#7950,10.);
#2020=VECTOR('',#7951,10.);
#2021=VECTOR('',#7954,10.);
#2022=VECTOR('',#7955,10.);
#2023=VECTOR('',#7956,10.);
#2024=VECTOR('',#7957,10.);
#2025=VECTOR('',#7958,10.);
#2026=VECTOR('',#7961,10.);
#2027=VECTOR('',#7962,10.);
#2028=VECTOR('',#7963,10.);
#2029=VECTOR('',#7966,10.);
#2030=VECTOR('',#7967,10.);
#2031=VECTOR('',#7968,10.);
#2032=VECTOR('',#7971,10.);
#2033=VECTOR('',#7972,10.);
#2034=VECTOR('',#7975,10.);
#2035=VECTOR('',#7976,10.);
#2036=VECTOR('',#7977,10.);
#2037=VECTOR('',#7978,10.);
#2038=VECTOR('',#7981,10.);
#2039=VECTOR('',#7982,10.);
#2040=VECTOR('',#7985,10.);
#2041=VECTOR('',#7986,10.);
#2042=VECTOR('',#7987,10.);
#2043=VECTOR('',#7988,10.);
#2044=VECTOR('',#7991,10.);
#2045=VECTOR('',#7992,10.);
#2046=VECTOR('',#7993,10.);
#2047=VECTOR('',#7994,10.);
#2048=VECTOR('',#7995,10.);
#2049=VECTOR('',#7998,10.);
#2050=VECTOR('',#7999,10.);
#2051=VECTOR('',#8000,10.);
#2052=VECTOR('',#8003,10.);
#2053=VECTOR('',#8004,10.);
#2054=VECTOR('',#8005,10.);
#2055=VECTOR('',#8008,10.);
#2056=VECTOR('',#8009,10.);
#2057=VECTOR('',#8012,10.);
#2058=VECTOR('',#8013,10.);
#2059=VECTOR('',#8014,10.);
#2060=VECTOR('',#8015,10.);
#2061=VECTOR('',#8018,10.);
#2062=VECTOR('',#8019,10.);
#2063=VECTOR('',#8022,10.);
#2064=VECTOR('',#8023,10.);
#2065=VECTOR('',#8024,10.);
#2066=VECTOR('',#8025,10.);
#2067=VECTOR('',#8028,10.);
#2068=VECTOR('',#8029,10.);
#2069=VECTOR('',#8030,10.);
#2070=VECTOR('',#8031,10.);
#2071=VECTOR('',#8032,10.);
#2072=VECTOR('',#8035,10.);
#2073=VECTOR('',#8036,10.);
#2074=VECTOR('',#8037,10.);
#2075=VECTOR('',#8040,10.);
#2076=VECTOR('',#8041,10.);
#2077=VECTOR('',#8042,10.);
#2078=VECTOR('',#8045,10.);
#2079=VECTOR('',#8046,10.);
#2080=VECTOR('',#8049,10.);
#2081=VECTOR('',#8050,10.);
#2082=VECTOR('',#8051,10.);
#2083=VECTOR('',#8052,10.);
#2084=VECTOR('',#8055,10.);
#2085=VECTOR('',#8056,10.);
#2086=VECTOR('',#8059,10.);
#2087=VECTOR('',#8060,10.);
#2088=VECTOR('',#8061,10.);
#2089=VECTOR('',#8062,10.);
#2090=VECTOR('',#8065,10.);
#2091=VECTOR('',#8066,10.);
#2092=VECTOR('',#8067,10.);
#2093=VECTOR('',#8068,10.);
#2094=VECTOR('',#8069,10.);
#2095=VECTOR('',#8072,10.);
#2096=VECTOR('',#8073,10.);
#2097=VECTOR('',#8074,10.);
#2098=VECTOR('',#8077,10.);
#2099=VECTOR('',#8078,10.);
#2100=VECTOR('',#8079,10.);
#2101=VECTOR('',#8082,10.);
#2102=VECTOR('',#8083,10.);
#2103=VECTOR('',#8086,10.);
#2104=VECTOR('',#8087,10.);
#2105=VECTOR('',#8088,10.);
#2106=VECTOR('',#8089,10.);
#2107=VECTOR('',#8092,10.);
#2108=VECTOR('',#8093,10.);
#2109=VECTOR('',#8096,10.);
#2110=VECTOR('',#8097,10.);
#2111=VECTOR('',#8098,10.);
#2112=VECTOR('',#8099,10.);
#2113=VECTOR('',#8102,10.);
#2114=VECTOR('',#8103,10.);
#2115=VECTOR('',#8104,10.);
#2116=VECTOR('',#8105,10.);
#2117=VECTOR('',#8106,10.);
#2118=VECTOR('',#8109,10.);
#2119=VECTOR('',#8110,10.);
#2120=VECTOR('',#8111,10.);
#2121=VECTOR('',#8114,10.);
#2122=VECTOR('',#8115,10.);
#2123=VECTOR('',#8116,10.);
#2124=VECTOR('',#8119,10.);
#2125=VECTOR('',#8120,10.);
#2126=VECTOR('',#8123,10.);
#2127=VECTOR('',#8124,10.);
#2128=VECTOR('',#8125,10.);
#2129=VECTOR('',#8126,10.);
#2130=VECTOR('',#8129,10.);
#2131=VECTOR('',#8130,10.);
#2132=VECTOR('',#8133,10.);
#2133=VECTOR('',#8134,10.);
#2134=VECTOR('',#8135,10.);
#2135=VECTOR('',#8136,10.);
#2136=VECTOR('',#8139,10.);
#2137=VECTOR('',#8140,10.);
#2138=VECTOR('',#8141,10.);
#2139=VECTOR('',#8142,10.);
#2140=VECTOR('',#8143,10.);
#2141=VECTOR('',#8146,10.);
#2142=VECTOR('',#8147,10.);
#2143=VECTOR('',#8148,10.);
#2144=VECTOR('',#8151,10.);
#2145=VECTOR('',#8152,10.);
#2146=VECTOR('',#8153,10.);
#2147=VECTOR('',#8156,10.);
#2148=VECTOR('',#8157,10.);
#2149=VECTOR('',#8160,10.);
#2150=VECTOR('',#8161,10.);
#2151=VECTOR('',#8162,10.);
#2152=VECTOR('',#8163,10.);
#2153=VECTOR('',#8166,10.);
#2154=VECTOR('',#8167,10.);
#2155=VECTOR('',#8170,10.);
#2156=VECTOR('',#8171,10.);
#2157=VECTOR('',#8172,10.);
#2158=VECTOR('',#8173,10.);
#2159=VECTOR('',#8176,10.);
#2160=VECTOR('',#8177,10.);
#2161=VECTOR('',#8178,10.);
#2162=VECTOR('',#8179,10.);
#2163=VECTOR('',#8180,10.);
#2164=VECTOR('',#8183,10.);
#2165=VECTOR('',#8184,10.);
#2166=VECTOR('',#8185,10.);
#2167=VECTOR('',#8188,10.);
#2168=VECTOR('',#8189,10.);
#2169=VECTOR('',#8190,10.);
#2170=VECTOR('',#8193,10.);
#2171=VECTOR('',#8194,10.);
#2172=VECTOR('',#8197,10.);
#2173=VECTOR('',#8198,10.);
#2174=VECTOR('',#8199,10.);
#2175=VECTOR('',#8200,10.);
#2176=VECTOR('',#8203,10.);
#2177=VECTOR('',#8204,10.);
#2178=VECTOR('',#8207,10.);
#2179=VECTOR('',#8208,10.);
#2180=VECTOR('',#8209,10.);
#2181=VECTOR('',#8210,10.);
#2182=VECTOR('',#8211,10.);
#2183=VECTOR('',#8212,10.);
#2184=VECTOR('',#8217,10.);
#2185=VECTOR('',#8218,10.);
#2186=VECTOR('',#8223,10.);
#2187=VECTOR('',#8224,10.);
#2188=VECTOR('',#8225,10.);
#2189=VECTOR('',#8226,10.);
#2190=VECTOR('',#8229,10.);
#2191=VECTOR('',#8230,10.);
#2192=VECTOR('',#8231,10.);
#2193=VECTOR('',#8232,10.);
#2194=VECTOR('',#8235,10.);
#2195=VECTOR('',#8236,10.);
#2196=VECTOR('',#8239,10.);
#2197=VECTOR('',#8240,10.);
#2198=VECTOR('',#8241,10.);
#2199=VECTOR('',#8244,10.);
#2200=VECTOR('',#8245,10.);
#2201=VECTOR('',#8250,10.);
#2202=VECTOR('',#8251,10.);
#2203=VECTOR('',#8252,10.);
#2204=VECTOR('',#8253,10.);
#2205=VECTOR('',#8256,10.);
#2206=VECTOR('',#8257,10.);
#2207=VECTOR('',#8258,10.);
#2208=VECTOR('',#8261,10.);
#2209=VECTOR('',#8262,10.);
#2210=VECTOR('',#8263,10.);
#2211=VECTOR('',#8266,10.);
#2212=VECTOR('',#8267,10.);
#2213=VECTOR('',#8268,10.);
#2214=VECTOR('',#8271,10.);
#2215=VECTOR('',#8272,10.);
#2216=VECTOR('',#8273,10.);
#2217=VECTOR('',#8276,10.);
#2218=VECTOR('',#8277,10.);
#2219=VECTOR('',#8280,10.);
#2220=VECTOR('',#8281,10.);
#2221=VECTOR('',#8282,10.);
#2222=VECTOR('',#8283,10.);
#2223=VECTOR('',#8286,10.);
#2224=VECTOR('',#8287,10.);
#2225=VECTOR('',#8288,10.);
#2226=VECTOR('',#8291,10.);
#2227=VECTOR('',#8292,10.);
#2228=VECTOR('',#8293,10.);
#2229=VECTOR('',#8296,10.);
#2230=VECTOR('',#8297,10.);
#2231=VECTOR('',#8298,10.);
#2232=VECTOR('',#8301,10.);
#2233=VECTOR('',#8302,10.);
#2234=VECTOR('',#8303,10.);
#2235=VECTOR('',#8306,10.);
#2236=VECTOR('',#8307,10.);
#2237=VECTOR('',#8310,10.);
#2238=VECTOR('',#8311,10.);
#2239=VECTOR('',#8312,10.);
#2240=VECTOR('',#8313,10.);
#2241=VECTOR('',#8316,10.);
#2242=VECTOR('',#8317,10.);
#2243=VECTOR('',#8318,10.);
#2244=VECTOR('',#8321,10.);
#2245=VECTOR('',#8322,10.);
#2246=VECTOR('',#8323,10.);
#2247=VECTOR('',#8326,10.);
#2248=VECTOR('',#8327,10.);
#2249=VECTOR('',#8328,10.);
#2250=VECTOR('',#8331,10.);
#2251=VECTOR('',#8332,10.);
#2252=VECTOR('',#8333,10.);
#2253=VECTOR('',#8336,10.);
#2254=VECTOR('',#8337,10.);
#2255=VECTOR('',#8340,10.);
#2256=VECTOR('',#8341,10.);
#2257=VECTOR('',#8342,10.);
#2258=VECTOR('',#8343,10.);
#2259=VECTOR('',#8346,10.);
#2260=VECTOR('',#8347,10.);
#2261=VECTOR('',#8348,10.);
#2262=VECTOR('',#8351,10.);
#2263=VECTOR('',#8352,10.);
#2264=VECTOR('',#8353,10.);
#2265=VECTOR('',#8356,10.);
#2266=VECTOR('',#8357,10.);
#2267=VECTOR('',#8358,10.);
#2268=VECTOR('',#8361,10.);
#2269=VECTOR('',#8362,10.);
#2270=VECTOR('',#8363,10.);
#2271=VECTOR('',#8366,10.);
#2272=VECTOR('',#8367,10.);
#2273=VECTOR('',#8370,10.);
#2274=VECTOR('',#8371,10.);
#2275=VECTOR('',#8372,10.);
#2276=VECTOR('',#8373,10.);
#2277=VECTOR('',#8376,10.);
#2278=VECTOR('',#8377,10.);
#2279=VECTOR('',#8378,10.);
#2280=VECTOR('',#8381,10.);
#2281=VECTOR('',#8382,10.);
#2282=VECTOR('',#8383,10.);
#2283=VECTOR('',#8386,10.);
#2284=VECTOR('',#8387,10.);
#2285=VECTOR('',#8388,10.);
#2286=VECTOR('',#8391,10.);
#2287=VECTOR('',#8392,10.);
#2288=VECTOR('',#8393,10.);
#2289=VECTOR('',#8396,10.);
#2290=VECTOR('',#8397,10.);
#2291=VECTOR('',#8408,4.64999999999999);
#2292=VECTOR('',#8413,10.);
#2293=VECTOR('',#8414,10.);
#2294=VECTOR('',#8415,10.);
#2295=VECTOR('',#8416,10.);
#2296=VECTOR('',#8417,10.);
#2297=VECTOR('',#8418,10.);
#2298=VECTOR('',#8419,10.);
#2299=VECTOR('',#8420,10.);
#2300=VECTOR('',#8421,10.);
#2301=VECTOR('',#8422,10.);
#2302=VECTOR('',#8423,10.);
#2303=VECTOR('',#8424,10.);
#2304=VECTOR('',#8425,10.);
#2305=VECTOR('',#8426,10.);
#2306=VECTOR('',#8427,10.);
#2307=VECTOR('',#8428,10.);
#2308=VECTOR('',#8429,10.);
#2309=VECTOR('',#8430,10.);
#2310=VECTOR('',#8431,10.);
#2311=VECTOR('',#8432,10.);
#2312=VECTOR('',#8433,10.);
#2313=VECTOR('',#8434,10.);
#2314=VECTOR('',#8435,10.);
#2315=VECTOR('',#8436,10.);
#2316=VECTOR('',#8437,10.);
#2317=VECTOR('',#8438,10.);
#2318=VECTOR('',#8439,10.);
#2319=VECTOR('',#8440,10.);
#2320=VECTOR('',#8441,10.);
#2321=VECTOR('',#8442,10.);
#2322=VECTOR('',#8443,10.);
#2323=VECTOR('',#8444,10.);
#2324=VECTOR('',#8445,10.);
#2325=VECTOR('',#8446,10.);
#2326=VECTOR('',#8447,10.);
#2327=VECTOR('',#8448,10.);
#2328=VECTOR('',#8449,10.);
#2329=VECTOR('',#8450,10.);
#2330=VECTOR('',#8451,10.);
#2331=VECTOR('',#8452,10.);
#2332=VECTOR('',#8453,10.);
#2333=VECTOR('',#8454,10.);
#2334=VECTOR('',#8455,10.);
#2335=VECTOR('',#8456,10.);
#2336=VECTOR('',#8459,10.);
#2337=VECTOR('',#8462,10.);
#2338=VECTOR('',#8463,10.);
#2339=VECTOR('',#8464,10.);
#2340=VECTOR('',#8465,10.);
#2341=VECTOR('',#8466,10.);
#2342=VECTOR('',#8467,10.);
#2343=VECTOR('',#8468,10.);
#2344=VECTOR('',#8469,10.);
#2345=VECTOR('',#8470,10.);
#2346=VECTOR('',#8471,10.);
#2347=VECTOR('',#8474,10.);
#2348=VECTOR('',#8483,10.);
#2349=VECTOR('',#8484,10.);
#2350=VECTOR('',#8485,10.);
#2351=VECTOR('',#8488,10.);
#2352=VECTOR('',#8489,10.);
#2353=VECTOR('',#8490,10.);
#2354=VECTOR('',#8491,10.);
#2355=VECTOR('',#8494,10.);
#2356=VECTOR('',#8495,10.);
#2357=VECTOR('',#8496,10.);
#2358=VECTOR('',#8499,10.);
#2359=VECTOR('',#8500,10.);
#2360=VECTOR('',#8501,10.);
#2361=VECTOR('',#8504,10.);
#2362=VECTOR('',#8505,10.);
#2363=VECTOR('',#8506,10.);
#2364=VECTOR('',#8509,10.);
#2365=VECTOR('',#8510,10.);
#2366=VECTOR('',#8511,10.);
#2367=VECTOR('',#8514,10.);
#2368=VECTOR('',#8515,10.);
#2369=VECTOR('',#8518,10.);
#2370=VECTOR('',#8519,10.);
#2371=VECTOR('',#8520,10.);
#2372=VECTOR('',#8521,10.);
#2373=VECTOR('',#8524,10.);
#2374=VECTOR('',#8525,10.);
#2375=VECTOR('',#8526,10.);
#2376=VECTOR('',#8529,10.);
#2377=VECTOR('',#8530,10.);
#2378=VECTOR('',#8531,10.);
#2379=VECTOR('',#8534,10.);
#2380=VECTOR('',#8535,10.);
#2381=VECTOR('',#8536,10.);
#2382=VECTOR('',#8539,10.);
#2383=VECTOR('',#8540,10.);
#2384=VECTOR('',#8541,10.);
#2385=VECTOR('',#8544,10.);
#2386=VECTOR('',#8545,10.);
#2387=VECTOR('',#8548,10.);
#2388=VECTOR('',#8549,10.);
#2389=VECTOR('',#8550,10.);
#2390=VECTOR('',#8551,10.);
#2391=VECTOR('',#8554,10.);
#2392=VECTOR('',#8555,10.);
#2393=VECTOR('',#8556,10.);
#2394=VECTOR('',#8559,10.);
#2395=VECTOR('',#8560,10.);
#2396=VECTOR('',#8561,10.);
#2397=VECTOR('',#8564,10.);
#2398=VECTOR('',#8565,10.);
#2399=VECTOR('',#8566,10.);
#2400=VECTOR('',#8569,10.);
#2401=VECTOR('',#8570,10.);
#2402=VECTOR('',#8571,10.);
#2403=VECTOR('',#8574,10.);
#2404=VECTOR('',#8575,10.);
#2405=VECTOR('',#8578,10.);
#2406=VECTOR('',#8579,10.);
#2407=VECTOR('',#8580,10.);
#2408=VECTOR('',#8581,10.);
#2409=VECTOR('',#8584,10.);
#2410=VECTOR('',#8585,10.);
#2411=VECTOR('',#8586,10.);
#2412=VECTOR('',#8589,10.);
#2413=VECTOR('',#8590,10.);
#2414=VECTOR('',#8591,10.);
#2415=VECTOR('',#8594,10.);
#2416=VECTOR('',#8595,10.);
#2417=VECTOR('',#8596,10.);
#2418=VECTOR('',#8599,10.);
#2419=VECTOR('',#8600,10.);
#2420=VECTOR('',#8601,10.);
#2421=VECTOR('',#8604,10.);
#2422=VECTOR('',#8605,10.);
#2423=VECTOR('',#8608,10.);
#2424=VECTOR('',#8609,10.);
#2425=VECTOR('',#8610,10.);
#2426=VECTOR('',#8611,10.);
#2427=VECTOR('',#8612,10.);
#2428=VECTOR('',#8615,10.);
#2429=VECTOR('',#8616,10.);
#2430=VECTOR('',#8619,10.);
#2431=VECTOR('',#8620,10.);
#2432=VECTOR('',#8621,10.);
#2433=VECTOR('',#8622,10.);
#2434=VECTOR('',#8625,10.);
#2435=VECTOR('',#8626,10.);
#2436=VECTOR('',#8627,10.);
#2437=VECTOR('',#8630,10.);
#2438=VECTOR('',#8633,10.);
#2439=VECTOR('',#8634,10.);
#2440=VECTOR('',#8635,10.);
#2441=VECTOR('',#8638,10.);
#2442=VECTOR('',#8639,10.);
#2443=VECTOR('',#8642,10.);
#2444=VECTOR('',#8643,10.);
#2445=VECTOR('',#8644,10.);
#2446=VECTOR('',#8645,10.);
#2447=VECTOR('',#8646,10.);
#2448=VECTOR('',#8649,10.);
#2449=VECTOR('',#8650,10.);
#2450=VECTOR('',#8653,10.);
#2451=VECTOR('',#8654,10.);
#2452=VECTOR('',#8655,10.);
#2453=VECTOR('',#8656,10.);
#2454=VECTOR('',#8659,10.);
#2455=VECTOR('',#8660,10.);
#2456=VECTOR('',#8661,10.);
#2457=VECTOR('',#8664,10.);
#2458=VECTOR('',#8667,10.);
#2459=VECTOR('',#8668,10.);
#2460=VECTOR('',#8669,10.);
#2461=VECTOR('',#8672,10.);
#2462=VECTOR('',#8673,10.);
#2463=VECTOR('',#8676,10.);
#2464=VECTOR('',#8677,10.);
#2465=VECTOR('',#8678,10.);
#2466=VECTOR('',#8679,10.);
#2467=VECTOR('',#8682,10.);
#2468=VECTOR('',#8683,10.);
#2469=VECTOR('',#8684,10.);
#2470=VECTOR('',#8687,10.);
#2471=VECTOR('',#8688,10.);
#2472=VECTOR('',#8689,10.);
#2473=VECTOR('',#8692,10.);
#2474=VECTOR('',#8693,10.);
#2475=VECTOR('',#8694,10.);
#2476=VECTOR('',#8697,10.);
#2477=VECTOR('',#8698,10.);
#2478=VECTOR('',#8699,10.);
#2479=VECTOR('',#8702,10.);
#2480=VECTOR('',#8703,10.);
#2481=VECTOR('',#8706,10.);
#2482=VECTOR('',#8707,10.);
#2483=VECTOR('',#8708,10.);
#2484=VECTOR('',#8709,10.);
#2485=VECTOR('',#8710,10.);
#2486=VECTOR('',#8713,10.);
#2487=VECTOR('',#8714,10.);
#2488=VECTOR('',#8717,10.);
#2489=VECTOR('',#8718,10.);
#2490=VECTOR('',#8719,10.);
#2491=VECTOR('',#8720,10.);
#2492=VECTOR('',#8723,10.);
#2493=VECTOR('',#8724,10.);
#2494=VECTOR('',#8725,10.);
#2495=VECTOR('',#8728,10.);
#2496=VECTOR('',#8731,10.);
#2497=VECTOR('',#8732,10.);
#2498=VECTOR('',#8733,10.);
#2499=VECTOR('',#8736,10.);
#2500=VECTOR('',#8737,10.);
#2501=VECTOR('',#8740,10.);
#2502=VECTOR('',#8741,10.);
#2503=VECTOR('',#8742,10.);
#2504=VECTOR('',#8743,10.);
#2505=VECTOR('',#8744,10.);
#2506=VECTOR('',#8747,10.);
#2507=VECTOR('',#8748,10.);
#2508=VECTOR('',#8751,10.);
#2509=VECTOR('',#8752,10.);
#2510=VECTOR('',#8753,10.);
#2511=VECTOR('',#8754,10.);
#2512=VECTOR('',#8757,10.);
#2513=VECTOR('',#8758,10.);
#2514=VECTOR('',#8759,10.);
#2515=VECTOR('',#8762,10.);
#2516=VECTOR('',#8765,10.);
#2517=VECTOR('',#8766,10.);
#2518=VECTOR('',#8767,10.);
#2519=VECTOR('',#8770,10.);
#2520=VECTOR('',#8771,10.);
#2521=VECTOR('',#8774,10.);
#2522=VECTOR('',#8775,10.);
#2523=VECTOR('',#8776,10.);
#2524=VECTOR('',#8777,10.);
#2525=VECTOR('',#8778,10.);
#2526=VECTOR('',#8781,10.);
#2527=VECTOR('',#8782,10.);
#2528=VECTOR('',#8785,10.);
#2529=VECTOR('',#8786,10.);
#2530=VECTOR('',#8787,10.);
#2531=VECTOR('',#8788,10.);
#2532=VECTOR('',#8791,10.);
#2533=VECTOR('',#8792,10.);
#2534=VECTOR('',#8793,10.);
#2535=VECTOR('',#8796,10.);
#2536=VECTOR('',#8799,10.);
#2537=VECTOR('',#8800,10.);
#2538=VECTOR('',#8801,10.);
#2539=VECTOR('',#8804,10.);
#2540=VECTOR('',#8805,10.);
#2541=VECTOR('',#8808,10.);
#2542=VECTOR('',#8809,10.);
#2543=VECTOR('',#8810,10.);
#2544=VECTOR('',#8811,10.);
#2545=VECTOR('',#8812,10.);
#2546=VECTOR('',#8815,10.);
#2547=VECTOR('',#8816,10.);
#2548=VECTOR('',#8819,10.);
#2549=VECTOR('',#8820,10.);
#2550=VECTOR('',#8821,10.);
#2551=VECTOR('',#8822,10.);
#2552=VECTOR('',#8825,10.);
#2553=VECTOR('',#8826,10.);
#2554=VECTOR('',#8827,10.);
#2555=VECTOR('',#8830,10.);
#2556=VECTOR('',#8833,10.);
#2557=VECTOR('',#8834,10.);
#2558=VECTOR('',#8835,10.);
#2559=VECTOR('',#8838,10.);
#2560=VECTOR('',#8839,10.);
#2561=VECTOR('',#8842,10.);
#2562=VECTOR('',#8843,10.);
#2563=VECTOR('',#8844,10.);
#2564=VECTOR('',#8845,10.);
#2565=VECTOR('',#8846,10.);
#2566=VECTOR('',#8849,10.);
#2567=VECTOR('',#8850,10.);
#2568=VECTOR('',#8853,10.);
#2569=VECTOR('',#8854,10.);
#2570=VECTOR('',#8855,10.);
#2571=VECTOR('',#8856,10.);
#2572=VECTOR('',#8859,10.);
#2573=VECTOR('',#8860,10.);
#2574=VECTOR('',#8861,10.);
#2575=VECTOR('',#8864,10.);
#2576=VECTOR('',#8867,10.);
#2577=VECTOR('',#8868,10.);
#2578=VECTOR('',#8869,10.);
#2579=VECTOR('',#8872,10.);
#2580=VECTOR('',#8873,10.);
#2581=VECTOR('',#8876,10.);
#2582=VECTOR('',#8877,10.);
#2583=VECTOR('',#8878,10.);
#2584=VECTOR('',#8879,10.);
#2585=VECTOR('',#8880,10.);
#2586=VECTOR('',#8883,10.);
#2587=VECTOR('',#8884,10.);
#2588=VECTOR('',#8887,10.);
#2589=VECTOR('',#8888,10.);
#2590=VECTOR('',#8889,10.);
#2591=VECTOR('',#8890,10.);
#2592=VECTOR('',#8893,10.);
#2593=VECTOR('',#8894,10.);
#2594=VECTOR('',#8895,10.);
#2595=VECTOR('',#8898,10.);
#2596=VECTOR('',#8901,10.);
#2597=VECTOR('',#8902,10.);
#2598=VECTOR('',#8903,10.);
#2599=VECTOR('',#8906,10.);
#2600=VECTOR('',#8907,10.);
#2601=VECTOR('',#8910,10.);
#2602=VECTOR('',#8911,10.);
#2603=VECTOR('',#8912,10.);
#2604=VECTOR('',#8913,10.);
#2605=VECTOR('',#8916,10.);
#2606=VECTOR('',#8917,10.);
#2607=VECTOR('',#8918,10.);
#2608=VECTOR('',#8921,10.);
#2609=VECTOR('',#8922,10.);
#2610=VECTOR('',#8923,10.);
#2611=VECTOR('',#8926,10.);
#2612=VECTOR('',#8927,10.);
#2613=VECTOR('',#8928,10.);
#2614=VECTOR('',#8931,10.);
#2615=VECTOR('',#8932,10.);
#2616=VECTOR('',#8933,10.);
#2617=VECTOR('',#8936,10.);
#2618=VECTOR('',#8937,10.);
#2619=VECTOR('',#8940,10.);
#2620=VECTOR('',#8941,10.);
#2621=VECTOR('',#8942,10.);
#2622=VECTOR('',#8943,10.);
#2623=VECTOR('',#8944,10.);
#2624=VECTOR('',#8947,10.);
#2625=VECTOR('',#8948,10.);
#2626=VECTOR('',#8951,10.);
#2627=VECTOR('',#8952,10.);
#2628=VECTOR('',#8953,10.);
#2629=VECTOR('',#8954,10.);
#2630=VECTOR('',#8957,10.);
#2631=VECTOR('',#8958,10.);
#2632=VECTOR('',#8959,10.);
#2633=VECTOR('',#8962,10.);
#2634=VECTOR('',#8963,10.);
#2635=VECTOR('',#8964,10.);
#2636=VECTOR('',#8967,10.);
#2637=VECTOR('',#8968,10.);
#2638=VECTOR('',#8971,10.);
#2639=VECTOR('',#8974,10.);
#2640=VECTOR('',#8975,10.);
#2641=VECTOR('',#8976,10.);
#2642=VECTOR('',#8977,10.);
#2643=VECTOR('',#8980,10.);
#2644=VECTOR('',#8981,10.);
#2645=VECTOR('',#8982,10.);
#2646=VECTOR('',#8985,10.);
#2647=VECTOR('',#8986,10.);
#2648=VECTOR('',#8987,10.);
#2649=VECTOR('',#8990,10.);
#2650=VECTOR('',#8991,10.);
#2651=VECTOR('',#8992,10.);
#2652=VECTOR('',#8995,10.);
#2653=VECTOR('',#8996,10.);
#2654=VECTOR('',#8997,10.);
#2655=VECTOR('',#9000,10.);
#2656=VECTOR('',#9001,10.);
#2657=VECTOR('',#9004,10.);
#2658=VECTOR('',#9005,10.);
#2659=VECTOR('',#9006,10.);
#2660=VECTOR('',#9007,10.);
#2661=VECTOR('',#9008,10.);
#2662=VECTOR('',#9011,10.);
#2663=VECTOR('',#9012,10.);
#2664=VECTOR('',#9015,10.);
#2665=VECTOR('',#9016,10.);
#2666=VECTOR('',#9017,10.);
#2667=VECTOR('',#9018,10.);
#2668=VECTOR('',#9021,10.);
#2669=VECTOR('',#9022,10.);
#2670=VECTOR('',#9023,10.);
#2671=VECTOR('',#9026,10.);
#2672=VECTOR('',#9029,10.);
#2673=VECTOR('',#9030,10.);
#2674=VECTOR('',#9031,10.);
#2675=VECTOR('',#9034,10.);
#2676=VECTOR('',#9035,10.);
#2677=VECTOR('',#9038,10.);
#2678=VECTOR('',#9039,10.);
#2679=VECTOR('',#9040,10.);
#2680=VECTOR('',#9041,10.);
#2681=VECTOR('',#9044,10.);
#2682=VECTOR('',#9045,10.);
#2683=VECTOR('',#9046,10.);
#2684=VECTOR('',#9049,10.);
#2685=VECTOR('',#9050,10.);
#2686=VECTOR('',#9051,10.);
#2687=VECTOR('',#9054,10.);
#2688=VECTOR('',#9055,10.);
#2689=VECTOR('',#9056,10.);
#2690=VECTOR('',#9059,10.);
#2691=VECTOR('',#9060,10.);
#2692=VECTOR('',#9061,10.);
#2693=VECTOR('',#9064,10.);
#2694=VECTOR('',#9065,10.);
#2695=VECTOR('',#9068,10.);
#2696=VECTOR('',#9069,10.);
#2697=VECTOR('',#9070,10.);
#2698=VECTOR('',#9071,10.);
#2699=VECTOR('',#9074,10.);
#2700=VECTOR('',#9075,10.);
#2701=VECTOR('',#9076,10.);
#2702=VECTOR('',#9079,10.);
#2703=VECTOR('',#9080,10.);
#2704=VECTOR('',#9081,10.);
#2705=VECTOR('',#9084,10.);
#2706=VECTOR('',#9085,10.);
#2707=VECTOR('',#9086,10.);
#2708=VECTOR('',#9089,10.);
#2709=VECTOR('',#9090,10.);
#2710=VECTOR('',#9091,10.);
#2711=VECTOR('',#9094,10.);
#2712=VECTOR('',#9095,10.);
#2713=VECTOR('',#9098,10.);
#2714=VECTOR('',#9099,10.);
#2715=VECTOR('',#9100,10.);
#2716=VECTOR('',#9101,10.);
#2717=VECTOR('',#9104,10.);
#2718=VECTOR('',#9105,10.);
#2719=VECTOR('',#9106,10.);
#2720=VECTOR('',#9109,10.);
#2721=VECTOR('',#9110,10.);
#2722=VECTOR('',#9111,10.);
#2723=VECTOR('',#9114,10.);
#2724=VECTOR('',#9115,10.);
#2725=VECTOR('',#9116,10.);
#2726=VECTOR('',#9119,10.);
#2727=VECTOR('',#9120,10.);
#2728=VECTOR('',#9121,10.);
#2729=VECTOR('',#9124,10.);
#2730=VECTOR('',#9125,10.);
#2731=VECTOR('',#9128,10.);
#2732=VECTOR('',#9129,10.);
#2733=VECTOR('',#9134,10.);
#2734=VECTOR('',#9135,10.);
#2735=VECTOR('',#9138,10.);
#2736=VECTOR('',#9143,10.);
#2737=VECTOR('',#9144,10.);
#2738=VECTOR('',#9147,10.);
#2739=VECTOR('',#9168,10.);
#2740=VECTOR('',#9173,10.);
#2741=VECTOR('',#9174,10.);
#2742=VECTOR('',#9175,10.);
#2743=VECTOR('',#9176,10.);
#2744=VECTOR('',#9179,10.);
#2745=VECTOR('',#9184,10.);
#2746=VECTOR('',#9187,10.);
#2747=VECTOR('',#9190,10.);
#2748=VECTOR('',#9191,10.);
#2749=VECTOR('',#9192,10.);
#2750=VECTOR('',#9195,10.);
#2751=VECTOR('',#9196,10.);
#2752=VECTOR('',#9199,10.);
#2753=VECTOR('',#9200,10.);
#2754=VECTOR('',#9203,10.);
#2755=VECTOR('',#9206,10.);
#2756=VECTOR('',#9209,10.);
#2757=VECTOR('',#9212,10.);
#2758=VECTOR('',#9215,10.);
#2759=VECTOR('',#9216,10.);
#2760=VECTOR('',#9223,10.);
#2761=VECTOR('',#9224,10.);
#2762=VECTOR('',#9231,10.);
#2763=VECTOR('',#9252,10.);
#2764=VECTOR('',#9267,3.5);
#2765=VECTOR('',#9278,3.5);
#2766=VECTOR('',#9281,1.65000000000001);
#2767=VECTOR('',#9286,1.65000000000001);
#2768=VECTOR('',#9291,1.65);
#2769=VECTOR('',#9298,10.);
#2770=VECTOR('',#9301,10.);
#2771=B_SPLINE_CURVE_WITH_KNOTS('',3,(#9308,#9309,#9310,#9311),
 .UNSPECIFIED.,.F.,.F.,(4,4),(0.423784268716426,0.435142231949015),
 .UNSPECIFIED.);
#2772=B_SPLINE_CURVE_WITH_KNOTS('',3,(#9316,#9317,#9318,#9319),
 .UNSPECIFIED.,.F.,.F.,(4,4),(0.423784268716426,0.435142231949015),
 .UNSPECIFIED.);
#2773=B_SPLINE_CURVE_WITH_KNOTS('',3,(#9328,#9329,#9330,#9331,#9332,#9333,
#9334,#9335,#9336,#9337,#9338,#9339),.UNSPECIFIED.,.F.,.F.,(4,2,2,2,2,4),
(0.337988017116295,0.355248607157842,0.373801462668534,0.421250449409596,
0.470309749286428,0.565756277462346),.UNSPECIFIED.);
#2774=B_SPLINE_CURVE_WITH_KNOTS('',3,(#9405,#9406,#9407,#9408),
 .UNSPECIFIED.,.F.,.F.,(4,4),(0.881502757450927,0.891050143915165),
 .UNSPECIFIED.);
#2775=B_SPLINE_CURVE_WITH_KNOTS('',3,(#9409,#9410,#9411,#9412),
 .UNSPECIFIED.,.F.,.F.,(4,4),(0.,0.00578786334233809),.UNSPECIFIED.);
#2776=B_SPLINE_CURVE_WITH_KNOTS('',3,(#9415,#9416,#9417,#9418,#9419,#9420,
#9421,#9422,#9423,#9424,#9425,#9426,#9427,#9428),.UNSPECIFIED.,.F.,.F.,
(4,2,3,2,3,4),(2.67247449692528,2.82587952448926,3.09625867091817,3.36663781734707,
3.48297281695919,3.51887982250267),.UNSPECIFIED.);
#2777=B_SPLINE_CURVE_WITH_KNOTS('',3,(#9432,#9433,#9434,#9435,#9436,#9437,
#9438,#9439,#9440,#9441,#9442,#9443),.UNSPECIFIED.,.F.,.F.,(4,2,2,2,2,4),
(0.33519221965724,0.45095360122645,0.587496805119237,0.699341293811037,
0.731686869729753,0.754404612948181),.UNSPECIFIED.);
#2778=B_SPLINE_CURVE_WITH_KNOTS('',3,(#9446,#9447,#9448,#9449,#9450,#9451,
#9452,#9453),.UNSPECIFIED.,.F.,.F.,(4,2,2,4),(0.754404612948181,0.777122356166608,
0.809467932085324,0.881502663258412),.UNSPECIFIED.);
#2779=B_SPLINE_CURVE_WITH_KNOTS('',3,(#9454,#9455,#9456,#9457,#9458,#9459,
#9460,#9461,#9462,#9463),.UNSPECIFIED.,.F.,.F.,(4,2,2,2,4),(0.891050049123099,
0.921312412271473,1.05785557778694,1.17361692681983,1.18382717886811),
 .UNSPECIFIED.);
#2780=B_SPLINE_CURVE_WITH_KNOTS('',3,(#9474,#9475,#9476,#9477,#9478,#9479),
 .UNSPECIFIED.,.F.,.F.,(4,2,4),(0.25188148981968,0.301108550015686,0.379484001641386),
 .UNSPECIFIED.);
#2781=B_SPLINE_CURVE_WITH_KNOTS('',3,(#9499,#9500,#9501,#9502,#9503,#9504,
#9505,#9506,#9507,#9508),.UNSPECIFIED.,.F.,.F.,(4,2,2,2,4),(0.997518922943629,
1.03003477697656,1.10735271415934,1.18467065134211,1.21718650537504),
 .UNSPECIFIED.);
#2782=B_SPLINE_CURVE_WITH_KNOTS('',3,(#9670,#9671,#9672,#9673),
 .UNSPECIFIED.,.F.,.F.,(4,4),(0.906604111427018,0.960879533855808),
 .UNSPECIFIED.);
#2783=B_SPLINE_CURVE_WITH_KNOTS('',3,(#9715,#9716,#9717,#9718),
 .UNSPECIFIED.,.F.,.F.,(4,4),(0.325418780980001,0.379694203408786),
 .UNSPECIFIED.);
#2784=B_SPLINE_CURVE_WITH_KNOTS('',3,(#9744,#9745,#9746,#9747),
 .UNSPECIFIED.,.F.,.F.,(4,4),(1.11637375749739,1.1932087340675),
 .UNSPECIFIED.);
#2785=B_SPLINE_CURVE_WITH_KNOTS('',3,(#9748,#9749,#9750,#9751),
 .UNSPECIFIED.,.F.,.F.,(4,4),(1.1932087340675,1.2700437106376),
 .UNSPECIFIED.);
#2786=B_SPLINE_CURVE_WITH_KNOTS('',3,(#10180,#10181,#10182,#10183,#10184,
#10185),.UNSPECIFIED.,.F.,.F.,(4,2,4),(0.498493657416791,0.550421026105928,
0.587851526479832),.UNSPECIFIED.);
#2787=B_SPLINE_CURVE_WITH_KNOTS('',3,(#10207,#10208,#10209,#10210,#10211,
#10212),.UNSPECIFIED.,.F.,.F.,(4,2,4),(0.693874541941238,0.731305042315142,
0.783232411004281),.UNSPECIFIED.);
#2788=B_SPLINE_CURVE_WITH_KNOTS('',3,(#10529,#10530,#10531,#10532,#10533,
#10534),.UNSPECIFIED.,.F.,.F.,(4,2,4),(-0.423784182811617,-0.270379149517774,
-0.0992221207505432),.UNSPECIFIED.);
#2789=B_SPLINE_CURVE_WITH_KNOTS('',3,(#10537,#10538,#10539,#10540,#10541,
#10542,#10543,#10544,#10545,#10546,#10547),.UNSPECIFIED.,.F.,.F.,(4,2,3,
2,4),(-0.423784178402249,-0.270379147973338,0.,0.270379147973338,0.423784178402249),
 .UNSPECIFIED.);
#2790=B_SPLINE_CURVE_WITH_KNOTS('',3,(#10548,#10549,#10550,#10551,#10552,
#10553),.UNSPECIFIED.,.F.,.F.,(4,2,4),(0.0992221207505439,0.270379149517774,
0.423784182811617),.UNSPECIFIED.);
#2791=B_SPLINE_CURVE_WITH_KNOTS('',3,(#10556,#10557,#10558,#10559),
 .UNSPECIFIED.,.F.,.F.,(4,4),(2.67247451481462,2.75584144931177),
 .UNSPECIFIED.);
#2792=B_SPLINE_CURVE_WITH_KNOTS('',3,(#11342,#11343,#11344,#11345,#11346,
#11347,#11348),.UNSPECIFIED.,.F.,.F.,(4,3,4),(1.22020192218933,1.31413556576693,
1.37414268708141),.UNSPECIFIED.);
#2793=B_SPLINE_CURVE_WITH_KNOTS('',3,(#11447,#11448,#11449,#11450,#11451,
#11452,#11453,#11454,#11455,#11456),.UNSPECIFIED.,.F.,.F.,(4,2,2,2,4),(0.693587305162886,
0.721118925664326,0.803878894014615,0.898436820308326,0.930987160360526),
 .UNSPECIFIED.);
#2794=VERTEX_POINT('',#9306);
#2795=VERTEX_POINT('',#9307);
#2796=VERTEX_POINT('',#9312);
#2797=VERTEX_POINT('',#9322);
#2798=VERTEX_POINT('',#9323);
#2799=VERTEX_POINT('',#9325);
#2800=VERTEX_POINT('',#9327);
#2801=VERTEX_POINT('',#9342);
#2802=VERTEX_POINT('',#9344);
#2803=VERTEX_POINT('',#9346);
#2804=VERTEX_POINT('',#9348);
#2805=VERTEX_POINT('',#9350);
#2806=VERTEX_POINT('',#9352);
#2807=VERTEX_POINT('',#9354);
#2808=VERTEX_POINT('',#9356);
#2809=VERTEX_POINT('',#9358);
#2810=VERTEX_POINT('',#9360);
#2811=VERTEX_POINT('',#9362);
#2812=VERTEX_POINT('',#9364);
#2813=VERTEX_POINT('',#9366);
#2814=VERTEX_POINT('',#9368);
#2815=VERTEX_POINT('',#9370);
#2816=VERTEX_POINT('',#9373);
#2817=VERTEX_POINT('',#9376);
#2818=VERTEX_POINT('',#9378);
#2819=VERTEX_POINT('',#9380);
#2820=VERTEX_POINT('',#9382);
#2821=VERTEX_POINT('',#9384);
#2822=VERTEX_POINT('',#9386);
#2823=VERTEX_POINT('',#9388);
#2824=VERTEX_POINT('',#9392);
#2825=VERTEX_POINT('',#9393);
#2826=VERTEX_POINT('',#9395);
#2827=VERTEX_POINT('',#9397);
#2828=VERTEX_POINT('',#9401);
#2829=VERTEX_POINT('',#9402);
#2830=VERTEX_POINT('',#9404);
#2831=VERTEX_POINT('',#9414);
#2832=VERTEX_POINT('',#9429);
#2833=VERTEX_POINT('',#9431);
#2834=VERTEX_POINT('',#9444);
#2835=VERTEX_POINT('',#9465);
#2836=VERTEX_POINT('',#9467);
#2837=VERTEX_POINT('',#9469);
#2838=VERTEX_POINT('',#9472);
#2839=VERTEX_POINT('',#9481);
#2840=VERTEX_POINT('',#9484);
#2841=VERTEX_POINT('',#9486);
#2842=VERTEX_POINT('',#9488);
#2843=VERTEX_POINT('',#9490);
#2844=VERTEX_POINT('',#9492);
#2845=VERTEX_POINT('',#9496);
#2846=VERTEX_POINT('',#9498);
#2847=VERTEX_POINT('',#9510);
#2848=VERTEX_POINT('',#9512);
#2849=VERTEX_POINT('',#9516);
#2850=VERTEX_POINT('',#9517);
#2851=VERTEX_POINT('',#9522);
#2852=VERTEX_POINT('',#9523);
#2853=VERTEX_POINT('',#9525);
#2854=VERTEX_POINT('',#9527);
#2855=VERTEX_POINT('',#9531);
#2856=VERTEX_POINT('',#9533);
#2857=VERTEX_POINT('',#9537);
#2858=VERTEX_POINT('',#9539);
#2859=VERTEX_POINT('',#9543);
#2860=VERTEX_POINT('',#9545);
#2861=VERTEX_POINT('',#9549);
#2862=VERTEX_POINT('',#9551);
#2863=VERTEX_POINT('',#9558);
#2864=VERTEX_POINT('',#9559);
#2865=VERTEX_POINT('',#9561);
#2866=VERTEX_POINT('',#9563);
#2867=VERTEX_POINT('',#9567);
#2868=VERTEX_POINT('',#9569);
#2869=VERTEX_POINT('',#9573);
#2870=VERTEX_POINT('',#9575);
#2871=VERTEX_POINT('',#9579);
#2872=VERTEX_POINT('',#9581);
#2873=VERTEX_POINT('',#9585);
#2874=VERTEX_POINT('',#9587);
#2875=VERTEX_POINT('',#9594);
#2876=VERTEX_POINT('',#9595);
#2877=VERTEX_POINT('',#9597);
#2878=VERTEX_POINT('',#9599);
#2879=VERTEX_POINT('',#9603);
#2880=VERTEX_POINT('',#9605);
#2881=VERTEX_POINT('',#9609);
#2882=VERTEX_POINT('',#9611);
#2883=VERTEX_POINT('',#9615);
#2884=VERTEX_POINT('',#9617);
#2885=VERTEX_POINT('',#9621);
#2886=VERTEX_POINT('',#9623);
#2887=VERTEX_POINT('',#9630);
#2888=VERTEX_POINT('',#9631);
#2889=VERTEX_POINT('',#9633);
#2890=VERTEX_POINT('',#9635);
#2891=VERTEX_POINT('',#9639);
#2892=VERTEX_POINT('',#9641);
#2893=VERTEX_POINT('',#9645);
#2894=VERTEX_POINT('',#9647);
#2895=VERTEX_POINT('',#9651);
#2896=VERTEX_POINT('',#9653);
#2897=VERTEX_POINT('',#9657);
#2898=VERTEX_POINT('',#9659);
#2899=VERTEX_POINT('',#9666);
#2900=VERTEX_POINT('',#9667);
#2901=VERTEX_POINT('',#9669);
#2902=VERTEX_POINT('',#9674);
#2903=VERTEX_POINT('',#9678);
#2904=VERTEX_POINT('',#9679);
#2905=VERTEX_POINT('',#9681);
#2906=VERTEX_POINT('',#9683);
#2907=VERTEX_POINT('',#9687);
#2908=VERTEX_POINT('',#9689);
#2909=VERTEX_POINT('',#9693);
#2910=VERTEX_POINT('',#9695);
#2911=VERTEX_POINT('',#9699);
#2912=VERTEX_POINT('',#9701);
#2913=VERTEX_POINT('',#9703);
#2914=VERTEX_POINT('',#9707);
#2915=VERTEX_POINT('',#9709);
#2916=VERTEX_POINT('',#9713);
#2917=VERTEX_POINT('',#9714);
#2918=VERTEX_POINT('',#9719);
#2919=VERTEX_POINT('',#9721);
#2920=VERTEX_POINT('',#9728);
#2921=VERTEX_POINT('',#9730);
#2922=VERTEX_POINT('',#9734);
#2923=VERTEX_POINT('',#9736);
#2924=VERTEX_POINT('',#9743);
#2925=VERTEX_POINT('',#9753);
#2926=VERTEX_POINT('',#9754);
#2927=VERTEX_POINT('',#9756);
#2928=VERTEX_POINT('',#9758);
#2929=VERTEX_POINT('',#9762);
#2930=VERTEX_POINT('',#9764);
#2931=VERTEX_POINT('',#9766);
#2932=VERTEX_POINT('',#9768);
#2933=VERTEX_POINT('',#9772);
#2934=VERTEX_POINT('',#9774);
#2935=VERTEX_POINT('',#9778);
#2936=VERTEX_POINT('',#9780);
#2937=VERTEX_POINT('',#9784);
#2938=VERTEX_POINT('',#9788);
#2939=VERTEX_POINT('',#9789);
#2940=VERTEX_POINT('',#9792);
#2941=VERTEX_POINT('',#9799);
#2942=VERTEX_POINT('',#9800);
#2943=VERTEX_POINT('',#9802);
#2944=VERTEX_POINT('',#9804);
#2945=VERTEX_POINT('',#9808);
#2946=VERTEX_POINT('',#9810);
#2947=VERTEX_POINT('',#9812);
#2948=VERTEX_POINT('',#9814);
#2949=VERTEX_POINT('',#9818);
#2950=VERTEX_POINT('',#9820);
#2951=VERTEX_POINT('',#9824);
#2952=VERTEX_POINT('',#9826);
#2953=VERTEX_POINT('',#9830);
#2954=VERTEX_POINT('',#9834);
#2955=VERTEX_POINT('',#9835);
#2956=VERTEX_POINT('',#9838);
#2957=VERTEX_POINT('',#9845);
#2958=VERTEX_POINT('',#9846);
#2959=VERTEX_POINT('',#9848);
#2960=VERTEX_POINT('',#9850);
#2961=VERTEX_POINT('',#9854);
#2962=VERTEX_POINT('',#9856);
#2963=VERTEX_POINT('',#9858);
#2964=VERTEX_POINT('',#9860);
#2965=VERTEX_POINT('',#9864);
#2966=VERTEX_POINT('',#9866);
#2967=VERTEX_POINT('',#9870);
#2968=VERTEX_POINT('',#9872);
#2969=VERTEX_POINT('',#9876);
#2970=VERTEX_POINT('',#9880);
#2971=VERTEX_POINT('',#9881);
#2972=VERTEX_POINT('',#9884);
#2973=VERTEX_POINT('',#9891);
#2974=VERTEX_POINT('',#9892);
#2975=VERTEX_POINT('',#9894);
#2976=VERTEX_POINT('',#9896);
#2977=VERTEX_POINT('',#9900);
#2978=VERTEX_POINT('',#9902);
#2979=VERTEX_POINT('',#9904);
#2980=VERTEX_POINT('',#9906);
#2981=VERTEX_POINT('',#9910);
#2982=VERTEX_POINT('',#9912);
#2983=VERTEX_POINT('',#9916);
#2984=VERTEX_POINT('',#9918);
#2985=VERTEX_POINT('',#9922);
#2986=VERTEX_POINT('',#9926);
#2987=VERTEX_POINT('',#9927);
#2988=VERTEX_POINT('',#9930);
#2989=VERTEX_POINT('',#9937);
#2990=VERTEX_POINT('',#9938);
#2991=VERTEX_POINT('',#9940);
#2992=VERTEX_POINT('',#9942);
#2993=VERTEX_POINT('',#9946);
#2994=VERTEX_POINT('',#9948);
#2995=VERTEX_POINT('',#9950);
#2996=VERTEX_POINT('',#9952);
#2997=VERTEX_POINT('',#9956);
#2998=VERTEX_POINT('',#9958);
#2999=VERTEX_POINT('',#9962);
#3000=VERTEX_POINT('',#9964);
#3001=VERTEX_POINT('',#9968);
#3002=VERTEX_POINT('',#9972);
#3003=VERTEX_POINT('',#9973);
#3004=VERTEX_POINT('',#9976);
#3005=VERTEX_POINT('',#9983);
#3006=VERTEX_POINT('',#9984);
#3007=VERTEX_POINT('',#9986);
#3008=VERTEX_POINT('',#9988);
#3009=VERTEX_POINT('',#9992);
#3010=VERTEX_POINT('',#9994);
#3011=VERTEX_POINT('',#9996);
#3012=VERTEX_POINT('',#9998);
#3013=VERTEX_POINT('',#10002);
#3014=VERTEX_POINT('',#10004);
#3015=VERTEX_POINT('',#10008);
#3016=VERTEX_POINT('',#10010);
#3017=VERTEX_POINT('',#10014);
#3018=VERTEX_POINT('',#10018);
#3019=VERTEX_POINT('',#10019);
#3020=VERTEX_POINT('',#10022);
#3021=VERTEX_POINT('',#10029);
#3022=VERTEX_POINT('',#10030);
#3023=VERTEX_POINT('',#10032);
#3024=VERTEX_POINT('',#10034);
#3025=VERTEX_POINT('',#10038);
#3026=VERTEX_POINT('',#10040);
#3027=VERTEX_POINT('',#10042);
#3028=VERTEX_POINT('',#10044);
#3029=VERTEX_POINT('',#10048);
#3030=VERTEX_POINT('',#10050);
#3031=VERTEX_POINT('',#10054);
#3032=VERTEX_POINT('',#10056);
#3033=VERTEX_POINT('',#10060);
#3034=VERTEX_POINT('',#10064);
#3035=VERTEX_POINT('',#10065);
#3036=VERTEX_POINT('',#10068);
#3037=VERTEX_POINT('',#10075);
#3038=VERTEX_POINT('',#10076);
#3039=VERTEX_POINT('',#10078);
#3040=VERTEX_POINT('',#10080);
#3041=VERTEX_POINT('',#10084);
#3042=VERTEX_POINT('',#10086);
#3043=VERTEX_POINT('',#10088);
#3044=VERTEX_POINT('',#10090);
#3045=VERTEX_POINT('',#10094);
#3046=VERTEX_POINT('',#10096);
#3047=VERTEX_POINT('',#10100);
#3048=VERTEX_POINT('',#10102);
#3049=VERTEX_POINT('',#10106);
#3050=VERTEX_POINT('',#10110);
#3051=VERTEX_POINT('',#10111);
#3052=VERTEX_POINT('',#10114);
#3053=VERTEX_POINT('',#10121);
#3054=VERTEX_POINT('',#10122);
#3055=VERTEX_POINT('',#10124);
#3056=VERTEX_POINT('',#10126);
#3057=VERTEX_POINT('',#10130);
#3058=VERTEX_POINT('',#10132);
#3059=VERTEX_POINT('',#10134);
#3060=VERTEX_POINT('',#10136);
#3061=VERTEX_POINT('',#10140);
#3062=VERTEX_POINT('',#10142);
#3063=VERTEX_POINT('',#10146);
#3064=VERTEX_POINT('',#10148);
#3065=VERTEX_POINT('',#10152);
#3066=VERTEX_POINT('',#10156);
#3067=VERTEX_POINT('',#10157);
#3068=VERTEX_POINT('',#10160);
#3069=VERTEX_POINT('',#10167);
#3070=VERTEX_POINT('',#10168);
#3071=VERTEX_POINT('',#10170);
#3072=VERTEX_POINT('',#10172);
#3073=VERTEX_POINT('',#10174);
#3074=VERTEX_POINT('',#10176);
#3075=VERTEX_POINT('',#10178);
#3076=VERTEX_POINT('',#10187);
#3077=VERTEX_POINT('',#10189);
#3078=VERTEX_POINT('',#10191);
#3079=VERTEX_POINT('',#10195);
#3080=VERTEX_POINT('',#10196);
#3081=VERTEX_POINT('',#10198);
#3082=VERTEX_POINT('',#10200);
#3083=VERTEX_POINT('',#10204);
#3084=VERTEX_POINT('',#10205);
#3085=VERTEX_POINT('',#10214);
#3086=VERTEX_POINT('',#10221);
#3087=VERTEX_POINT('',#10223);
#3088=VERTEX_POINT('',#10231);
#3089=VERTEX_POINT('',#10232);
#3090=VERTEX_POINT('',#10234);
#3091=VERTEX_POINT('',#10236);
#3092=VERTEX_POINT('',#10240);
#3093=VERTEX_POINT('',#10242);
#3094=VERTEX_POINT('',#10246);
#3095=VERTEX_POINT('',#10248);
#3096=VERTEX_POINT('',#10252);
#3097=VERTEX_POINT('',#10254);
#3098=VERTEX_POINT('',#10258);
#3099=VERTEX_POINT('',#10260);
#3100=VERTEX_POINT('',#10267);
#3101=VERTEX_POINT('',#10268);
#3102=VERTEX_POINT('',#10270);
#3103=VERTEX_POINT('',#10272);
#3104=VERTEX_POINT('',#10276);
#3105=VERTEX_POINT('',#10278);
#3106=VERTEX_POINT('',#10282);
#3107=VERTEX_POINT('',#10284);
#3108=VERTEX_POINT('',#10288);
#3109=VERTEX_POINT('',#10290);
#3110=VERTEX_POINT('',#10294);
#3111=VERTEX_POINT('',#10296);
#3112=VERTEX_POINT('',#10303);
#3113=VERTEX_POINT('',#10304);
#3114=VERTEX_POINT('',#10306);
#3115=VERTEX_POINT('',#10308);
#3116=VERTEX_POINT('',#10312);
#3117=VERTEX_POINT('',#10314);
#3118=VERTEX_POINT('',#10318);
#3119=VERTEX_POINT('',#10320);
#3120=VERTEX_POINT('',#10324);
#3121=VERTEX_POINT('',#10326);
#3122=VERTEX_POINT('',#10330);
#3123=VERTEX_POINT('',#10332);
#3124=VERTEX_POINT('',#10339);
#3125=VERTEX_POINT('',#10340);
#3126=VERTEX_POINT('',#10342);
#3127=VERTEX_POINT('',#10344);
#3128=VERTEX_POINT('',#10348);
#3129=VERTEX_POINT('',#10350);
#3130=VERTEX_POINT('',#10354);
#3131=VERTEX_POINT('',#10356);
#3132=VERTEX_POINT('',#10360);
#3133=VERTEX_POINT('',#10362);
#3134=VERTEX_POINT('',#10366);
#3135=VERTEX_POINT('',#10368);
#3136=VERTEX_POINT('',#10375);
#3137=VERTEX_POINT('',#10376);
#3138=VERTEX_POINT('',#10378);
#3139=VERTEX_POINT('',#10380);
#3140=VERTEX_POINT('',#10384);
#3141=VERTEX_POINT('',#10386);
#3142=VERTEX_POINT('',#10390);
#3143=VERTEX_POINT('',#10392);
#3144=VERTEX_POINT('',#10396);
#3145=VERTEX_POINT('',#10398);
#3146=VERTEX_POINT('',#10402);
#3147=VERTEX_POINT('',#10404);
#3148=VERTEX_POINT('',#10411);
#3149=VERTEX_POINT('',#10416);
#3150=VERTEX_POINT('',#10420);
#3151=VERTEX_POINT('',#10423);
#3152=VERTEX_POINT('',#10425);
#3153=VERTEX_POINT('',#10427);
#3154=VERTEX_POINT('',#10429);
#3155=VERTEX_POINT('',#10431);
#3156=VERTEX_POINT('',#10433);
#3157=VERTEX_POINT('',#10435);
#3158=VERTEX_POINT('',#10437);
#3159=VERTEX_POINT('',#10439);
#3160=VERTEX_POINT('',#10441);
#3161=VERTEX_POINT('',#10443);
#3162=VERTEX_POINT('',#10445);
#3163=VERTEX_POINT('',#10447);
#3164=VERTEX_POINT('',#10449);
#3165=VERTEX_POINT('',#10451);
#3166=VERTEX_POINT('',#10453);
#3167=VERTEX_POINT('',#10455);
#3168=VERTEX_POINT('',#10457);
#3169=VERTEX_POINT('',#10459);
#3170=VERTEX_POINT('',#10461);
#3171=VERTEX_POINT('',#10463);
#3172=VERTEX_POINT('',#10465);
#3173=VERTEX_POINT('',#10467);
#3174=VERTEX_POINT('',#10469);
#3175=VERTEX_POINT('',#10471);
#3176=VERTEX_POINT('',#10473);
#3177=VERTEX_POINT('',#10475);
#3178=VERTEX_POINT('',#10477);
#3179=VERTEX_POINT('',#10479);
#3180=VERTEX_POINT('',#10481);
#3181=VERTEX_POINT('',#10483);
#3182=VERTEX_POINT('',#10485);
#3183=VERTEX_POINT('',#10487);
#3184=VERTEX_POINT('',#10489);
#3185=VERTEX_POINT('',#10491);
#3186=VERTEX_POINT('',#10493);
#3187=VERTEX_POINT('',#10495);
#3188=VERTEX_POINT('',#10497);
#3189=VERTEX_POINT('',#10499);
#3190=VERTEX_POINT('',#10501);
#3191=VERTEX_POINT('',#10503);
#3192=VERTEX_POINT('',#10505);
#3193=VERTEX_POINT('',#10507);
#3194=VERTEX_POINT('',#10510);
#3195=VERTEX_POINT('',#10521);
#3196=VERTEX_POINT('',#10523);
#3197=VERTEX_POINT('',#10528);
#3198=VERTEX_POINT('',#10535);
#3199=VERTEX_POINT('',#10555);
#3200=VERTEX_POINT('',#10561);
#3201=VERTEX_POINT('',#10565);
#3202=VERTEX_POINT('',#10566);
#3203=VERTEX_POINT('',#10568);
#3204=VERTEX_POINT('',#10570);
#3205=VERTEX_POINT('',#10574);
#3206=VERTEX_POINT('',#10576);
#3207=VERTEX_POINT('',#10580);
#3208=VERTEX_POINT('',#10582);
#3209=VERTEX_POINT('',#10586);
#3210=VERTEX_POINT('',#10588);
#3211=VERTEX_POINT('',#10592);
#3212=VERTEX_POINT('',#10594);
#3213=VERTEX_POINT('',#10601);
#3214=VERTEX_POINT('',#10602);
#3215=VERTEX_POINT('',#10604);
#3216=VERTEX_POINT('',#10606);
#3217=VERTEX_POINT('',#10610);
#3218=VERTEX_POINT('',#10612);
#3219=VERTEX_POINT('',#10616);
#3220=VERTEX_POINT('',#10618);
#3221=VERTEX_POINT('',#10622);
#3222=VERTEX_POINT('',#10624);
#3223=VERTEX_POINT('',#10628);
#3224=VERTEX_POINT('',#10630);
#3225=VERTEX_POINT('',#10637);
#3226=VERTEX_POINT('',#10638);
#3227=VERTEX_POINT('',#10640);
#3228=VERTEX_POINT('',#10642);
#3229=VERTEX_POINT('',#10646);
#3230=VERTEX_POINT('',#10648);
#3231=VERTEX_POINT('',#10652);
#3232=VERTEX_POINT('',#10654);
#3233=VERTEX_POINT('',#10658);
#3234=VERTEX_POINT('',#10660);
#3235=VERTEX_POINT('',#10664);
#3236=VERTEX_POINT('',#10666);
#3237=VERTEX_POINT('',#10673);
#3238=VERTEX_POINT('',#10674);
#3239=VERTEX_POINT('',#10676);
#3240=VERTEX_POINT('',#10678);
#3241=VERTEX_POINT('',#10682);
#3242=VERTEX_POINT('',#10684);
#3243=VERTEX_POINT('',#10688);
#3244=VERTEX_POINT('',#10690);
#3245=VERTEX_POINT('',#10694);
#3246=VERTEX_POINT('',#10696);
#3247=VERTEX_POINT('',#10700);
#3248=VERTEX_POINT('',#10702);
#3249=VERTEX_POINT('',#10709);
#3250=VERTEX_POINT('',#10711);
#3251=VERTEX_POINT('',#10713);
#3252=VERTEX_POINT('',#10715);
#3253=VERTEX_POINT('',#10719);
#3254=VERTEX_POINT('',#10723);
#3255=VERTEX_POINT('',#10725);
#3256=VERTEX_POINT('',#10727);
#3257=VERTEX_POINT('',#10731);
#3258=VERTEX_POINT('',#10733);
#3259=VERTEX_POINT('',#10739);
#3260=VERTEX_POINT('',#10741);
#3261=VERTEX_POINT('',#10748);
#3262=VERTEX_POINT('',#10750);
#3263=VERTEX_POINT('',#10752);
#3264=VERTEX_POINT('',#10754);
#3265=VERTEX_POINT('',#10758);
#3266=VERTEX_POINT('',#10762);
#3267=VERTEX_POINT('',#10764);
#3268=VERTEX_POINT('',#10766);
#3269=VERTEX_POINT('',#10770);
#3270=VERTEX_POINT('',#10772);
#3271=VERTEX_POINT('',#10778);
#3272=VERTEX_POINT('',#10780);
#3273=VERTEX_POINT('',#10787);
#3274=VERTEX_POINT('',#10788);
#3275=VERTEX_POINT('',#10790);
#3276=VERTEX_POINT('',#10792);
#3277=VERTEX_POINT('',#10796);
#3278=VERTEX_POINT('',#10798);
#3279=VERTEX_POINT('',#10802);
#3280=VERTEX_POINT('',#10804);
#3281=VERTEX_POINT('',#10808);
#3282=VERTEX_POINT('',#10810);
#3283=VERTEX_POINT('',#10814);
#3284=VERTEX_POINT('',#10816);
#3285=VERTEX_POINT('',#10823);
#3286=VERTEX_POINT('',#10825);
#3287=VERTEX_POINT('',#10827);
#3288=VERTEX_POINT('',#10829);
#3289=VERTEX_POINT('',#10833);
#3290=VERTEX_POINT('',#10837);
#3291=VERTEX_POINT('',#10839);
#3292=VERTEX_POINT('',#10841);
#3293=VERTEX_POINT('',#10845);
#3294=VERTEX_POINT('',#10847);
#3295=VERTEX_POINT('',#10853);
#3296=VERTEX_POINT('',#10855);
#3297=VERTEX_POINT('',#10862);
#3298=VERTEX_POINT('',#10864);
#3299=VERTEX_POINT('',#10866);
#3300=VERTEX_POINT('',#10868);
#3301=VERTEX_POINT('',#10872);
#3302=VERTEX_POINT('',#10876);
#3303=VERTEX_POINT('',#10878);
#3304=VERTEX_POINT('',#10880);
#3305=VERTEX_POINT('',#10884);
#3306=VERTEX_POINT('',#10886);
#3307=VERTEX_POINT('',#10892);
#3308=VERTEX_POINT('',#10894);
#3309=VERTEX_POINT('',#10901);
#3310=VERTEX_POINT('',#10903);
#3311=VERTEX_POINT('',#10905);
#3312=VERTEX_POINT('',#10907);
#3313=VERTEX_POINT('',#10911);
#3314=VERTEX_POINT('',#10915);
#3315=VERTEX_POINT('',#10917);
#3316=VERTEX_POINT('',#10919);
#3317=VERTEX_POINT('',#10923);
#3318=VERTEX_POINT('',#10925);
#3319=VERTEX_POINT('',#10931);
#3320=VERTEX_POINT('',#10933);
#3321=VERTEX_POINT('',#10940);
#3322=VERTEX_POINT('',#10942);
#3323=VERTEX_POINT('',#10944);
#3324=VERTEX_POINT('',#10946);
#3325=VERTEX_POINT('',#10950);
#3326=VERTEX_POINT('',#10954);
#3327=VERTEX_POINT('',#10956);
#3328=VERTEX_POINT('',#10958);
#3329=VERTEX_POINT('',#10962);
#3330=VERTEX_POINT('',#10964);
#3331=VERTEX_POINT('',#10970);
#3332=VERTEX_POINT('',#10972);
#3333=VERTEX_POINT('',#10979);
#3334=VERTEX_POINT('',#10981);
#3335=VERTEX_POINT('',#10983);
#3336=VERTEX_POINT('',#10985);
#3337=VERTEX_POINT('',#10989);
#3338=VERTEX_POINT('',#10993);
#3339=VERTEX_POINT('',#10995);
#3340=VERTEX_POINT('',#10997);
#3341=VERTEX_POINT('',#11001);
#3342=VERTEX_POINT('',#11003);
#3343=VERTEX_POINT('',#11009);
#3344=VERTEX_POINT('',#11011);
#3345=VERTEX_POINT('',#11018);
#3346=VERTEX_POINT('',#11020);
#3347=VERTEX_POINT('',#11022);
#3348=VERTEX_POINT('',#11024);
#3349=VERTEX_POINT('',#11028);
#3350=VERTEX_POINT('',#11032);
#3351=VERTEX_POINT('',#11034);
#3352=VERTEX_POINT('',#11036);
#3353=VERTEX_POINT('',#11040);
#3354=VERTEX_POINT('',#11042);
#3355=VERTEX_POINT('',#11048);
#3356=VERTEX_POINT('',#11050);
#3357=VERTEX_POINT('',#11057);
#3358=VERTEX_POINT('',#11058);
#3359=VERTEX_POINT('',#11060);
#3360=VERTEX_POINT('',#11062);
#3361=VERTEX_POINT('',#11066);
#3362=VERTEX_POINT('',#11068);
#3363=VERTEX_POINT('',#11072);
#3364=VERTEX_POINT('',#11074);
#3365=VERTEX_POINT('',#11078);
#3366=VERTEX_POINT('',#11080);
#3367=VERTEX_POINT('',#11084);
#3368=VERTEX_POINT('',#11086);
#3369=VERTEX_POINT('',#11093);
#3370=VERTEX_POINT('',#11095);
#3371=VERTEX_POINT('',#11097);
#3372=VERTEX_POINT('',#11099);
#3373=VERTEX_POINT('',#11103);
#3374=VERTEX_POINT('',#11107);
#3375=VERTEX_POINT('',#11109);
#3376=VERTEX_POINT('',#11111);
#3377=VERTEX_POINT('',#11115);
#3378=VERTEX_POINT('',#11117);
#3379=VERTEX_POINT('',#11121);
#3380=VERTEX_POINT('',#11123);
#3381=VERTEX_POINT('',#11132);
#3382=VERTEX_POINT('',#11133);
#3383=VERTEX_POINT('',#11135);
#3384=VERTEX_POINT('',#11137);
#3385=VERTEX_POINT('',#11141);
#3386=VERTEX_POINT('',#11143);
#3387=VERTEX_POINT('',#11147);
#3388=VERTEX_POINT('',#11149);
#3389=VERTEX_POINT('',#11153);
#3390=VERTEX_POINT('',#11155);
#3391=VERTEX_POINT('',#11159);
#3392=VERTEX_POINT('',#11161);
#3393=VERTEX_POINT('',#11168);
#3394=VERTEX_POINT('',#11170);
#3395=VERTEX_POINT('',#11172);
#3396=VERTEX_POINT('',#11174);
#3397=VERTEX_POINT('',#11178);
#3398=VERTEX_POINT('',#11182);
#3399=VERTEX_POINT('',#11184);
#3400=VERTEX_POINT('',#11186);
#3401=VERTEX_POINT('',#11190);
#3402=VERTEX_POINT('',#11192);
#3403=VERTEX_POINT('',#11198);
#3404=VERTEX_POINT('',#11200);
#3405=VERTEX_POINT('',#11207);
#3406=VERTEX_POINT('',#11208);
#3407=VERTEX_POINT('',#11210);
#3408=VERTEX_POINT('',#11212);
#3409=VERTEX_POINT('',#11216);
#3410=VERTEX_POINT('',#11218);
#3411=VERTEX_POINT('',#11222);
#3412=VERTEX_POINT('',#11224);
#3413=VERTEX_POINT('',#11228);
#3414=VERTEX_POINT('',#11230);
#3415=VERTEX_POINT('',#11234);
#3416=VERTEX_POINT('',#11236);
#3417=VERTEX_POINT('',#11243);
#3418=VERTEX_POINT('',#11244);
#3419=VERTEX_POINT('',#11246);
#3420=VERTEX_POINT('',#11248);
#3421=VERTEX_POINT('',#11252);
#3422=VERTEX_POINT('',#11254);
#3423=VERTEX_POINT('',#11258);
#3424=VERTEX_POINT('',#11260);
#3425=VERTEX_POINT('',#11264);
#3426=VERTEX_POINT('',#11266);
#3427=VERTEX_POINT('',#11270);
#3428=VERTEX_POINT('',#11272);
#3429=VERTEX_POINT('',#11279);
#3430=VERTEX_POINT('',#11280);
#3431=VERTEX_POINT('',#11282);
#3432=VERTEX_POINT('',#11284);
#3433=VERTEX_POINT('',#11288);
#3434=VERTEX_POINT('',#11290);
#3435=VERTEX_POINT('',#11294);
#3436=VERTEX_POINT('',#11296);
#3437=VERTEX_POINT('',#11300);
#3438=VERTEX_POINT('',#11302);
#3439=VERTEX_POINT('',#11306);
#3440=VERTEX_POINT('',#11308);
#3441=VERTEX_POINT('',#11315);
#3442=VERTEX_POINT('',#11319);
#3443=VERTEX_POINT('',#11320);
#3444=VERTEX_POINT('',#11325);
#3445=VERTEX_POINT('',#11329);
#3446=VERTEX_POINT('',#11330);
#3447=VERTEX_POINT('',#11333);
#3448=VERTEX_POINT('',#11338);
#3449=VERTEX_POINT('',#11376);
#3450=VERTEX_POINT('',#11378);
#3451=VERTEX_POINT('',#11382);
#3452=VERTEX_POINT('',#11386);
#3453=VERTEX_POINT('',#11387);
#3454=VERTEX_POINT('',#11389);
#3455=VERTEX_POINT('',#11392);
#3456=VERTEX_POINT('',#11396);
#3457=VERTEX_POINT('',#11404);
#3458=VERTEX_POINT('',#11406);
#3459=VERTEX_POINT('',#11410);
#3460=VERTEX_POINT('',#11414);
#3461=VERTEX_POINT('',#11420);
#3462=VERTEX_POINT('',#11421);
#3463=VERTEX_POINT('',#11424);
#3464=VERTEX_POINT('',#11426);
#3465=VERTEX_POINT('',#11430);
#3466=VERTEX_POINT('',#11433);
#3467=VERTEX_POINT('',#11435);
#3468=VERTEX_POINT('',#11443);
#3469=VERTEX_POINT('',#11459);
#3470=VERTEX_POINT('',#11461);
#3471=VERTEX_POINT('',#11497);
#3472=VERTEX_POINT('',#11498);
#3473=VERTEX_POINT('',#11500);
#3474=VERTEX_POINT('',#11533);
#3475=VERTEX_POINT('',#11534);
#3476=VERTEX_POINT('',#11536);
#3477=VERTEX_POINT('',#11545);
#3478=VERTEX_POINT('',#11549);
#3479=EDGE_CURVE('',#2794,#2795,#2771,.T.);
#3480=EDGE_CURVE('',#2794,#2796,#883,.T.);
#3481=EDGE_CURVE('',#2795,#2796,#884,.T.);
#3482=EDGE_CURVE('',#2794,#2795,#2772,.T.);
#3483=EDGE_CURVE('',#2795,#2796,#885,.T.);
#3484=EDGE_CURVE('',#2797,#2798,#104,.T.);
#3485=EDGE_CURVE('',#2798,#2799,#105,.T.);
#3486=EDGE_CURVE('',#2799,#2800,#2773,.F.);
#3487=EDGE_CURVE('',#2800,#2797,#106,.T.);
#3488=EDGE_CURVE('',#2801,#2799,#886,.T.);
#3489=EDGE_CURVE('',#2798,#2802,#887,.T.);
#3490=EDGE_CURVE('',#2802,#2803,#107,.F.);
#3491=EDGE_CURVE('',#2803,#2804,#888,.F.);
#3492=EDGE_CURVE('',#2804,#2805,#108,.F.);
#3493=EDGE_CURVE('',#2805,#2806,#889,.T.);
#3494=EDGE_CURVE('',#2807,#2806,#109,.T.);
#3495=EDGE_CURVE('',#2808,#2807,#890,.T.);
#3496=EDGE_CURVE('',#2809,#2808,#110,.T.);
#3497=EDGE_CURVE('',#2810,#2809,#891,.T.);
#3498=EDGE_CURVE('',#2811,#2810,#111,.T.);
#3499=EDGE_CURVE('',#2812,#2811,#892,.T.);
#3500=EDGE_CURVE('',#2812,#2813,#893,.T.);
#3501=EDGE_CURVE('',#2814,#2813,#894,.T.);
#3502=EDGE_CURVE('',#2815,#2814,#895,.T.);
#3503=EDGE_CURVE('',#2801,#2815,#896,.T.);
#3504=EDGE_CURVE('',#2816,#2816,#112,.T.);
#3505=EDGE_CURVE('',#2817,#2797,#897,.T.);
#3506=EDGE_CURVE('',#2818,#2817,#113,.T.);
#3507=EDGE_CURVE('',#2819,#2818,#898,.T.);
#3508=EDGE_CURVE('',#2820,#2819,#899,.T.);
#3509=EDGE_CURVE('',#2821,#2820,#900,.T.);
#3510=EDGE_CURVE('',#2822,#2821,#901,.T.);
#3511=EDGE_CURVE('',#2822,#2823,#114,.T.);
#3512=EDGE_CURVE('',#2823,#2802,#902,.T.);
#3513=EDGE_CURVE('',#2824,#2825,#903,.T.);
#3514=EDGE_CURVE('',#2826,#2824,#904,.T.);
#3515=EDGE_CURVE('',#2827,#2826,#905,.T.);
#3516=EDGE_CURVE('',#2827,#2825,#115,.F.);
#3517=EDGE_CURVE('',#2828,#2829,#906,.T.);
#3518=EDGE_CURVE('',#2830,#2829,#2774,.T.);
#3519=EDGE_CURVE('',#2830,#2828,#2775,.F.);
#3520=EDGE_CURVE('',#2831,#2794,#2776,.T.);
#3521=EDGE_CURVE('',#2831,#2832,#116,.T.);
#3522=EDGE_CURVE('',#2832,#2833,#2777,.T.);
#3523=EDGE_CURVE('',#2833,#2834,#117,.T.);
#3524=EDGE_CURVE('',#2830,#2834,#2778,.F.);
#3525=EDGE_CURVE('',#2829,#2795,#2779,.T.);
#3526=EDGE_CURVE('',#2796,#2835,#907,.T.);
#3527=EDGE_CURVE('',#2836,#2796,#908,.F.);
#3528=EDGE_CURVE('',#2837,#2836,#909,.T.);
#3529=EDGE_CURVE('',#2826,#2837,#910,.T.);
#3530=EDGE_CURVE('',#2838,#2826,#911,.T.);
#3531=EDGE_CURVE('',#2835,#2838,#2780,.T.);
#3532=EDGE_CURVE('',#2824,#2839,#912,.T.);
#3533=EDGE_CURVE('',#2839,#2814,#913,.T.);
#3534=EDGE_CURVE('',#2813,#2840,#914,.T.);
#3535=EDGE_CURVE('',#2840,#2841,#915,.T.);
#3536=EDGE_CURVE('',#2841,#2842,#916,.T.);
#3537=EDGE_CURVE('',#2842,#2843,#917,.T.);
#3538=EDGE_CURVE('',#2843,#2844,#918,.T.);
#3539=EDGE_CURVE('',#2844,#2831,#919,.T.);
#3540=EDGE_CURVE('',#2834,#2845,#920,.T.);
#3541=EDGE_CURVE('',#2846,#2845,#2781,.T.);
#3542=EDGE_CURVE('',#2833,#2846,#921,.F.);
#3543=EDGE_CURVE('',#2847,#2832,#922,.F.);
#3544=EDGE_CURVE('',#2847,#2848,#923,.F.);
#3545=EDGE_CURVE('',#2836,#2848,#924,.F.);
#3546=EDGE_CURVE('',#2849,#2850,#925,.T.);
#3547=EDGE_CURVE('',#2810,#2849,#926,.T.);
#3548=EDGE_CURVE('',#2850,#2809,#927,.T.);
#3549=EDGE_CURVE('',#2851,#2852,#928,.T.);
#3550=EDGE_CURVE('',#2853,#2851,#929,.T.);
#3551=EDGE_CURVE('',#2854,#2853,#930,.T.);
#3552=EDGE_CURVE('',#2854,#2852,#931,.T.);
#3553=EDGE_CURVE('',#2852,#2855,#932,.T.);
#3554=EDGE_CURVE('',#2856,#2854,#933,.T.);
#3555=EDGE_CURVE('',#2856,#2855,#934,.T.);
#3556=EDGE_CURVE('',#2855,#2857,#935,.T.);
#3557=EDGE_CURVE('',#2858,#2856,#936,.T.);
#3558=EDGE_CURVE('',#2858,#2857,#937,.T.);
#3559=EDGE_CURVE('',#2857,#2859,#938,.T.);
#3560=EDGE_CURVE('',#2860,#2858,#939,.T.);
#3561=EDGE_CURVE('',#2860,#2859,#940,.T.);
#3562=EDGE_CURVE('',#2859,#2861,#941,.T.);
#3563=EDGE_CURVE('',#2862,#2860,#942,.T.);
#3564=EDGE_CURVE('',#2862,#2861,#943,.T.);
#3565=EDGE_CURVE('',#2861,#2851,#944,.T.);
#3566=EDGE_CURVE('',#2853,#2862,#945,.T.);
#3567=EDGE_CURVE('',#2863,#2864,#946,.T.);
#3568=EDGE_CURVE('',#2865,#2863,#947,.T.);
#3569=EDGE_CURVE('',#2866,#2865,#948,.T.);
#3570=EDGE_CURVE('',#2866,#2864,#949,.T.);
#3571=EDGE_CURVE('',#2864,#2867,#950,.T.);
#3572=EDGE_CURVE('',#2868,#2866,#951,.T.);
#3573=EDGE_CURVE('',#2868,#2867,#952,.T.);
#3574=EDGE_CURVE('',#2867,#2869,#953,.T.);
#3575=EDGE_CURVE('',#2870,#2868,#954,.T.);
#3576=EDGE_CURVE('',#2870,#2869,#955,.T.);
#3577=EDGE_CURVE('',#2869,#2871,#956,.T.);
#3578=EDGE_CURVE('',#2872,#2870,#957,.T.);
#3579=EDGE_CURVE('',#2872,#2871,#958,.T.);
#3580=EDGE_CURVE('',#2871,#2873,#959,.T.);
#3581=EDGE_CURVE('',#2874,#2872,#960,.T.);
#3582=EDGE_CURVE('',#2874,#2873,#961,.T.);
#3583=EDGE_CURVE('',#2873,#2863,#962,.T.);
#3584=EDGE_CURVE('',#2865,#2874,#963,.T.);
#3585=EDGE_CURVE('',#2875,#2876,#964,.T.);
#3586=EDGE_CURVE('',#2877,#2875,#965,.T.);
#3587=EDGE_CURVE('',#2878,#2877,#966,.T.);
#3588=EDGE_CURVE('',#2878,#2876,#967,.T.);
#3589=EDGE_CURVE('',#2876,#2879,#968,.T.);
#3590=EDGE_CURVE('',#2880,#2878,#969,.T.);
#3591=EDGE_CURVE('',#2880,#2879,#970,.T.);
#3592=EDGE_CURVE('',#2879,#2881,#971,.T.);
#3593=EDGE_CURVE('',#2882,#2880,#972,.T.);
#3594=EDGE_CURVE('',#2882,#2881,#973,.T.);
#3595=EDGE_CURVE('',#2881,#2883,#974,.T.);
#3596=EDGE_CURVE('',#2884,#2882,#975,.T.);
#3597=EDGE_CURVE('',#2884,#2883,#976,.T.);
#3598=EDGE_CURVE('',#2883,#2885,#977,.T.);
#3599=EDGE_CURVE('',#2886,#2884,#978,.T.);
#3600=EDGE_CURVE('',#2886,#2885,#979,.T.);
#3601=EDGE_CURVE('',#2885,#2875,#980,.T.);
#3602=EDGE_CURVE('',#2877,#2886,#981,.T.);
#3603=EDGE_CURVE('',#2887,#2888,#982,.T.);
#3604=EDGE_CURVE('',#2889,#2887,#983,.T.);
#3605=EDGE_CURVE('',#2890,#2889,#984,.T.);
#3606=EDGE_CURVE('',#2890,#2888,#985,.T.);
#3607=EDGE_CURVE('',#2888,#2891,#986,.T.);
#3608=EDGE_CURVE('',#2892,#2890,#987,.T.);
#3609=EDGE_CURVE('',#2892,#2891,#988,.T.);
#3610=EDGE_CURVE('',#2891,#2893,#989,.T.);
#3611=EDGE_CURVE('',#2894,#2892,#990,.T.);
#3612=EDGE_CURVE('',#2894,#2893,#991,.T.);
#3613=EDGE_CURVE('',#2893,#2895,#992,.T.);
#3614=EDGE_CURVE('',#2896,#2894,#993,.T.);
#3615=EDGE_CURVE('',#2896,#2895,#994,.T.);
#3616=EDGE_CURVE('',#2895,#2897,#995,.T.);
#3617=EDGE_CURVE('',#2898,#2896,#996,.T.);
#3618=EDGE_CURVE('',#2898,#2897,#997,.T.);
#3619=EDGE_CURVE('',#2897,#2887,#998,.T.);
#3620=EDGE_CURVE('',#2889,#2898,#999,.T.);
#3621=EDGE_CURVE('',#2899,#2900,#34,.T.);
#3622=EDGE_CURVE('',#2901,#2899,#2782,.T.);
#3623=EDGE_CURVE('',#2901,#2902,#1000,.T.);
#3624=EDGE_CURVE('',#2900,#2902,#1001,.T.);
#3625=EDGE_CURVE('',#2903,#2904,#1002,.T.);
#3626=EDGE_CURVE('',#2905,#2903,#1003,.T.);
#3627=EDGE_CURVE('',#2906,#2905,#1004,.T.);
#3628=EDGE_CURVE('',#2906,#2904,#1005,.T.);
#3629=EDGE_CURVE('',#2900,#2907,#35,.T.);
#3630=EDGE_CURVE('',#2902,#2908,#1006,.T.);
#3631=EDGE_CURVE('',#2907,#2908,#1007,.T.);
#3632=EDGE_CURVE('',#2909,#2903,#1008,.T.);
#3633=EDGE_CURVE('',#2910,#2909,#1009,.T.);
#3634=EDGE_CURVE('',#2905,#2910,#1010,.T.);
#3635=EDGE_CURVE('',#2907,#2911,#118,.T.);
#3636=EDGE_CURVE('',#2908,#2912,#1011,.T.);
#3637=EDGE_CURVE('',#2913,#2912,#1012,.T.);
#3638=EDGE_CURVE('',#2911,#2913,#119,.T.);
#3639=EDGE_CURVE('',#2914,#2909,#1013,.T.);
#3640=EDGE_CURVE('',#2915,#2914,#1014,.T.);
#3641=EDGE_CURVE('',#2910,#2915,#1015,.T.);
#3642=EDGE_CURVE('',#2916,#2917,#2783,.T.);
#3643=EDGE_CURVE('',#2918,#2916,#36,.T.);
#3644=EDGE_CURVE('',#2918,#2919,#1016,.T.);
#3645=EDGE_CURVE('',#2919,#2917,#1017,.T.);
#3646=EDGE_CURVE('',#2913,#2918,#37,.T.);
#3647=EDGE_CURVE('',#2912,#2919,#1018,.T.);
#3648=EDGE_CURVE('',#2904,#2920,#1019,.T.);
#3649=EDGE_CURVE('',#2921,#2906,#1020,.T.);
#3650=EDGE_CURVE('',#2921,#2920,#1021,.T.);
#3651=EDGE_CURVE('',#2920,#2922,#1022,.T.);
#3652=EDGE_CURVE('',#2923,#2921,#1023,.T.);
#3653=EDGE_CURVE('',#2923,#2922,#1024,.T.);
#3654=EDGE_CURVE('',#2922,#2914,#1025,.T.);
#3655=EDGE_CURVE('',#2915,#2923,#1026,.T.);
#3656=EDGE_CURVE('',#2917,#2924,#2784,.T.);
#3657=EDGE_CURVE('',#2924,#2901,#2785,.T.);
#3658=EDGE_CURVE('',#2925,#2926,#1027,.T.);
#3659=EDGE_CURVE('',#2927,#2925,#1028,.T.);
#3660=EDGE_CURVE('',#2928,#2927,#1029,.T.);
#3661=EDGE_CURVE('',#2928,#2926,#1030,.T.);
#3662=EDGE_CURVE('',#2926,#2929,#1031,.T.);
#3663=EDGE_CURVE('',#2930,#2928,#1032,.T.);
#3664=EDGE_CURVE('',#2930,#2931,#1033,.T.);
#3665=EDGE_CURVE('',#2931,#2932,#1034,.T.);
#3666=EDGE_CURVE('',#2929,#2932,#1035,.T.);
#3667=EDGE_CURVE('',#2932,#2933,#1036,.T.);
#3668=EDGE_CURVE('',#2934,#2931,#1037,.T.);
#3669=EDGE_CURVE('',#2933,#2934,#1038,.T.);
#3670=EDGE_CURVE('',#2935,#2925,#1039,.T.);
#3671=EDGE_CURVE('',#2936,#2935,#1040,.T.);
#3672=EDGE_CURVE('',#2927,#2936,#1041,.T.);
#3673=EDGE_CURVE('',#2937,#2930,#1042,.T.);
#3674=EDGE_CURVE('',#2937,#2934,#1043,.T.);
#3675=EDGE_CURVE('',#2938,#2939,#1044,.T.);
#3676=EDGE_CURVE('',#2933,#2938,#1045,.T.);
#3677=EDGE_CURVE('',#2940,#2937,#1046,.T.);
#3678=EDGE_CURVE('',#2940,#2939,#1047,.T.);
#3679=EDGE_CURVE('',#2939,#2935,#1048,.T.);
#3680=EDGE_CURVE('',#2936,#2940,#1049,.T.);
#3681=EDGE_CURVE('',#2941,#2942,#1050,.T.);
#3682=EDGE_CURVE('',#2943,#2941,#1051,.T.);
#3683=EDGE_CURVE('',#2944,#2943,#1052,.T.);
#3684=EDGE_CURVE('',#2944,#2942,#1053,.T.);
#3685=EDGE_CURVE('',#2942,#2945,#1054,.T.);
#3686=EDGE_CURVE('',#2946,#2944,#1055,.T.);
#3687=EDGE_CURVE('',#2946,#2947,#1056,.T.);
#3688=EDGE_CURVE('',#2947,#2948,#1057,.T.);
#3689=EDGE_CURVE('',#2945,#2948,#1058,.T.);
#3690=EDGE_CURVE('',#2948,#2949,#1059,.T.);
#3691=EDGE_CURVE('',#2950,#2947,#1060,.T.);
#3692=EDGE_CURVE('',#2949,#2950,#1061,.T.);
#3693=EDGE_CURVE('',#2951,#2941,#1062,.T.);
#3694=EDGE_CURVE('',#2952,#2951,#1063,.T.);
#3695=EDGE_CURVE('',#2943,#2952,#1064,.T.);
#3696=EDGE_CURVE('',#2953,#2946,#1065,.T.);
#3697=EDGE_CURVE('',#2953,#2950,#1066,.T.);
#3698=EDGE_CURVE('',#2954,#2955,#1067,.T.);
#3699=EDGE_CURVE('',#2949,#2954,#1068,.T.);
#3700=EDGE_CURVE('',#2956,#2953,#1069,.T.);
#3701=EDGE_CURVE('',#2956,#2955,#1070,.T.);
#3702=EDGE_CURVE('',#2955,#2951,#1071,.T.);
#3703=EDGE_CURVE('',#2952,#2956,#1072,.T.);
#3704=EDGE_CURVE('',#2957,#2958,#1073,.T.);
#3705=EDGE_CURVE('',#2959,#2957,#1074,.T.);
#3706=EDGE_CURVE('',#2960,#2959,#1075,.T.);
#3707=EDGE_CURVE('',#2960,#2958,#1076,.T.);
#3708=EDGE_CURVE('',#2958,#2961,#1077,.T.);
#3709=EDGE_CURVE('',#2962,#2960,#1078,.T.);
#3710=EDGE_CURVE('',#2962,#2963,#1079,.T.);
#3711=EDGE_CURVE('',#2963,#2964,#1080,.T.);
#3712=EDGE_CURVE('',#2961,#2964,#1081,.T.);
#3713=EDGE_CURVE('',#2964,#2965,#1082,.T.);
#3714=EDGE_CURVE('',#2966,#2963,#1083,.T.);
#3715=EDGE_CURVE('',#2965,#2966,#1084,.T.);
#3716=EDGE_CURVE('',#2967,#2957,#1085,.T.);
#3717=EDGE_CURVE('',#2968,#2967,#1086,.T.);
#3718=EDGE_CURVE('',#2959,#2968,#1087,.T.);
#3719=EDGE_CURVE('',#2969,#2962,#1088,.T.);
#3720=EDGE_CURVE('',#2969,#2966,#1089,.T.);
#3721=EDGE_CURVE('',#2970,#2971,#1090,.T.);
#3722=EDGE_CURVE('',#2965,#2970,#1091,.T.);
#3723=EDGE_CURVE('',#2972,#2969,#1092,.T.);
#3724=EDGE_CURVE('',#2972,#2971,#1093,.T.);
#3725=EDGE_CURVE('',#2971,#2967,#1094,.T.);
#3726=EDGE_CURVE('',#2968,#2972,#1095,.T.);
#3727=EDGE_CURVE('',#2973,#2974,#1096,.T.);
#3728=EDGE_CURVE('',#2975,#2973,#1097,.T.);
#3729=EDGE_CURVE('',#2976,#2975,#1098,.T.);
#3730=EDGE_CURVE('',#2976,#2974,#1099,.T.);
#3731=EDGE_CURVE('',#2974,#2977,#1100,.T.);
#3732=EDGE_CURVE('',#2978,#2976,#1101,.T.);
#3733=EDGE_CURVE('',#2978,#2979,#1102,.T.);
#3734=EDGE_CURVE('',#2979,#2980,#1103,.T.);
#3735=EDGE_CURVE('',#2977,#2980,#1104,.T.);
#3736=EDGE_CURVE('',#2980,#2981,#1105,.T.);
#3737=EDGE_CURVE('',#2982,#2979,#1106,.T.);
#3738=EDGE_CURVE('',#2981,#2982,#1107,.T.);
#3739=EDGE_CURVE('',#2983,#2973,#1108,.T.);
#3740=EDGE_CURVE('',#2984,#2983,#1109,.T.);
#3741=EDGE_CURVE('',#2975,#2984,#1110,.T.);
#3742=EDGE_CURVE('',#2985,#2978,#1111,.T.);
#3743=EDGE_CURVE('',#2985,#2982,#1112,.T.);
#3744=EDGE_CURVE('',#2986,#2987,#1113,.T.);
#3745=EDGE_CURVE('',#2981,#2986,#1114,.T.);
#3746=EDGE_CURVE('',#2988,#2985,#1115,.T.);
#3747=EDGE_CURVE('',#2988,#2987,#1116,.T.);
#3748=EDGE_CURVE('',#2987,#2983,#1117,.T.);
#3749=EDGE_CURVE('',#2984,#2988,#1118,.T.);
#3750=EDGE_CURVE('',#2989,#2990,#1119,.T.);
#3751=EDGE_CURVE('',#2991,#2989,#1120,.T.);
#3752=EDGE_CURVE('',#2992,#2991,#1121,.T.);
#3753=EDGE_CURVE('',#2992,#2990,#1122,.T.);
#3754=EDGE_CURVE('',#2990,#2993,#1123,.T.);
#3755=EDGE_CURVE('',#2994,#2992,#1124,.T.);
#3756=EDGE_CURVE('',#2994,#2995,#1125,.T.);
#3757=EDGE_CURVE('',#2995,#2996,#1126,.T.);
#3758=EDGE_CURVE('',#2993,#2996,#1127,.T.);
#3759=EDGE_CURVE('',#2996,#2997,#1128,.T.);
#3760=EDGE_CURVE('',#2998,#2995,#1129,.T.);
#3761=EDGE_CURVE('',#2997,#2998,#1130,.T.);
#3762=EDGE_CURVE('',#2999,#2989,#1131,.T.);
#3763=EDGE_CURVE('',#3000,#2999,#1132,.T.);
#3764=EDGE_CURVE('',#2991,#3000,#1133,.T.);
#3765=EDGE_CURVE('',#3001,#2994,#1134,.T.);
#3766=EDGE_CURVE('',#3001,#2998,#1135,.T.);
#3767=EDGE_CURVE('',#3002,#3003,#1136,.T.);
#3768=EDGE_CURVE('',#2997,#3002,#1137,.T.);
#3769=EDGE_CURVE('',#3004,#3001,#1138,.T.);
#3770=EDGE_CURVE('',#3004,#3003,#1139,.T.);
#3771=EDGE_CURVE('',#3003,#2999,#1140,.T.);
#3772=EDGE_CURVE('',#3000,#3004,#1141,.T.);
#3773=EDGE_CURVE('',#3005,#3006,#1142,.T.);
#3774=EDGE_CURVE('',#3007,#3005,#1143,.T.);
#3775=EDGE_CURVE('',#3008,#3007,#1144,.T.);
#3776=EDGE_CURVE('',#3008,#3006,#1145,.T.);
#3777=EDGE_CURVE('',#3006,#3009,#1146,.T.);
#3778=EDGE_CURVE('',#3010,#3008,#1147,.T.);
#3779=EDGE_CURVE('',#3010,#3011,#1148,.T.);
#3780=EDGE_CURVE('',#3011,#3012,#1149,.T.);
#3781=EDGE_CURVE('',#3009,#3012,#1150,.T.);
#3782=EDGE_CURVE('',#3012,#3013,#1151,.T.);
#3783=EDGE_CURVE('',#3014,#3011,#1152,.T.);
#3784=EDGE_CURVE('',#3013,#3014,#1153,.T.);
#3785=EDGE_CURVE('',#3015,#3005,#1154,.T.);
#3786=EDGE_CURVE('',#3016,#3015,#1155,.T.);
#3787=EDGE_CURVE('',#3007,#3016,#1156,.T.);
#3788=EDGE_CURVE('',#3017,#3010,#1157,.T.);
#3789=EDGE_CURVE('',#3017,#3014,#1158,.T.);
#3790=EDGE_CURVE('',#3018,#3019,#1159,.T.);
#3791=EDGE_CURVE('',#3013,#3018,#1160,.T.);
#3792=EDGE_CURVE('',#3020,#3017,#1161,.T.);
#3793=EDGE_CURVE('',#3020,#3019,#1162,.T.);
#3794=EDGE_CURVE('',#3019,#3015,#1163,.T.);
#3795=EDGE_CURVE('',#3016,#3020,#1164,.T.);
#3796=EDGE_CURVE('',#3021,#3022,#1165,.T.);
#3797=EDGE_CURVE('',#3023,#3021,#1166,.T.);
#3798=EDGE_CURVE('',#3024,#3023,#1167,.T.);
#3799=EDGE_CURVE('',#3024,#3022,#1168,.T.);
#3800=EDGE_CURVE('',#3022,#3025,#1169,.T.);
#3801=EDGE_CURVE('',#3026,#3024,#1170,.T.);
#3802=EDGE_CURVE('',#3026,#3027,#1171,.T.);
#3803=EDGE_CURVE('',#3027,#3028,#1172,.T.);
#3804=EDGE_CURVE('',#3025,#3028,#1173,.T.);
#3805=EDGE_CURVE('',#3028,#3029,#1174,.T.);
#3806=EDGE_CURVE('',#3030,#3027,#1175,.T.);
#3807=EDGE_CURVE('',#3029,#3030,#1176,.T.);
#3808=EDGE_CURVE('',#3031,#3021,#1177,.T.);
#3809=EDGE_CURVE('',#3032,#3031,#1178,.T.);
#3810=EDGE_CURVE('',#3023,#3032,#1179,.T.);
#3811=EDGE_CURVE('',#3033,#3026,#1180,.T.);
#3812=EDGE_CURVE('',#3033,#3030,#1181,.T.);
#3813=EDGE_CURVE('',#3034,#3035,#1182,.T.);
#3814=EDGE_CURVE('',#3029,#3034,#1183,.T.);
#3815=EDGE_CURVE('',#3036,#3033,#1184,.T.);
#3816=EDGE_CURVE('',#3036,#3035,#1185,.T.);
#3817=EDGE_CURVE('',#3035,#3031,#1186,.T.);
#3818=EDGE_CURVE('',#3032,#3036,#1187,.T.);
#3819=EDGE_CURVE('',#3037,#3038,#1188,.T.);
#3820=EDGE_CURVE('',#3039,#3037,#1189,.T.);
#3821=EDGE_CURVE('',#3040,#3039,#1190,.T.);
#3822=EDGE_CURVE('',#3040,#3038,#1191,.T.);
#3823=EDGE_CURVE('',#3038,#3041,#1192,.T.);
#3824=EDGE_CURVE('',#3042,#3040,#1193,.T.);
#3825=EDGE_CURVE('',#3042,#3043,#1194,.T.);
#3826=EDGE_CURVE('',#3043,#3044,#1195,.T.);
#3827=EDGE_CURVE('',#3041,#3044,#1196,.T.);
#3828=EDGE_CURVE('',#3044,#3045,#1197,.T.);
#3829=EDGE_CURVE('',#3046,#3043,#1198,.T.);
#3830=EDGE_CURVE('',#3045,#3046,#1199,.T.);
#3831=EDGE_CURVE('',#3047,#3037,#1200,.T.);
#3832=EDGE_CURVE('',#3048,#3047,#1201,.T.);
#3833=EDGE_CURVE('',#3039,#3048,#1202,.T.);
#3834=EDGE_CURVE('',#3049,#3042,#1203,.T.);
#3835=EDGE_CURVE('',#3049,#3046,#1204,.T.);
#3836=EDGE_CURVE('',#3050,#3051,#1205,.T.);
#3837=EDGE_CURVE('',#3045,#3050,#1206,.T.);
#3838=EDGE_CURVE('',#3052,#3049,#1207,.T.);
#3839=EDGE_CURVE('',#3052,#3051,#1208,.T.);
#3840=EDGE_CURVE('',#3051,#3047,#1209,.T.);
#3841=EDGE_CURVE('',#3048,#3052,#1210,.T.);
#3842=EDGE_CURVE('',#3053,#3054,#1211,.T.);
#3843=EDGE_CURVE('',#3055,#3053,#1212,.T.);
#3844=EDGE_CURVE('',#3056,#3055,#1213,.T.);
#3845=EDGE_CURVE('',#3056,#3054,#1214,.T.);
#3846=EDGE_CURVE('',#3054,#3057,#1215,.T.);
#3847=EDGE_CURVE('',#3058,#3056,#1216,.T.);
#3848=EDGE_CURVE('',#3058,#3059,#1217,.T.);
#3849=EDGE_CURVE('',#3059,#3060,#1218,.T.);
#3850=EDGE_CURVE('',#3057,#3060,#1219,.T.);
#3851=EDGE_CURVE('',#3060,#3061,#1220,.T.);
#3852=EDGE_CURVE('',#3062,#3059,#1221,.T.);
#3853=EDGE_CURVE('',#3061,#3062,#1222,.T.);
#3854=EDGE_CURVE('',#3063,#3053,#1223,.T.);
#3855=EDGE_CURVE('',#3064,#3063,#1224,.T.);
#3856=EDGE_CURVE('',#3055,#3064,#1225,.T.);
#3857=EDGE_CURVE('',#3065,#3058,#1226,.T.);
#3858=EDGE_CURVE('',#3065,#3062,#1227,.T.);
#3859=EDGE_CURVE('',#3066,#3067,#1228,.T.);
#3860=EDGE_CURVE('',#3061,#3066,#1229,.T.);
#3861=EDGE_CURVE('',#3068,#3065,#1230,.T.);
#3862=EDGE_CURVE('',#3068,#3067,#1231,.T.);
#3863=EDGE_CURVE('',#3067,#3063,#1232,.T.);
#3864=EDGE_CURVE('',#3064,#3068,#1233,.T.);
#3865=EDGE_CURVE('',#3069,#3070,#1234,.T.);
#3866=EDGE_CURVE('',#3071,#3069,#1235,.T.);
#3867=EDGE_CURVE('',#3072,#3071,#1236,.T.);
#3868=EDGE_CURVE('',#3072,#3073,#1237,.T.);
#3869=EDGE_CURVE('',#3073,#3074,#1238,.T.);
#3870=EDGE_CURVE('',#3075,#3074,#1239,.T.);
#3871=EDGE_CURVE('',#3070,#3075,#2786,.T.);
#3872=EDGE_CURVE('',#3075,#3076,#120,.T.);
#3873=EDGE_CURVE('',#3074,#3077,#1240,.T.);
#3874=EDGE_CURVE('',#3078,#3077,#1241,.T.);
#3875=EDGE_CURVE('',#3076,#3078,#121,.T.);
#3876=EDGE_CURVE('',#3079,#3080,#1242,.T.);
#3877=EDGE_CURVE('',#3079,#3081,#1243,.T.);
#3878=EDGE_CURVE('',#3081,#3082,#1244,.T.);
#3879=EDGE_CURVE('',#3080,#3082,#1245,.T.);
#3880=EDGE_CURVE('',#3083,#3084,#1246,.T.);
#3881=EDGE_CURVE('',#3078,#3083,#2787,.T.);
#3882=EDGE_CURVE('',#3077,#3081,#1247,.T.);
#3883=EDGE_CURVE('',#3085,#3079,#1248,.T.);
#3884=EDGE_CURVE('',#3085,#3084,#1249,.T.);
#3885=EDGE_CURVE('',#3084,#3069,#1250,.T.);
#3886=EDGE_CURVE('',#3071,#3085,#1251,.T.);
#3887=EDGE_CURVE('',#3086,#3072,#1252,.T.);
#3888=EDGE_CURVE('',#3086,#3087,#1253,.T.);
#3889=EDGE_CURVE('',#3087,#3073,#1254,.T.);
#3890=EDGE_CURVE('',#3080,#3086,#1255,.T.);
#3891=EDGE_CURVE('',#3082,#3087,#1256,.T.);
#3892=EDGE_CURVE('',#3088,#3089,#1257,.T.);
#3893=EDGE_CURVE('',#3090,#3088,#1258,.T.);
#3894=EDGE_CURVE('',#3091,#3090,#1259,.T.);
#3895=EDGE_CURVE('',#3091,#3089,#1260,.T.);
#3896=EDGE_CURVE('',#3089,#3092,#1261,.T.);
#3897=EDGE_CURVE('',#3093,#3091,#1262,.T.);
#3898=EDGE_CURVE('',#3093,#3092,#1263,.T.);
#3899=EDGE_CURVE('',#3092,#3094,#1264,.T.);
#3900=EDGE_CURVE('',#3095,#3093,#1265,.T.);
#3901=EDGE_CURVE('',#3095,#3094,#1266,.T.);
#3902=EDGE_CURVE('',#3094,#3096,#1267,.T.);
#3903=EDGE_CURVE('',#3097,#3095,#1268,.T.);
#3904=EDGE_CURVE('',#3097,#3096,#1269,.T.);
#3905=EDGE_CURVE('',#3096,#3098,#1270,.T.);
#3906=EDGE_CURVE('',#3099,#3097,#1271,.T.);
#3907=EDGE_CURVE('',#3099,#3098,#1272,.T.);
#3908=EDGE_CURVE('',#3098,#3088,#1273,.T.);
#3909=EDGE_CURVE('',#3090,#3099,#1274,.T.);
#3910=EDGE_CURVE('',#3100,#3101,#1275,.T.);
#3911=EDGE_CURVE('',#3102,#3100,#1276,.T.);
#3912=EDGE_CURVE('',#3103,#3102,#1277,.T.);
#3913=EDGE_CURVE('',#3103,#3101,#1278,.T.);
#3914=EDGE_CURVE('',#3101,#3104,#1279,.T.);
#3915=EDGE_CURVE('',#3105,#3103,#1280,.T.);
#3916=EDGE_CURVE('',#3105,#3104,#1281,.T.);
#3917=EDGE_CURVE('',#3104,#3106,#1282,.T.);
#3918=EDGE_CURVE('',#3107,#3105,#1283,.T.);
#3919=EDGE_CURVE('',#3107,#3106,#1284,.T.);
#3920=EDGE_CURVE('',#3106,#3108,#1285,.T.);
#3921=EDGE_CURVE('',#3109,#3107,#1286,.T.);
#3922=EDGE_CURVE('',#3109,#3108,#1287,.T.);
#3923=EDGE_CURVE('',#3108,#3110,#1288,.T.);
#3924=EDGE_CURVE('',#3111,#3109,#1289,.T.);
#3925=EDGE_CURVE('',#3111,#3110,#1290,.T.);
#3926=EDGE_CURVE('',#3110,#3100,#1291,.T.);
#3927=EDGE_CURVE('',#3102,#3111,#1292,.T.);
#3928=EDGE_CURVE('',#3112,#3113,#1293,.T.);
#3929=EDGE_CURVE('',#3114,#3112,#1294,.T.);
#3930=EDGE_CURVE('',#3115,#3114,#1295,.T.);
#3931=EDGE_CURVE('',#3115,#3113,#1296,.T.);
#3932=EDGE_CURVE('',#3113,#3116,#1297,.T.);
#3933=EDGE_CURVE('',#3117,#3115,#1298,.T.);
#3934=EDGE_CURVE('',#3117,#3116,#1299,.T.);
#3935=EDGE_CURVE('',#3116,#3118,#1300,.T.);
#3936=EDGE_CURVE('',#3119,#3117,#1301,.T.);
#3937=EDGE_CURVE('',#3119,#3118,#1302,.T.);
#3938=EDGE_CURVE('',#3118,#3120,#1303,.T.);
#3939=EDGE_CURVE('',#3121,#3119,#1304,.T.);
#3940=EDGE_CURVE('',#3121,#3120,#1305,.T.);
#3941=EDGE_CURVE('',#3120,#3122,#1306,.T.);
#3942=EDGE_CURVE('',#3123,#3121,#1307,.T.);
#3943=EDGE_CURVE('',#3123,#3122,#1308,.T.);
#3944=EDGE_CURVE('',#3122,#3112,#1309,.T.);
#3945=EDGE_CURVE('',#3114,#3123,#1310,.T.);
#3946=EDGE_CURVE('',#3124,#3125,#1311,.T.);
#3947=EDGE_CURVE('',#3126,#3124,#1312,.T.);
#3948=EDGE_CURVE('',#3127,#3126,#1313,.T.);
#3949=EDGE_CURVE('',#3127,#3125,#1314,.T.);
#3950=EDGE_CURVE('',#3125,#3128,#1315,.T.);
#3951=EDGE_CURVE('',#3129,#3127,#1316,.T.);
#3952=EDGE_CURVE('',#3129,#3128,#1317,.T.);
#3953=EDGE_CURVE('',#3128,#3130,#1318,.T.);
#3954=EDGE_CURVE('',#3131,#3129,#1319,.T.);
#3955=EDGE_CURVE('',#3131,#3130,#1320,.T.);
#3956=EDGE_CURVE('',#3130,#3132,#1321,.T.);
#3957=EDGE_CURVE('',#3133,#3131,#1322,.T.);
#3958=EDGE_CURVE('',#3133,#3132,#1323,.T.);
#3959=EDGE_CURVE('',#3132,#3134,#1324,.T.);
#3960=EDGE_CURVE('',#3135,#3133,#1325,.T.);
#3961=EDGE_CURVE('',#3135,#3134,#1326,.T.);
#3962=EDGE_CURVE('',#3134,#3124,#1327,.T.);
#3963=EDGE_CURVE('',#3126,#3135,#1328,.T.);
#3964=EDGE_CURVE('',#3136,#3137,#1329,.T.);
#3965=EDGE_CURVE('',#3138,#3136,#1330,.T.);
#3966=EDGE_CURVE('',#3139,#3138,#1331,.T.);
#3967=EDGE_CURVE('',#3139,#3137,#1332,.T.);
#3968=EDGE_CURVE('',#3137,#3140,#1333,.T.);
#3969=EDGE_CURVE('',#3141,#3139,#1334,.T.);
#3970=EDGE_CURVE('',#3141,#3140,#1335,.T.);
#3971=EDGE_CURVE('',#3140,#3142,#1336,.T.);
#3972=EDGE_CURVE('',#3143,#3141,#1337,.T.);
#3973=EDGE_CURVE('',#3143,#3142,#1338,.T.);
#3974=EDGE_CURVE('',#3142,#3144,#1339,.T.);
#3975=EDGE_CURVE('',#3145,#3143,#1340,.T.);
#3976=EDGE_CURVE('',#3145,#3144,#1341,.T.);
#3977=EDGE_CURVE('',#3144,#3146,#1342,.T.);
#3978=EDGE_CURVE('',#3147,#3145,#1343,.T.);
#3979=EDGE_CURVE('',#3147,#3146,#1344,.T.);
#3980=EDGE_CURVE('',#3146,#3136,#1345,.T.);
#3981=EDGE_CURVE('',#3138,#3147,#1346,.T.);
#3982=EDGE_CURVE('',#3148,#3148,#122,.T.);
#3983=EDGE_CURVE('',#3148,#2924,#123,.T.);
#3984=EDGE_CURVE('',#2916,#2899,#124,.T.);
#3985=EDGE_CURVE('',#2911,#3149,#1347,.T.);
#3986=EDGE_CURVE('',#3149,#3149,#125,.T.);
#3987=EDGE_CURVE('',#2825,#3150,#1348,.T.);
#3988=EDGE_CURVE('',#3150,#2847,#1349,.T.);
#3989=EDGE_CURVE('',#3151,#2844,#1350,.T.);
#3990=EDGE_CURVE('',#3151,#3152,#1351,.T.);
#3991=EDGE_CURVE('',#3152,#3153,#1352,.T.);
#3992=EDGE_CURVE('',#3153,#3154,#1353,.T.);
#3993=EDGE_CURVE('',#3155,#3154,#1354,.T.);
#3994=EDGE_CURVE('',#3155,#3156,#1355,.T.);
#3995=EDGE_CURVE('',#3156,#3157,#1356,.T.);
#3996=EDGE_CURVE('',#3157,#3158,#1357,.T.);
#3997=EDGE_CURVE('',#3159,#3158,#1358,.T.);
#3998=EDGE_CURVE('',#3159,#3160,#1359,.T.);
#3999=EDGE_CURVE('',#3160,#3161,#1360,.T.);
#4000=EDGE_CURVE('',#3161,#3162,#1361,.T.);
#4001=EDGE_CURVE('',#3163,#3162,#1362,.T.);
#4002=EDGE_CURVE('',#3163,#3164,#1363,.T.);
#4003=EDGE_CURVE('',#3164,#3165,#1364,.T.);
#4004=EDGE_CURVE('',#3165,#3166,#1365,.T.);
#4005=EDGE_CURVE('',#3167,#3166,#1366,.T.);
#4006=EDGE_CURVE('',#3167,#3168,#1367,.T.);
#4007=EDGE_CURVE('',#3168,#3169,#1368,.T.);
#4008=EDGE_CURVE('',#3169,#3170,#1369,.T.);
#4009=EDGE_CURVE('',#3171,#3170,#1370,.T.);
#4010=EDGE_CURVE('',#3171,#3172,#1371,.T.);
#4011=EDGE_CURVE('',#3172,#3173,#1372,.T.);
#4012=EDGE_CURVE('',#3173,#3174,#1373,.T.);
#4013=EDGE_CURVE('',#3175,#3174,#1374,.T.);
#4014=EDGE_CURVE('',#3175,#3176,#1375,.T.);
#4015=EDGE_CURVE('',#3176,#3177,#1376,.T.);
#4016=EDGE_CURVE('',#3177,#3178,#1377,.T.);
#4017=EDGE_CURVE('',#3179,#3178,#1378,.T.);
#4018=EDGE_CURVE('',#3179,#3180,#1379,.T.);
#4019=EDGE_CURVE('',#3180,#3181,#1380,.T.);
#4020=EDGE_CURVE('',#3181,#3182,#1381,.T.);
#4021=EDGE_CURVE('',#3183,#3182,#1382,.T.);
#4022=EDGE_CURVE('',#3183,#3184,#1383,.T.);
#4023=EDGE_CURVE('',#3184,#3185,#1384,.T.);
#4024=EDGE_CURVE('',#3185,#3186,#1385,.T.);
#4025=EDGE_CURVE('',#3187,#3186,#1386,.T.);
#4026=EDGE_CURVE('',#3187,#3188,#1387,.T.);
#4027=EDGE_CURVE('',#3188,#3189,#1388,.T.);
#4028=EDGE_CURVE('',#3189,#3190,#1389,.T.);
#4029=EDGE_CURVE('',#3191,#3190,#1390,.T.);
#4030=EDGE_CURVE('',#3191,#3192,#1391,.T.);
#4031=EDGE_CURVE('',#3193,#3192,#126,.T.);
#4032=EDGE_CURVE('',#3193,#2819,#1392,.F.);
#4033=EDGE_CURVE('',#3194,#2818,#127,.T.);
#4034=EDGE_CURVE('',#2993,#3194,#1393,.T.);
#4035=EDGE_CURVE('',#3009,#3002,#1394,.T.);
#4036=EDGE_CURVE('',#2977,#3018,#1395,.T.);
#4037=EDGE_CURVE('',#3025,#2986,#1396,.T.);
#4038=EDGE_CURVE('',#2961,#3034,#1397,.T.);
#4039=EDGE_CURVE('',#3041,#2970,#1398,.T.);
#4040=EDGE_CURVE('',#2945,#3050,#1399,.T.);
#4041=EDGE_CURVE('',#3057,#2954,#1400,.T.);
#4042=EDGE_CURVE('',#2929,#3066,#1401,.T.);
#4043=EDGE_CURVE('',#3195,#2938,#1402,.T.);
#4044=EDGE_CURVE('',#3196,#3195,#128,.T.);
#4045=EDGE_CURVE('',#2839,#3196,#1403,.T.);
#4046=EDGE_CURVE('',#3076,#3149,#129,.T.);
#4047=EDGE_CURVE('',#3197,#3083,#2788,.T.);
#4048=EDGE_CURVE('',#3197,#3198,#130,.T.);
#4049=EDGE_CURVE('',#3196,#3198,#2789,.T.);
#4050=EDGE_CURVE('',#3070,#3195,#2790,.T.);
#4051=EDGE_CURVE('',#3194,#3199,#2791,.T.);
#4052=EDGE_CURVE('',#3199,#2801,#1404,.T.);
#4053=EDGE_CURVE('',#2815,#3200,#1405,.T.);
#4054=EDGE_CURVE('',#3200,#3197,#1406,.T.);
#4055=EDGE_CURVE('',#3201,#3202,#1407,.T.);
#4056=EDGE_CURVE('',#3203,#3201,#1408,.T.);
#4057=EDGE_CURVE('',#3204,#3203,#1409,.T.);
#4058=EDGE_CURVE('',#3204,#3202,#1410,.T.);
#4059=EDGE_CURVE('',#3202,#3205,#1411,.T.);
#4060=EDGE_CURVE('',#3206,#3204,#1412,.T.);
#4061=EDGE_CURVE('',#3206,#3205,#1413,.T.);
#4062=EDGE_CURVE('',#3205,#3207,#1414,.T.);
#4063=EDGE_CURVE('',#3208,#3206,#1415,.T.);
#4064=EDGE_CURVE('',#3208,#3207,#1416,.T.);
#4065=EDGE_CURVE('',#3207,#3209,#1417,.T.);
#4066=EDGE_CURVE('',#3210,#3208,#1418,.T.);
#4067=EDGE_CURVE('',#3210,#3209,#1419,.T.);
#4068=EDGE_CURVE('',#3209,#3211,#1420,.T.);
#4069=EDGE_CURVE('',#3212,#3210,#1421,.T.);
#4070=EDGE_CURVE('',#3212,#3211,#1422,.T.);
#4071=EDGE_CURVE('',#3211,#3201,#1423,.T.);
#4072=EDGE_CURVE('',#3203,#3212,#1424,.T.);
#4073=EDGE_CURVE('',#3213,#3214,#1425,.T.);
#4074=EDGE_CURVE('',#3215,#3213,#1426,.T.);
#4075=EDGE_CURVE('',#3216,#3215,#1427,.T.);
#4076=EDGE_CURVE('',#3216,#3214,#1428,.T.);
#4077=EDGE_CURVE('',#3214,#3217,#1429,.T.);
#4078=EDGE_CURVE('',#3218,#3216,#1430,.T.);
#4079=EDGE_CURVE('',#3218,#3217,#1431,.T.);
#4080=EDGE_CURVE('',#3217,#3219,#1432,.T.);
#4081=EDGE_CURVE('',#3220,#3218,#1433,.T.);
#4082=EDGE_CURVE('',#3220,#3219,#1434,.T.);
#4083=EDGE_CURVE('',#3219,#3221,#1435,.T.);
#4084=EDGE_CURVE('',#3222,#3220,#1436,.T.);
#4085=EDGE_CURVE('',#3222,#3221,#1437,.T.);
#4086=EDGE_CURVE('',#3221,#3223,#1438,.T.);
#4087=EDGE_CURVE('',#3224,#3222,#1439,.T.);
#4088=EDGE_CURVE('',#3224,#3223,#1440,.T.);
#4089=EDGE_CURVE('',#3223,#3213,#1441,.T.);
#4090=EDGE_CURVE('',#3215,#3224,#1442,.T.);
#4091=EDGE_CURVE('',#3225,#3226,#1443,.T.);
#4092=EDGE_CURVE('',#3227,#3225,#1444,.T.);
#4093=EDGE_CURVE('',#3228,#3227,#1445,.T.);
#4094=EDGE_CURVE('',#3228,#3226,#1446,.T.);
#4095=EDGE_CURVE('',#3226,#3229,#1447,.T.);
#4096=EDGE_CURVE('',#3230,#3228,#1448,.T.);
#4097=EDGE_CURVE('',#3230,#3229,#1449,.T.);
#4098=EDGE_CURVE('',#3229,#3231,#1450,.T.);
#4099=EDGE_CURVE('',#3232,#3230,#1451,.T.);
#4100=EDGE_CURVE('',#3232,#3231,#1452,.T.);
#4101=EDGE_CURVE('',#3231,#3233,#1453,.T.);
#4102=EDGE_CURVE('',#3234,#3232,#1454,.T.);
#4103=EDGE_CURVE('',#3234,#3233,#1455,.T.);
#4104=EDGE_CURVE('',#3233,#3235,#1456,.T.);
#4105=EDGE_CURVE('',#3236,#3234,#1457,.T.);
#4106=EDGE_CURVE('',#3236,#3235,#1458,.T.);
#4107=EDGE_CURVE('',#3235,#3225,#1459,.T.);
#4108=EDGE_CURVE('',#3227,#3236,#1460,.T.);
#4109=EDGE_CURVE('',#3237,#3238,#1461,.T.);
#4110=EDGE_CURVE('',#3239,#3237,#1462,.T.);
#4111=EDGE_CURVE('',#3240,#3239,#1463,.T.);
#4112=EDGE_CURVE('',#3240,#3238,#1464,.T.);
#4113=EDGE_CURVE('',#3238,#3241,#1465,.T.);
#4114=EDGE_CURVE('',#3242,#3240,#1466,.T.);
#4115=EDGE_CURVE('',#3242,#3241,#1467,.T.);
#4116=EDGE_CURVE('',#3241,#3243,#1468,.T.);
#4117=EDGE_CURVE('',#3244,#3242,#1469,.T.);
#4118=EDGE_CURVE('',#3244,#3243,#1470,.T.);
#4119=EDGE_CURVE('',#3243,#3245,#1471,.T.);
#4120=EDGE_CURVE('',#3246,#3244,#1472,.T.);
#4121=EDGE_CURVE('',#3246,#3245,#1473,.T.);
#4122=EDGE_CURVE('',#3245,#3247,#1474,.T.);
#4123=EDGE_CURVE('',#3248,#3246,#1475,.T.);
#4124=EDGE_CURVE('',#3248,#3247,#1476,.T.);
#4125=EDGE_CURVE('',#3247,#3237,#1477,.T.);
#4126=EDGE_CURVE('',#3239,#3248,#1478,.T.);
#4127=EDGE_CURVE('',#3249,#3183,#1479,.T.);
#4128=EDGE_CURVE('',#3250,#3249,#1480,.T.);
#4129=EDGE_CURVE('',#3251,#3250,#1481,.T.);
#4130=EDGE_CURVE('',#3251,#3252,#1482,.T.);
#4131=EDGE_CURVE('',#3252,#3184,#1483,.T.);
#4132=EDGE_CURVE('',#3253,#3252,#1484,.T.);
#4133=EDGE_CURVE('',#3185,#3253,#1485,.T.);
#4134=EDGE_CURVE('',#3254,#3253,#1486,.T.);
#4135=EDGE_CURVE('',#3255,#3254,#1487,.T.);
#4136=EDGE_CURVE('',#3255,#3256,#1488,.T.);
#4137=EDGE_CURVE('',#3186,#3256,#1489,.T.);
#4138=EDGE_CURVE('',#3257,#3249,#1490,.T.);
#4139=EDGE_CURVE('',#3258,#3257,#1491,.T.);
#4140=EDGE_CURVE('',#3250,#3258,#1492,.T.);
#4141=EDGE_CURVE('',#3254,#3251,#1493,.T.);
#4142=EDGE_CURVE('',#3256,#3259,#1494,.T.);
#4143=EDGE_CURVE('',#3260,#3255,#1495,.T.);
#4144=EDGE_CURVE('',#3260,#3259,#1496,.T.);
#4145=EDGE_CURVE('',#3259,#3257,#1497,.T.);
#4146=EDGE_CURVE('',#3258,#3260,#1498,.T.);
#4147=EDGE_CURVE('',#3261,#3179,#1499,.T.);
#4148=EDGE_CURVE('',#3262,#3261,#1500,.T.);
#4149=EDGE_CURVE('',#3263,#3262,#1501,.T.);
#4150=EDGE_CURVE('',#3263,#3264,#1502,.T.);
#4151=EDGE_CURVE('',#3264,#3180,#1503,.T.);
#4152=EDGE_CURVE('',#3265,#3264,#1504,.T.);
#4153=EDGE_CURVE('',#3181,#3265,#1505,.T.);
#4154=EDGE_CURVE('',#3266,#3265,#1506,.T.);
#4155=EDGE_CURVE('',#3267,#3266,#1507,.T.);
#4156=EDGE_CURVE('',#3267,#3268,#1508,.T.);
#4157=EDGE_CURVE('',#3182,#3268,#1509,.T.);
#4158=EDGE_CURVE('',#3269,#3261,#1510,.T.);
#4159=EDGE_CURVE('',#3270,#3269,#1511,.T.);
#4160=EDGE_CURVE('',#3262,#3270,#1512,.T.);
#4161=EDGE_CURVE('',#3266,#3263,#1513,.T.);
#4162=EDGE_CURVE('',#3268,#3271,#1514,.T.);
#4163=EDGE_CURVE('',#3272,#3267,#1515,.T.);
#4164=EDGE_CURVE('',#3272,#3271,#1516,.T.);
#4165=EDGE_CURVE('',#3271,#3269,#1517,.T.);
#4166=EDGE_CURVE('',#3270,#3272,#1518,.T.);
#4167=EDGE_CURVE('',#3273,#3274,#1519,.T.);
#4168=EDGE_CURVE('',#3275,#3273,#1520,.T.);
#4169=EDGE_CURVE('',#3276,#3275,#1521,.T.);
#4170=EDGE_CURVE('',#3276,#3274,#1522,.T.);
#4171=EDGE_CURVE('',#3274,#3277,#1523,.T.);
#4172=EDGE_CURVE('',#3278,#3276,#1524,.T.);
#4173=EDGE_CURVE('',#3278,#3277,#1525,.T.);
#4174=EDGE_CURVE('',#3277,#3279,#1526,.T.);
#4175=EDGE_CURVE('',#3280,#3278,#1527,.T.);
#4176=EDGE_CURVE('',#3280,#3279,#1528,.T.);
#4177=EDGE_CURVE('',#3279,#3281,#1529,.T.);
#4178=EDGE_CURVE('',#3282,#3280,#1530,.T.);
#4179=EDGE_CURVE('',#3282,#3281,#1531,.T.);
#4180=EDGE_CURVE('',#3281,#3283,#1532,.T.);
#4181=EDGE_CURVE('',#3284,#3282,#1533,.T.);
#4182=EDGE_CURVE('',#3284,#3283,#1534,.T.);
#4183=EDGE_CURVE('',#3283,#3273,#1535,.T.);
#4184=EDGE_CURVE('',#3275,#3284,#1536,.T.);
#4185=EDGE_CURVE('',#3285,#3167,#1537,.T.);
#4186=EDGE_CURVE('',#3286,#3285,#1538,.T.);
#4187=EDGE_CURVE('',#3287,#3286,#1539,.T.);
#4188=EDGE_CURVE('',#3287,#3288,#1540,.T.);
#4189=EDGE_CURVE('',#3288,#3168,#1541,.T.);
#4190=EDGE_CURVE('',#3289,#3288,#1542,.T.);
#4191=EDGE_CURVE('',#3169,#3289,#1543,.T.);
#4192=EDGE_CURVE('',#3290,#3289,#1544,.T.);
#4193=EDGE_CURVE('',#3291,#3290,#1545,.T.);
#4194=EDGE_CURVE('',#3291,#3292,#1546,.T.);
#4195=EDGE_CURVE('',#3170,#3292,#1547,.T.);
#4196=EDGE_CURVE('',#3293,#3285,#1548,.T.);
#4197=EDGE_CURVE('',#3294,#3293,#1549,.T.);
#4198=EDGE_CURVE('',#3286,#3294,#1550,.T.);
#4199=EDGE_CURVE('',#3290,#3287,#1551,.T.);
#4200=EDGE_CURVE('',#3292,#3295,#1552,.T.);
#4201=EDGE_CURVE('',#3296,#3291,#1553,.T.);
#4202=EDGE_CURVE('',#3296,#3295,#1554,.T.);
#4203=EDGE_CURVE('',#3295,#3293,#1555,.T.);
#4204=EDGE_CURVE('',#3294,#3296,#1556,.T.);
#4205=EDGE_CURVE('',#3297,#3159,#1557,.T.);
#4206=EDGE_CURVE('',#3298,#3297,#1558,.T.);
#4207=EDGE_CURVE('',#3299,#3298,#1559,.T.);
#4208=EDGE_CURVE('',#3299,#3300,#1560,.T.);
#4209=EDGE_CURVE('',#3300,#3160,#1561,.T.);
#4210=EDGE_CURVE('',#3301,#3300,#1562,.T.);
#4211=EDGE_CURVE('',#3161,#3301,#1563,.T.);
#4212=EDGE_CURVE('',#3302,#3301,#1564,.T.);
#4213=EDGE_CURVE('',#3303,#3302,#1565,.T.);
#4214=EDGE_CURVE('',#3303,#3304,#1566,.T.);
#4215=EDGE_CURVE('',#3162,#3304,#1567,.T.);
#4216=EDGE_CURVE('',#3305,#3297,#1568,.T.);
#4217=EDGE_CURVE('',#3306,#3305,#1569,.T.);
#4218=EDGE_CURVE('',#3298,#3306,#1570,.T.);
#4219=EDGE_CURVE('',#3302,#3299,#1571,.T.);
#4220=EDGE_CURVE('',#3304,#3307,#1572,.T.);
#4221=EDGE_CURVE('',#3308,#3303,#1573,.T.);
#4222=EDGE_CURVE('',#3308,#3307,#1574,.T.);
#4223=EDGE_CURVE('',#3307,#3305,#1575,.T.);
#4224=EDGE_CURVE('',#3306,#3308,#1576,.T.);
#4225=EDGE_CURVE('',#3309,#3151,#1577,.T.);
#4226=EDGE_CURVE('',#3310,#3309,#1578,.T.);
#4227=EDGE_CURVE('',#3311,#3310,#1579,.T.);
#4228=EDGE_CURVE('',#3311,#3312,#1580,.T.);
#4229=EDGE_CURVE('',#3312,#3152,#1581,.T.);
#4230=EDGE_CURVE('',#3313,#3312,#1582,.T.);
#4231=EDGE_CURVE('',#3153,#3313,#1583,.T.);
#4232=EDGE_CURVE('',#3314,#3313,#1584,.T.);
#4233=EDGE_CURVE('',#3315,#3314,#1585,.T.);
#4234=EDGE_CURVE('',#3315,#3316,#1586,.T.);
#4235=EDGE_CURVE('',#3154,#3316,#1587,.T.);
#4236=EDGE_CURVE('',#3317,#3309,#1588,.T.);
#4237=EDGE_CURVE('',#3318,#3317,#1589,.T.);
#4238=EDGE_CURVE('',#3310,#3318,#1590,.T.);
#4239=EDGE_CURVE('',#3314,#3311,#1591,.T.);
#4240=EDGE_CURVE('',#3316,#3319,#1592,.T.);
#4241=EDGE_CURVE('',#3320,#3315,#1593,.T.);
#4242=EDGE_CURVE('',#3320,#3319,#1594,.T.);
#4243=EDGE_CURVE('',#3319,#3317,#1595,.T.);
#4244=EDGE_CURVE('',#3318,#3320,#1596,.T.);
#4245=EDGE_CURVE('',#3321,#3155,#1597,.T.);
#4246=EDGE_CURVE('',#3322,#3321,#1598,.T.);
#4247=EDGE_CURVE('',#3323,#3322,#1599,.T.);
#4248=EDGE_CURVE('',#3323,#3324,#1600,.T.);
#4249=EDGE_CURVE('',#3324,#3156,#1601,.T.);
#4250=EDGE_CURVE('',#3325,#3324,#1602,.T.);
#4251=EDGE_CURVE('',#3157,#3325,#1603,.T.);
#4252=EDGE_CURVE('',#3326,#3325,#1604,.T.);
#4253=EDGE_CURVE('',#3327,#3326,#1605,.T.);
#4254=EDGE_CURVE('',#3327,#3328,#1606,.T.);
#4255=EDGE_CURVE('',#3158,#3328,#1607,.T.);
#4256=EDGE_CURVE('',#3329,#3321,#1608,.T.);
#4257=EDGE_CURVE('',#3330,#3329,#1609,.T.);
#4258=EDGE_CURVE('',#3322,#3330,#1610,.T.);
#4259=EDGE_CURVE('',#3326,#3323,#1611,.T.);
#4260=EDGE_CURVE('',#3328,#3331,#1612,.T.);
#4261=EDGE_CURVE('',#3332,#3327,#1613,.T.);
#4262=EDGE_CURVE('',#3332,#3331,#1614,.T.);
#4263=EDGE_CURVE('',#3331,#3329,#1615,.T.);
#4264=EDGE_CURVE('',#3330,#3332,#1616,.T.);
#4265=EDGE_CURVE('',#3333,#3163,#1617,.T.);
#4266=EDGE_CURVE('',#3334,#3333,#1618,.T.);
#4267=EDGE_CURVE('',#3335,#3334,#1619,.T.);
#4268=EDGE_CURVE('',#3335,#3336,#1620,.T.);
#4269=EDGE_CURVE('',#3336,#3164,#1621,.T.);
#4270=EDGE_CURVE('',#3337,#3336,#1622,.T.);
#4271=EDGE_CURVE('',#3165,#3337,#1623,.T.);
#4272=EDGE_CURVE('',#3338,#3337,#1624,.T.);
#4273=EDGE_CURVE('',#3339,#3338,#1625,.T.);
#4274=EDGE_CURVE('',#3339,#3340,#1626,.T.);
#4275=EDGE_CURVE('',#3166,#3340,#1627,.T.);
#4276=EDGE_CURVE('',#3341,#3333,#1628,.T.);
#4277=EDGE_CURVE('',#3342,#3341,#1629,.T.);
#4278=EDGE_CURVE('',#3334,#3342,#1630,.T.);
#4279=EDGE_CURVE('',#3338,#3335,#1631,.T.);
#4280=EDGE_CURVE('',#3340,#3343,#1632,.T.);
#4281=EDGE_CURVE('',#3344,#3339,#1633,.T.);
#4282=EDGE_CURVE('',#3344,#3343,#1634,.T.);
#4283=EDGE_CURVE('',#3343,#3341,#1635,.T.);
#4284=EDGE_CURVE('',#3342,#3344,#1636,.T.);
#4285=EDGE_CURVE('',#3345,#3171,#1637,.T.);
#4286=EDGE_CURVE('',#3346,#3345,#1638,.T.);
#4287=EDGE_CURVE('',#3347,#3346,#1639,.T.);
#4288=EDGE_CURVE('',#3347,#3348,#1640,.T.);
#4289=EDGE_CURVE('',#3348,#3172,#1641,.T.);
#4290=EDGE_CURVE('',#3349,#3348,#1642,.T.);
#4291=EDGE_CURVE('',#3173,#3349,#1643,.T.);
#4292=EDGE_CURVE('',#3350,#3349,#1644,.T.);
#4293=EDGE_CURVE('',#3351,#3350,#1645,.T.);
#4294=EDGE_CURVE('',#3351,#3352,#1646,.T.);
#4295=EDGE_CURVE('',#3174,#3352,#1647,.T.);
#4296=EDGE_CURVE('',#3353,#3345,#1648,.T.);
#4297=EDGE_CURVE('',#3354,#3353,#1649,.T.);
#4298=EDGE_CURVE('',#3346,#3354,#1650,.T.);
#4299=EDGE_CURVE('',#3350,#3347,#1651,.T.);
#4300=EDGE_CURVE('',#3352,#3355,#1652,.T.);
#4301=EDGE_CURVE('',#3356,#3351,#1653,.T.);
#4302=EDGE_CURVE('',#3356,#3355,#1654,.T.);
#4303=EDGE_CURVE('',#3355,#3353,#1655,.T.);
#4304=EDGE_CURVE('',#3354,#3356,#1656,.T.);
#4305=EDGE_CURVE('',#3357,#3358,#1657,.T.);
#4306=EDGE_CURVE('',#3359,#3357,#1658,.T.);
#4307=EDGE_CURVE('',#3360,#3359,#1659,.T.);
#4308=EDGE_CURVE('',#3360,#3358,#1660,.T.);
#4309=EDGE_CURVE('',#3358,#3361,#1661,.T.);
#4310=EDGE_CURVE('',#3362,#3360,#1662,.T.);
#4311=EDGE_CURVE('',#3362,#3361,#1663,.T.);
#4312=EDGE_CURVE('',#3361,#3363,#1664,.T.);
#4313=EDGE_CURVE('',#3364,#3362,#1665,.T.);
#4314=EDGE_CURVE('',#3364,#3363,#1666,.T.);
#4315=EDGE_CURVE('',#3363,#3365,#1667,.T.);
#4316=EDGE_CURVE('',#3366,#3364,#1668,.T.);
#4317=EDGE_CURVE('',#3366,#3365,#1669,.T.);
#4318=EDGE_CURVE('',#3365,#3367,#1670,.T.);
#4319=EDGE_CURVE('',#3368,#3366,#1671,.T.);
#4320=EDGE_CURVE('',#3368,#3367,#1672,.T.);
#4321=EDGE_CURVE('',#3367,#3357,#1673,.T.);
#4322=EDGE_CURVE('',#3359,#3368,#1674,.T.);
#4323=EDGE_CURVE('',#3369,#3187,#1675,.T.);
#4324=EDGE_CURVE('',#3370,#3369,#1676,.T.);
#4325=EDGE_CURVE('',#3371,#3370,#1677,.T.);
#4326=EDGE_CURVE('',#3371,#3372,#1678,.T.);
#4327=EDGE_CURVE('',#3372,#3188,#1679,.T.);
#4328=EDGE_CURVE('',#3373,#3372,#1680,.T.);
#4329=EDGE_CURVE('',#3189,#3373,#1681,.T.);
#4330=EDGE_CURVE('',#3374,#3373,#1682,.T.);
#4331=EDGE_CURVE('',#3375,#3374,#1683,.T.);
#4332=EDGE_CURVE('',#3375,#3376,#1684,.T.);
#4333=EDGE_CURVE('',#3190,#3376,#1685,.T.);
#4334=EDGE_CURVE('',#3376,#3377,#1686,.T.);
#4335=EDGE_CURVE('',#3378,#3375,#1687,.T.);
#4336=EDGE_CURVE('',#3378,#3377,#1688,.T.);
#4337=EDGE_CURVE('',#3377,#3379,#1689,.T.);
#4338=EDGE_CURVE('',#3380,#3378,#1690,.T.);
#4339=EDGE_CURVE('',#3380,#3379,#1691,.T.);
#4340=EDGE_CURVE('',#3379,#3369,#1692,.T.);
#4341=EDGE_CURVE('',#3370,#3380,#1693,.T.);
#4342=EDGE_CURVE('',#3374,#3371,#1694,.T.);
#4343=EDGE_CURVE('',#3381,#3382,#1695,.T.);
#4344=EDGE_CURVE('',#3383,#3381,#1696,.T.);
#4345=EDGE_CURVE('',#3384,#3383,#1697,.T.);
#4346=EDGE_CURVE('',#3384,#3382,#1698,.T.);
#4347=EDGE_CURVE('',#3382,#3385,#1699,.T.);
#4348=EDGE_CURVE('',#3386,#3384,#1700,.T.);
#4349=EDGE_CURVE('',#3386,#3385,#1701,.T.);
#4350=EDGE_CURVE('',#3385,#3387,#1702,.T.);
#4351=EDGE_CURVE('',#3388,#3386,#1703,.T.);
#4352=EDGE_CURVE('',#3388,#3387,#1704,.T.);
#4353=EDGE_CURVE('',#3387,#3389,#1705,.T.);
#4354=EDGE_CURVE('',#3390,#3388,#1706,.T.);
#4355=EDGE_CURVE('',#3390,#3389,#1707,.T.);
#4356=EDGE_CURVE('',#3389,#3391,#1708,.T.);
#4357=EDGE_CURVE('',#3392,#3390,#1709,.T.);
#4358=EDGE_CURVE('',#3392,#3391,#1710,.T.);
#4359=EDGE_CURVE('',#3391,#3381,#1711,.T.);
#4360=EDGE_CURVE('',#3383,#3392,#1712,.T.);
#4361=EDGE_CURVE('',#3393,#3175,#1713,.T.);
#4362=EDGE_CURVE('',#3394,#3393,#1714,.T.);
#4363=EDGE_CURVE('',#3395,#3394,#1715,.T.);
#4364=EDGE_CURVE('',#3395,#3396,#1716,.T.);
#4365=EDGE_CURVE('',#3396,#3176,#1717,.T.);
#4366=EDGE_CURVE('',#3397,#3396,#1718,.T.);
#4367=EDGE_CURVE('',#3177,#3397,#1719,.T.);
#4368=EDGE_CURVE('',#3398,#3397,#1720,.T.);
#4369=EDGE_CURVE('',#3399,#3398,#1721,.T.);
#4370=EDGE_CURVE('',#3399,#3400,#1722,.T.);
#4371=EDGE_CURVE('',#3178,#3400,#1723,.T.);
#4372=EDGE_CURVE('',#3401,#3393,#1724,.T.);
#4373=EDGE_CURVE('',#3402,#3401,#1725,.T.);
#4374=EDGE_CURVE('',#3394,#3402,#1726,.T.);
#4375=EDGE_CURVE('',#3398,#3395,#1727,.T.);
#4376=EDGE_CURVE('',#3400,#3403,#1728,.T.);
#4377=EDGE_CURVE('',#3404,#3399,#1729,.T.);
#4378=EDGE_CURVE('',#3404,#3403,#1730,.T.);
#4379=EDGE_CURVE('',#3403,#3401,#1731,.T.);
#4380=EDGE_CURVE('',#3402,#3404,#1732,.T.);
#4381=EDGE_CURVE('',#3405,#3406,#1733,.T.);
#4382=EDGE_CURVE('',#3407,#3405,#1734,.T.);
#4383=EDGE_CURVE('',#3408,#3407,#1735,.T.);
#4384=EDGE_CURVE('',#3408,#3406,#1736,.T.);
#4385=EDGE_CURVE('',#3406,#3409,#1737,.T.);
#4386=EDGE_CURVE('',#3410,#3408,#1738,.T.);
#4387=EDGE_CURVE('',#3410,#3409,#1739,.T.);
#4388=EDGE_CURVE('',#3409,#3411,#1740,.T.);
#4389=EDGE_CURVE('',#3412,#3410,#1741,.T.);
#4390=EDGE_CURVE('',#3412,#3411,#1742,.T.);
#4391=EDGE_CURVE('',#3411,#3413,#1743,.T.);
#4392=EDGE_CURVE('',#3414,#3412,#1744,.T.);
#4393=EDGE_CURVE('',#3414,#3413,#1745,.T.);
#4394=EDGE_CURVE('',#3413,#3415,#1746,.T.);
#4395=EDGE_CURVE('',#3416,#3414,#1747,.T.);
#4396=EDGE_CURVE('',#3416,#3415,#1748,.T.);
#4397=EDGE_CURVE('',#3415,#3405,#1749,.T.);
#4398=EDGE_CURVE('',#3407,#3416,#1750,.T.);
#4399=EDGE_CURVE('',#3417,#3418,#1751,.T.);
#4400=EDGE_CURVE('',#3419,#3417,#1752,.T.);
#4401=EDGE_CURVE('',#3420,#3419,#1753,.T.);
#4402=EDGE_CURVE('',#3420,#3418,#1754,.T.);
#4403=EDGE_CURVE('',#3418,#3421,#1755,.T.);
#4404=EDGE_CURVE('',#3422,#3420,#1756,.T.);
#4405=EDGE_CURVE('',#3422,#3421,#1757,.T.);
#4406=EDGE_CURVE('',#3421,#3423,#1758,.T.);
#4407=EDGE_CURVE('',#3424,#3422,#1759,.T.);
#4408=EDGE_CURVE('',#3424,#3423,#1760,.T.);
#4409=EDGE_CURVE('',#3423,#3425,#1761,.T.);
#4410=EDGE_CURVE('',#3426,#3424,#1762,.T.);
#4411=EDGE_CURVE('',#3426,#3425,#1763,.T.);
#4412=EDGE_CURVE('',#3425,#3427,#1764,.T.);
#4413=EDGE_CURVE('',#3428,#3426,#1765,.T.);
#4414=EDGE_CURVE('',#3428,#3427,#1766,.T.);
#4415=EDGE_CURVE('',#3427,#3417,#1767,.T.);
#4416=EDGE_CURVE('',#3419,#3428,#1768,.T.);
#4417=EDGE_CURVE('',#3429,#3430,#1769,.T.);
#4418=EDGE_CURVE('',#3431,#3429,#1770,.T.);
#4419=EDGE_CURVE('',#3432,#3431,#1771,.T.);
#4420=EDGE_CURVE('',#3432,#3430,#1772,.T.);
#4421=EDGE_CURVE('',#3430,#3433,#1773,.T.);
#4422=EDGE_CURVE('',#3434,#3432,#1774,.T.);
#4423=EDGE_CURVE('',#3434,#3433,#1775,.T.);
#4424=EDGE_CURVE('',#3433,#3435,#1776,.T.);
#4425=EDGE_CURVE('',#3436,#3434,#1777,.T.);
#4426=EDGE_CURVE('',#3436,#3435,#1778,.T.);
#4427=EDGE_CURVE('',#3435,#3437,#1779,.T.);
#4428=EDGE_CURVE('',#3438,#3436,#1780,.T.);
#4429=EDGE_CURVE('',#3438,#3437,#1781,.T.);
#4430=EDGE_CURVE('',#3437,#3439,#1782,.T.);
#4431=EDGE_CURVE('',#3440,#3438,#1783,.T.);
#4432=EDGE_CURVE('',#3440,#3439,#1784,.T.);
#4433=EDGE_CURVE('',#3439,#3429,#1785,.T.);
#4434=EDGE_CURVE('',#3431,#3440,#1786,.T.);
#4435=EDGE_CURVE('',#2843,#3441,#1787,.T.);
#4436=EDGE_CURVE('',#3441,#3191,#1788,.T.);
#4437=EDGE_CURVE('',#3442,#3443,#131,.T.);
#4438=EDGE_CURVE('',#3442,#2805,#1789,.F.);
#4439=EDGE_CURVE('',#3443,#2804,#1790,.F.);
#4440=EDGE_CURVE('',#2803,#3444,#1791,.F.);
#4441=EDGE_CURVE('',#3444,#2823,#132,.T.);
#4442=EDGE_CURVE('',#3445,#3446,#1792,.T.);
#4443=EDGE_CURVE('',#2806,#3445,#1793,.T.);
#4444=EDGE_CURVE('',#3447,#3442,#133,.T.);
#4445=EDGE_CURVE('',#3446,#3447,#1794,.T.);
#4446=EDGE_CURVE('',#3446,#2821,#134,.T.);
#4447=EDGE_CURVE('',#3448,#3447,#135,.T.);
#4448=EDGE_CURVE('',#2822,#3448,#136,.T.);
#4449=EDGE_CURVE('',#3443,#3444,#2792,.T.);
#4450=EDGE_CURVE('',#3448,#3449,#137,.T.);
#4451=EDGE_CURVE('',#3450,#3449,#138,.T.);
#4452=EDGE_CURVE('',#3449,#3450,#139,.T.);
#4453=EDGE_CURVE('',#3445,#3451,#140,.T.);
#4454=EDGE_CURVE('',#3451,#2807,#1795,.T.);
#4455=EDGE_CURVE('',#3452,#3453,#141,.T.);
#4456=EDGE_CURVE('',#3454,#3452,#1796,.T.);
#4457=EDGE_CURVE('',#3454,#3441,#1797,.T.);
#4458=EDGE_CURVE('',#2842,#3455,#1798,.T.);
#4459=EDGE_CURVE('',#3453,#3455,#1799,.T.);
#4460=EDGE_CURVE('',#2808,#3456,#1800,.T.);
#4461=EDGE_CURVE('',#2850,#3456,#142,.T.);
#4462=EDGE_CURVE('',#3198,#3200,#1801,.T.);
#4463=EDGE_CURVE('',#3456,#3451,#1802,.T.);
#4464=EDGE_CURVE('',#3457,#3452,#1803,.T.);
#4465=EDGE_CURVE('',#3458,#3457,#1804,.T.);
#4466=EDGE_CURVE('',#3458,#3454,#1805,.T.);
#4467=EDGE_CURVE('',#3459,#2812,#1806,.T.);
#4468=EDGE_CURVE('',#2840,#3459,#1807,.T.);
#4469=EDGE_CURVE('',#3460,#3459,#1808,.T.);
#4470=EDGE_CURVE('',#2841,#3460,#1809,.T.);
#4471=EDGE_CURVE('',#3455,#3460,#1810,.T.);
#4472=EDGE_CURVE('',#3461,#3462,#1811,.T.);
#4473=EDGE_CURVE('',#3462,#2849,#143,.T.);
#4474=EDGE_CURVE('',#2820,#3463,#1812,.T.);
#4475=EDGE_CURVE('',#3464,#3463,#144,.T.);
#4476=EDGE_CURVE('',#3464,#3458,#1813,.T.);
#4477=EDGE_CURVE('',#3457,#3461,#145,.T.);
#4478=EDGE_CURVE('',#3465,#2848,#1814,.T.);
#4479=EDGE_CURVE('',#3465,#2837,#1815,.T.);
#4480=EDGE_CURVE('',#3466,#3466,#146,.T.);
#4481=EDGE_CURVE('',#3467,#3467,#147,.T.);
#4482=EDGE_CURVE('',#3192,#3464,#1816,.T.);
#4483=EDGE_CURVE('',#3463,#3193,#1817,.T.);
#4484=EDGE_CURVE('',#3468,#2800,#1818,.T.);
#4485=EDGE_CURVE('',#2817,#3468,#148,.T.);
#4486=EDGE_CURVE('',#3468,#3199,#2793,.T.);
#4487=EDGE_CURVE('',#3469,#3469,#149,.T.);
#4488=EDGE_CURVE('',#3469,#3470,#150,.T.);
#4489=EDGE_CURVE('',#2846,#3470,#151,.T.);
#4490=EDGE_CURVE('',#3470,#2845,#152,.T.);
#4491=EDGE_CURVE('',#3150,#3465,#1819,.T.);
#4492=EDGE_CURVE('',#3471,#3472,#153,.T.);
#4493=EDGE_CURVE('',#3471,#3473,#154,.T.);
#4494=EDGE_CURVE('',#3473,#3473,#155,.T.);
#4495=EDGE_CURVE('',#3472,#3471,#156,.T.);
#4496=EDGE_CURVE('',#3467,#3472,#1820,.T.);
#4497=EDGE_CURVE('',#3474,#3475,#157,.T.);
#4498=EDGE_CURVE('',#3474,#3476,#158,.T.);
#4499=EDGE_CURVE('',#3476,#3476,#159,.T.);
#4500=EDGE_CURVE('',#3475,#3474,#160,.T.);
#4501=EDGE_CURVE('',#3466,#3475,#1821,.T.);
#4502=EDGE_CURVE('',#2816,#3450,#1822,.T.);
#4503=EDGE_CURVE('',#3477,#3477,#161,.T.);
#4504=EDGE_CURVE('',#3477,#3473,#1823,.T.);
#4505=EDGE_CURVE('',#3478,#3478,#162,.T.);
#4506=EDGE_CURVE('',#3478,#3476,#1824,.T.);
#4507=EDGE_CURVE('',#3462,#2811,#1825,.T.);
#4508=EDGE_CURVE('',#3453,#3461,#1826,.T.);
#4509=ORIENTED_EDGE('',*,*,#3479,.F.);
#4510=ORIENTED_EDGE('',*,*,#3480,.T.);
#4511=ORIENTED_EDGE('',*,*,#3481,.F.);
#4512=ORIENTED_EDGE('',*,*,#3482,.T.);
#4513=ORIENTED_EDGE('',*,*,#3483,.T.);
#4514=ORIENTED_EDGE('',*,*,#3480,.F.);
#4515=ORIENTED_EDGE('',*,*,#3484,.T.);
#4516=ORIENTED_EDGE('',*,*,#3485,.T.);
#4517=ORIENTED_EDGE('',*,*,#3486,.T.);
#4518=ORIENTED_EDGE('',*,*,#3487,.T.);
#4519=ORIENTED_EDGE('',*,*,#3488,.T.);
#4520=ORIENTED_EDGE('',*,*,#3485,.F.);
#4521=ORIENTED_EDGE('',*,*,#3489,.T.);
#4522=ORIENTED_EDGE('',*,*,#3490,.T.);
#4523=ORIENTED_EDGE('',*,*,#3491,.T.);
#4524=ORIENTED_EDGE('',*,*,#3492,.T.);
#4525=ORIENTED_EDGE('',*,*,#3493,.T.);
#4526=ORIENTED_EDGE('',*,*,#3494,.F.);
#4527=ORIENTED_EDGE('',*,*,#3495,.F.);
#4528=ORIENTED_EDGE('',*,*,#3496,.F.);
#4529=ORIENTED_EDGE('',*,*,#3497,.F.);
#4530=ORIENTED_EDGE('',*,*,#3498,.F.);
#4531=ORIENTED_EDGE('',*,*,#3499,.F.);
#4532=ORIENTED_EDGE('',*,*,#3500,.T.);
#4533=ORIENTED_EDGE('',*,*,#3501,.F.);
#4534=ORIENTED_EDGE('',*,*,#3502,.F.);
#4535=ORIENTED_EDGE('',*,*,#3503,.F.);
#4536=ORIENTED_EDGE('',*,*,#3504,.F.);
#4537=ORIENTED_EDGE('',*,*,#3484,.F.);
#4538=ORIENTED_EDGE('',*,*,#3505,.F.);
#4539=ORIENTED_EDGE('',*,*,#3506,.F.);
#4540=ORIENTED_EDGE('',*,*,#3507,.F.);
#4541=ORIENTED_EDGE('',*,*,#3508,.F.);
#4542=ORIENTED_EDGE('',*,*,#3509,.F.);
#4543=ORIENTED_EDGE('',*,*,#3510,.F.);
#4544=ORIENTED_EDGE('',*,*,#3511,.T.);
#4545=ORIENTED_EDGE('',*,*,#3512,.T.);
#4546=ORIENTED_EDGE('',*,*,#3489,.F.);
#4547=ORIENTED_EDGE('',*,*,#3513,.F.);
#4548=ORIENTED_EDGE('',*,*,#3514,.F.);
#4549=ORIENTED_EDGE('',*,*,#3515,.F.);
#4550=ORIENTED_EDGE('',*,*,#3516,.T.);
#4551=ORIENTED_EDGE('',*,*,#3517,.T.);
#4552=ORIENTED_EDGE('',*,*,#3518,.F.);
#4553=ORIENTED_EDGE('',*,*,#3519,.T.);
#4554=ORIENTED_EDGE('',*,*,#3520,.F.);
#4555=ORIENTED_EDGE('',*,*,#3521,.T.);
#4556=ORIENTED_EDGE('',*,*,#3522,.T.);
#4557=ORIENTED_EDGE('',*,*,#3523,.T.);
#4558=ORIENTED_EDGE('',*,*,#3524,.F.);
#4559=ORIENTED_EDGE('',*,*,#3518,.T.);
#4560=ORIENTED_EDGE('',*,*,#3525,.T.);
#4561=ORIENTED_EDGE('',*,*,#3482,.F.);
#4562=ORIENTED_EDGE('',*,*,#3526,.F.);
#4563=ORIENTED_EDGE('',*,*,#3527,.F.);
#4564=ORIENTED_EDGE('',*,*,#3528,.F.);
#4565=ORIENTED_EDGE('',*,*,#3529,.F.);
#4566=ORIENTED_EDGE('',*,*,#3530,.F.);
#4567=ORIENTED_EDGE('',*,*,#3531,.F.);
#4568=ORIENTED_EDGE('',*,*,#3479,.T.);
#4569=ORIENTED_EDGE('',*,*,#3481,.T.);
#4570=ORIENTED_EDGE('',*,*,#3526,.T.);
#4571=ORIENTED_EDGE('',*,*,#3531,.T.);
#4572=ORIENTED_EDGE('',*,*,#3530,.T.);
#4573=ORIENTED_EDGE('',*,*,#3514,.T.);
#4574=ORIENTED_EDGE('',*,*,#3532,.T.);
#4575=ORIENTED_EDGE('',*,*,#3533,.T.);
#4576=ORIENTED_EDGE('',*,*,#3501,.T.);
#4577=ORIENTED_EDGE('',*,*,#3534,.T.);
#4578=ORIENTED_EDGE('',*,*,#3535,.T.);
#4579=ORIENTED_EDGE('',*,*,#3536,.T.);
#4580=ORIENTED_EDGE('',*,*,#3537,.T.);
#4581=ORIENTED_EDGE('',*,*,#3538,.T.);
#4582=ORIENTED_EDGE('',*,*,#3539,.T.);
#4583=ORIENTED_EDGE('',*,*,#3520,.T.);
#4584=ORIENTED_EDGE('',*,*,#3525,.F.);
#4585=ORIENTED_EDGE('',*,*,#3517,.F.);
#4586=ORIENTED_EDGE('',*,*,#3519,.F.);
#4587=ORIENTED_EDGE('',*,*,#3524,.T.);
#4588=ORIENTED_EDGE('',*,*,#3540,.T.);
#4589=ORIENTED_EDGE('',*,*,#3541,.F.);
#4590=ORIENTED_EDGE('',*,*,#3542,.F.);
#4591=ORIENTED_EDGE('',*,*,#3522,.F.);
#4592=ORIENTED_EDGE('',*,*,#3543,.F.);
#4593=ORIENTED_EDGE('',*,*,#3544,.T.);
#4594=ORIENTED_EDGE('',*,*,#3545,.F.);
#4595=ORIENTED_EDGE('',*,*,#3527,.T.);
#4596=ORIENTED_EDGE('',*,*,#3483,.F.);
#4597=ORIENTED_EDGE('',*,*,#3546,.F.);
#4598=ORIENTED_EDGE('',*,*,#3547,.F.);
#4599=ORIENTED_EDGE('',*,*,#3497,.T.);
#4600=ORIENTED_EDGE('',*,*,#3548,.F.);
#4601=ORIENTED_EDGE('',*,*,#3549,.F.);
#4602=ORIENTED_EDGE('',*,*,#3550,.F.);
#4603=ORIENTED_EDGE('',*,*,#3551,.F.);
#4604=ORIENTED_EDGE('',*,*,#3552,.T.);
#4605=ORIENTED_EDGE('',*,*,#3553,.F.);
#4606=ORIENTED_EDGE('',*,*,#3552,.F.);
#4607=ORIENTED_EDGE('',*,*,#3554,.F.);
#4608=ORIENTED_EDGE('',*,*,#3555,.T.);
#4609=ORIENTED_EDGE('',*,*,#3556,.F.);
#4610=ORIENTED_EDGE('',*,*,#3555,.F.);
#4611=ORIENTED_EDGE('',*,*,#3557,.F.);
#4612=ORIENTED_EDGE('',*,*,#3558,.T.);
#4613=ORIENTED_EDGE('',*,*,#3559,.F.);
#4614=ORIENTED_EDGE('',*,*,#3558,.F.);
#4615=ORIENTED_EDGE('',*,*,#3560,.F.);
#4616=ORIENTED_EDGE('',*,*,#3561,.T.);
#4617=ORIENTED_EDGE('',*,*,#3562,.F.);
#4618=ORIENTED_EDGE('',*,*,#3561,.F.);
#4619=ORIENTED_EDGE('',*,*,#3563,.F.);
#4620=ORIENTED_EDGE('',*,*,#3564,.T.);
#4621=ORIENTED_EDGE('',*,*,#3565,.F.);
#4622=ORIENTED_EDGE('',*,*,#3564,.F.);
#4623=ORIENTED_EDGE('',*,*,#3566,.F.);
#4624=ORIENTED_EDGE('',*,*,#3550,.T.);
#4625=ORIENTED_EDGE('',*,*,#3567,.F.);
#4626=ORIENTED_EDGE('',*,*,#3568,.F.);
#4627=ORIENTED_EDGE('',*,*,#3569,.F.);
#4628=ORIENTED_EDGE('',*,*,#3570,.T.);
#4629=ORIENTED_EDGE('',*,*,#3571,.F.);
#4630=ORIENTED_EDGE('',*,*,#3570,.F.);
#4631=ORIENTED_EDGE('',*,*,#3572,.F.);
#4632=ORIENTED_EDGE('',*,*,#3573,.T.);
#4633=ORIENTED_EDGE('',*,*,#3574,.F.);
#4634=ORIENTED_EDGE('',*,*,#3573,.F.);
#4635=ORIENTED_EDGE('',*,*,#3575,.F.);
#4636=ORIENTED_EDGE('',*,*,#3576,.T.);
#4637=ORIENTED_EDGE('',*,*,#3577,.F.);
#4638=ORIENTED_EDGE('',*,*,#3576,.F.);
#4639=ORIENTED_EDGE('',*,*,#3578,.F.);
#4640=ORIENTED_EDGE('',*,*,#3579,.T.);
#4641=ORIENTED_EDGE('',*,*,#3580,.F.);
#4642=ORIENTED_EDGE('',*,*,#3579,.F.);
#4643=ORIENTED_EDGE('',*,*,#3581,.F.);
#4644=ORIENTED_EDGE('',*,*,#3582,.T.);
#4645=ORIENTED_EDGE('',*,*,#3583,.F.);
#4646=ORIENTED_EDGE('',*,*,#3582,.F.);
#4647=ORIENTED_EDGE('',*,*,#3584,.F.);
#4648=ORIENTED_EDGE('',*,*,#3568,.T.);
#4649=ORIENTED_EDGE('',*,*,#3585,.F.);
#4650=ORIENTED_EDGE('',*,*,#3586,.F.);
#4651=ORIENTED_EDGE('',*,*,#3587,.F.);
#4652=ORIENTED_EDGE('',*,*,#3588,.T.);
#4653=ORIENTED_EDGE('',*,*,#3589,.F.);
#4654=ORIENTED_EDGE('',*,*,#3588,.F.);
#4655=ORIENTED_EDGE('',*,*,#3590,.F.);
#4656=ORIENTED_EDGE('',*,*,#3591,.T.);
#4657=ORIENTED_EDGE('',*,*,#3592,.F.);
#4658=ORIENTED_EDGE('',*,*,#3591,.F.);
#4659=ORIENTED_EDGE('',*,*,#3593,.F.);
#4660=ORIENTED_EDGE('',*,*,#3594,.T.);
#4661=ORIENTED_EDGE('',*,*,#3595,.F.);
#4662=ORIENTED_EDGE('',*,*,#3594,.F.);
#4663=ORIENTED_EDGE('',*,*,#3596,.F.);
#4664=ORIENTED_EDGE('',*,*,#3597,.T.);
#4665=ORIENTED_EDGE('',*,*,#3598,.F.);
#4666=ORIENTED_EDGE('',*,*,#3597,.F.);
#4667=ORIENTED_EDGE('',*,*,#3599,.F.);
#4668=ORIENTED_EDGE('',*,*,#3600,.T.);
#4669=ORIENTED_EDGE('',*,*,#3601,.F.);
#4670=ORIENTED_EDGE('',*,*,#3600,.F.);
#4671=ORIENTED_EDGE('',*,*,#3602,.F.);
#4672=ORIENTED_EDGE('',*,*,#3586,.T.);
#4673=ORIENTED_EDGE('',*,*,#3603,.F.);
#4674=ORIENTED_EDGE('',*,*,#3604,.F.);
#4675=ORIENTED_EDGE('',*,*,#3605,.F.);
#4676=ORIENTED_EDGE('',*,*,#3606,.T.);
#4677=ORIENTED_EDGE('',*,*,#3607,.F.);
#4678=ORIENTED_EDGE('',*,*,#3606,.F.);
#4679=ORIENTED_EDGE('',*,*,#3608,.F.);
#4680=ORIENTED_EDGE('',*,*,#3609,.T.);
#4681=ORIENTED_EDGE('',*,*,#3610,.F.);
#4682=ORIENTED_EDGE('',*,*,#3609,.F.);
#4683=ORIENTED_EDGE('',*,*,#3611,.F.);
#4684=ORIENTED_EDGE('',*,*,#3612,.T.);
#4685=ORIENTED_EDGE('',*,*,#3613,.F.);
#4686=ORIENTED_EDGE('',*,*,#3612,.F.);
#4687=ORIENTED_EDGE('',*,*,#3614,.F.);
#4688=ORIENTED_EDGE('',*,*,#3615,.T.);
#4689=ORIENTED_EDGE('',*,*,#3616,.F.);
#4690=ORIENTED_EDGE('',*,*,#3615,.F.);
#4691=ORIENTED_EDGE('',*,*,#3617,.F.);
#4692=ORIENTED_EDGE('',*,*,#3618,.T.);
#4693=ORIENTED_EDGE('',*,*,#3619,.F.);
#4694=ORIENTED_EDGE('',*,*,#3618,.F.);
#4695=ORIENTED_EDGE('',*,*,#3620,.F.);
#4696=ORIENTED_EDGE('',*,*,#3604,.T.);
#4697=ORIENTED_EDGE('',*,*,#3621,.F.);
#4698=ORIENTED_EDGE('',*,*,#3622,.F.);
#4699=ORIENTED_EDGE('',*,*,#3623,.T.);
#4700=ORIENTED_EDGE('',*,*,#3624,.F.);
#4701=ORIENTED_EDGE('',*,*,#3625,.F.);
#4702=ORIENTED_EDGE('',*,*,#3626,.F.);
#4703=ORIENTED_EDGE('',*,*,#3627,.F.);
#4704=ORIENTED_EDGE('',*,*,#3628,.T.);
#4705=ORIENTED_EDGE('',*,*,#3629,.F.);
#4706=ORIENTED_EDGE('',*,*,#3624,.T.);
#4707=ORIENTED_EDGE('',*,*,#3630,.T.);
#4708=ORIENTED_EDGE('',*,*,#3631,.F.);
#4709=ORIENTED_EDGE('',*,*,#3632,.F.);
#4710=ORIENTED_EDGE('',*,*,#3633,.F.);
#4711=ORIENTED_EDGE('',*,*,#3634,.F.);
#4712=ORIENTED_EDGE('',*,*,#3626,.T.);
#4713=ORIENTED_EDGE('',*,*,#3635,.F.);
#4714=ORIENTED_EDGE('',*,*,#3631,.T.);
#4715=ORIENTED_EDGE('',*,*,#3636,.T.);
#4716=ORIENTED_EDGE('',*,*,#3637,.F.);
#4717=ORIENTED_EDGE('',*,*,#3638,.F.);
#4718=ORIENTED_EDGE('',*,*,#3639,.F.);
#4719=ORIENTED_EDGE('',*,*,#3640,.F.);
#4720=ORIENTED_EDGE('',*,*,#3641,.F.);
#4721=ORIENTED_EDGE('',*,*,#3633,.T.);
#4722=ORIENTED_EDGE('',*,*,#3642,.F.);
#4723=ORIENTED_EDGE('',*,*,#3643,.F.);
#4724=ORIENTED_EDGE('',*,*,#3644,.T.);
#4725=ORIENTED_EDGE('',*,*,#3645,.T.);
#4726=ORIENTED_EDGE('',*,*,#3646,.F.);
#4727=ORIENTED_EDGE('',*,*,#3637,.T.);
#4728=ORIENTED_EDGE('',*,*,#3647,.T.);
#4729=ORIENTED_EDGE('',*,*,#3644,.F.);
#4730=ORIENTED_EDGE('',*,*,#3648,.F.);
#4731=ORIENTED_EDGE('',*,*,#3628,.F.);
#4732=ORIENTED_EDGE('',*,*,#3649,.F.);
#4733=ORIENTED_EDGE('',*,*,#3650,.T.);
#4734=ORIENTED_EDGE('',*,*,#3651,.F.);
#4735=ORIENTED_EDGE('',*,*,#3650,.F.);
#4736=ORIENTED_EDGE('',*,*,#3652,.F.);
#4737=ORIENTED_EDGE('',*,*,#3653,.T.);
#4738=ORIENTED_EDGE('',*,*,#3654,.F.);
#4739=ORIENTED_EDGE('',*,*,#3653,.F.);
#4740=ORIENTED_EDGE('',*,*,#3655,.F.);
#4741=ORIENTED_EDGE('',*,*,#3640,.T.);
#4742=ORIENTED_EDGE('',*,*,#3656,.F.);
#4743=ORIENTED_EDGE('',*,*,#3645,.F.);
#4744=ORIENTED_EDGE('',*,*,#3647,.F.);
#4745=ORIENTED_EDGE('',*,*,#3636,.F.);
#4746=ORIENTED_EDGE('',*,*,#3630,.F.);
#4747=ORIENTED_EDGE('',*,*,#3623,.F.);
#4748=ORIENTED_EDGE('',*,*,#3657,.F.);
#4749=ORIENTED_EDGE('',*,*,#3658,.F.);
#4750=ORIENTED_EDGE('',*,*,#3659,.F.);
#4751=ORIENTED_EDGE('',*,*,#3660,.F.);
#4752=ORIENTED_EDGE('',*,*,#3661,.T.);
#4753=ORIENTED_EDGE('',*,*,#3662,.F.);
#4754=ORIENTED_EDGE('',*,*,#3661,.F.);
#4755=ORIENTED_EDGE('',*,*,#3663,.F.);
#4756=ORIENTED_EDGE('',*,*,#3664,.T.);
#4757=ORIENTED_EDGE('',*,*,#3665,.T.);
#4758=ORIENTED_EDGE('',*,*,#3666,.F.);
#4759=ORIENTED_EDGE('',*,*,#3667,.F.);
#4760=ORIENTED_EDGE('',*,*,#3665,.F.);
#4761=ORIENTED_EDGE('',*,*,#3668,.F.);
#4762=ORIENTED_EDGE('',*,*,#3669,.F.);
#4763=ORIENTED_EDGE('',*,*,#3670,.F.);
#4764=ORIENTED_EDGE('',*,*,#3671,.F.);
#4765=ORIENTED_EDGE('',*,*,#3672,.F.);
#4766=ORIENTED_EDGE('',*,*,#3659,.T.);
#4767=ORIENTED_EDGE('',*,*,#3673,.F.);
#4768=ORIENTED_EDGE('',*,*,#3674,.T.);
#4769=ORIENTED_EDGE('',*,*,#3668,.T.);
#4770=ORIENTED_EDGE('',*,*,#3664,.F.);
#4771=ORIENTED_EDGE('',*,*,#3675,.F.);
#4772=ORIENTED_EDGE('',*,*,#3676,.F.);
#4773=ORIENTED_EDGE('',*,*,#3669,.T.);
#4774=ORIENTED_EDGE('',*,*,#3674,.F.);
#4775=ORIENTED_EDGE('',*,*,#3677,.F.);
#4776=ORIENTED_EDGE('',*,*,#3678,.T.);
#4777=ORIENTED_EDGE('',*,*,#3679,.F.);
#4778=ORIENTED_EDGE('',*,*,#3678,.F.);
#4779=ORIENTED_EDGE('',*,*,#3680,.F.);
#4780=ORIENTED_EDGE('',*,*,#3671,.T.);
#4781=ORIENTED_EDGE('',*,*,#3681,.F.);
#4782=ORIENTED_EDGE('',*,*,#3682,.F.);
#4783=ORIENTED_EDGE('',*,*,#3683,.F.);
#4784=ORIENTED_EDGE('',*,*,#3684,.T.);
#4785=ORIENTED_EDGE('',*,*,#3685,.F.);
#4786=ORIENTED_EDGE('',*,*,#3684,.F.);
#4787=ORIENTED_EDGE('',*,*,#3686,.F.);
#4788=ORIENTED_EDGE('',*,*,#3687,.T.);
#4789=ORIENTED_EDGE('',*,*,#3688,.T.);
#4790=ORIENTED_EDGE('',*,*,#3689,.F.);
#4791=ORIENTED_EDGE('',*,*,#3690,.F.);
#4792=ORIENTED_EDGE('',*,*,#3688,.F.);
#4793=ORIENTED_EDGE('',*,*,#3691,.F.);
#4794=ORIENTED_EDGE('',*,*,#3692,.F.);
#4795=ORIENTED_EDGE('',*,*,#3693,.F.);
#4796=ORIENTED_EDGE('',*,*,#3694,.F.);
#4797=ORIENTED_EDGE('',*,*,#3695,.F.);
#4798=ORIENTED_EDGE('',*,*,#3682,.T.);
#4799=ORIENTED_EDGE('',*,*,#3696,.F.);
#4800=ORIENTED_EDGE('',*,*,#3697,.T.);
#4801=ORIENTED_EDGE('',*,*,#3691,.T.);
#4802=ORIENTED_EDGE('',*,*,#3687,.F.);
#4803=ORIENTED_EDGE('',*,*,#3698,.F.);
#4804=ORIENTED_EDGE('',*,*,#3699,.F.);
#4805=ORIENTED_EDGE('',*,*,#3692,.T.);
#4806=ORIENTED_EDGE('',*,*,#3697,.F.);
#4807=ORIENTED_EDGE('',*,*,#3700,.F.);
#4808=ORIENTED_EDGE('',*,*,#3701,.T.);
#4809=ORIENTED_EDGE('',*,*,#3702,.F.);
#4810=ORIENTED_EDGE('',*,*,#3701,.F.);
#4811=ORIENTED_EDGE('',*,*,#3703,.F.);
#4812=ORIENTED_EDGE('',*,*,#3694,.T.);
#4813=ORIENTED_EDGE('',*,*,#3704,.F.);
#4814=ORIENTED_EDGE('',*,*,#3705,.F.);
#4815=ORIENTED_EDGE('',*,*,#3706,.F.);
#4816=ORIENTED_EDGE('',*,*,#3707,.T.);
#4817=ORIENTED_EDGE('',*,*,#3708,.F.);
#4818=ORIENTED_EDGE('',*,*,#3707,.F.);
#4819=ORIENTED_EDGE('',*,*,#3709,.F.);
#4820=ORIENTED_EDGE('',*,*,#3710,.T.);
#4821=ORIENTED_EDGE('',*,*,#3711,.T.);
#4822=ORIENTED_EDGE('',*,*,#3712,.F.);
#4823=ORIENTED_EDGE('',*,*,#3713,.F.);
#4824=ORIENTED_EDGE('',*,*,#3711,.F.);
#4825=ORIENTED_EDGE('',*,*,#3714,.F.);
#4826=ORIENTED_EDGE('',*,*,#3715,.F.);
#4827=ORIENTED_EDGE('',*,*,#3716,.F.);
#4828=ORIENTED_EDGE('',*,*,#3717,.F.);
#4829=ORIENTED_EDGE('',*,*,#3718,.F.);
#4830=ORIENTED_EDGE('',*,*,#3705,.T.);
#4831=ORIENTED_EDGE('',*,*,#3719,.F.);
#4832=ORIENTED_EDGE('',*,*,#3720,.T.);
#4833=ORIENTED_EDGE('',*,*,#3714,.T.);
#4834=ORIENTED_EDGE('',*,*,#3710,.F.);
#4835=ORIENTED_EDGE('',*,*,#3721,.F.);
#4836=ORIENTED_EDGE('',*,*,#3722,.F.);
#4837=ORIENTED_EDGE('',*,*,#3715,.T.);
#4838=ORIENTED_EDGE('',*,*,#3720,.F.);
#4839=ORIENTED_EDGE('',*,*,#3723,.F.);
#4840=ORIENTED_EDGE('',*,*,#3724,.T.);
#4841=ORIENTED_EDGE('',*,*,#3725,.F.);
#4842=ORIENTED_EDGE('',*,*,#3724,.F.);
#4843=ORIENTED_EDGE('',*,*,#3726,.F.);
#4844=ORIENTED_EDGE('',*,*,#3717,.T.);
#4845=ORIENTED_EDGE('',*,*,#3727,.F.);
#4846=ORIENTED_EDGE('',*,*,#3728,.F.);
#4847=ORIENTED_EDGE('',*,*,#3729,.F.);
#4848=ORIENTED_EDGE('',*,*,#3730,.T.);
#4849=ORIENTED_EDGE('',*,*,#3731,.F.);
#4850=ORIENTED_EDGE('',*,*,#3730,.F.);
#4851=ORIENTED_EDGE('',*,*,#3732,.F.);
#4852=ORIENTED_EDGE('',*,*,#3733,.T.);
#4853=ORIENTED_EDGE('',*,*,#3734,.T.);
#4854=ORIENTED_EDGE('',*,*,#3735,.F.);
#4855=ORIENTED_EDGE('',*,*,#3736,.F.);
#4856=ORIENTED_EDGE('',*,*,#3734,.F.);
#4857=ORIENTED_EDGE('',*,*,#3737,.F.);
#4858=ORIENTED_EDGE('',*,*,#3738,.F.);
#4859=ORIENTED_EDGE('',*,*,#3739,.F.);
#4860=ORIENTED_EDGE('',*,*,#3740,.F.);
#4861=ORIENTED_EDGE('',*,*,#3741,.F.);
#4862=ORIENTED_EDGE('',*,*,#3728,.T.);
#4863=ORIENTED_EDGE('',*,*,#3742,.F.);
#4864=ORIENTED_EDGE('',*,*,#3743,.T.);
#4865=ORIENTED_EDGE('',*,*,#3737,.T.);
#4866=ORIENTED_EDGE('',*,*,#3733,.F.);
#4867=ORIENTED_EDGE('',*,*,#3744,.F.);
#4868=ORIENTED_EDGE('',*,*,#3745,.F.);
#4869=ORIENTED_EDGE('',*,*,#3738,.T.);
#4870=ORIENTED_EDGE('',*,*,#3743,.F.);
#4871=ORIENTED_EDGE('',*,*,#3746,.F.);
#4872=ORIENTED_EDGE('',*,*,#3747,.T.);
#4873=ORIENTED_EDGE('',*,*,#3748,.F.);
#4874=ORIENTED_EDGE('',*,*,#3747,.F.);
#4875=ORIENTED_EDGE('',*,*,#3749,.F.);
#4876=ORIENTED_EDGE('',*,*,#3740,.T.);
#4877=ORIENTED_EDGE('',*,*,#3750,.F.);
#4878=ORIENTED_EDGE('',*,*,#3751,.F.);
#4879=ORIENTED_EDGE('',*,*,#3752,.F.);
#4880=ORIENTED_EDGE('',*,*,#3753,.T.);
#4881=ORIENTED_EDGE('',*,*,#3754,.F.);
#4882=ORIENTED_EDGE('',*,*,#3753,.F.);
#4883=ORIENTED_EDGE('',*,*,#3755,.F.);
#4884=ORIENTED_EDGE('',*,*,#3756,.T.);
#4885=ORIENTED_EDGE('',*,*,#3757,.T.);
#4886=ORIENTED_EDGE('',*,*,#3758,.F.);
#4887=ORIENTED_EDGE('',*,*,#3759,.F.);
#4888=ORIENTED_EDGE('',*,*,#3757,.F.);
#4889=ORIENTED_EDGE('',*,*,#3760,.F.);
#4890=ORIENTED_EDGE('',*,*,#3761,.F.);
#4891=ORIENTED_EDGE('',*,*,#3762,.F.);
#4892=ORIENTED_EDGE('',*,*,#3763,.F.);
#4893=ORIENTED_EDGE('',*,*,#3764,.F.);
#4894=ORIENTED_EDGE('',*,*,#3751,.T.);
#4895=ORIENTED_EDGE('',*,*,#3765,.F.);
#4896=ORIENTED_EDGE('',*,*,#3766,.T.);
#4897=ORIENTED_EDGE('',*,*,#3760,.T.);
#4898=ORIENTED_EDGE('',*,*,#3756,.F.);
#4899=ORIENTED_EDGE('',*,*,#3767,.F.);
#4900=ORIENTED_EDGE('',*,*,#3768,.F.);
#4901=ORIENTED_EDGE('',*,*,#3761,.T.);
#4902=ORIENTED_EDGE('',*,*,#3766,.F.);
#4903=ORIENTED_EDGE('',*,*,#3769,.F.);
#4904=ORIENTED_EDGE('',*,*,#3770,.T.);
#4905=ORIENTED_EDGE('',*,*,#3771,.F.);
#4906=ORIENTED_EDGE('',*,*,#3770,.F.);
#4907=ORIENTED_EDGE('',*,*,#3772,.F.);
#4908=ORIENTED_EDGE('',*,*,#3763,.T.);
#4909=ORIENTED_EDGE('',*,*,#3773,.F.);
#4910=ORIENTED_EDGE('',*,*,#3774,.F.);
#4911=ORIENTED_EDGE('',*,*,#3775,.F.);
#4912=ORIENTED_EDGE('',*,*,#3776,.T.);
#4913=ORIENTED_EDGE('',*,*,#3777,.F.);
#4914=ORIENTED_EDGE('',*,*,#3776,.F.);
#4915=ORIENTED_EDGE('',*,*,#3778,.F.);
#4916=ORIENTED_EDGE('',*,*,#3779,.T.);
#4917=ORIENTED_EDGE('',*,*,#3780,.T.);
#4918=ORIENTED_EDGE('',*,*,#3781,.F.);
#4919=ORIENTED_EDGE('',*,*,#3782,.F.);
#4920=ORIENTED_EDGE('',*,*,#3780,.F.);
#4921=ORIENTED_EDGE('',*,*,#3783,.F.);
#4922=ORIENTED_EDGE('',*,*,#3784,.F.);
#4923=ORIENTED_EDGE('',*,*,#3785,.F.);
#4924=ORIENTED_EDGE('',*,*,#3786,.F.);
#4925=ORIENTED_EDGE('',*,*,#3787,.F.);
#4926=ORIENTED_EDGE('',*,*,#3774,.T.);
#4927=ORIENTED_EDGE('',*,*,#3788,.F.);
#4928=ORIENTED_EDGE('',*,*,#3789,.T.);
#4929=ORIENTED_EDGE('',*,*,#3783,.T.);
#4930=ORIENTED_EDGE('',*,*,#3779,.F.);
#4931=ORIENTED_EDGE('',*,*,#3790,.F.);
#4932=ORIENTED_EDGE('',*,*,#3791,.F.);
#4933=ORIENTED_EDGE('',*,*,#3784,.T.);
#4934=ORIENTED_EDGE('',*,*,#3789,.F.);
#4935=ORIENTED_EDGE('',*,*,#3792,.F.);
#4936=ORIENTED_EDGE('',*,*,#3793,.T.);
#4937=ORIENTED_EDGE('',*,*,#3794,.F.);
#4938=ORIENTED_EDGE('',*,*,#3793,.F.);
#4939=ORIENTED_EDGE('',*,*,#3795,.F.);
#4940=ORIENTED_EDGE('',*,*,#3786,.T.);
#4941=ORIENTED_EDGE('',*,*,#3796,.F.);
#4942=ORIENTED_EDGE('',*,*,#3797,.F.);
#4943=ORIENTED_EDGE('',*,*,#3798,.F.);
#4944=ORIENTED_EDGE('',*,*,#3799,.T.);
#4945=ORIENTED_EDGE('',*,*,#3800,.F.);
#4946=ORIENTED_EDGE('',*,*,#3799,.F.);
#4947=ORIENTED_EDGE('',*,*,#3801,.F.);
#4948=ORIENTED_EDGE('',*,*,#3802,.T.);
#4949=ORIENTED_EDGE('',*,*,#3803,.T.);
#4950=ORIENTED_EDGE('',*,*,#3804,.F.);
#4951=ORIENTED_EDGE('',*,*,#3805,.F.);
#4952=ORIENTED_EDGE('',*,*,#3803,.F.);
#4953=ORIENTED_EDGE('',*,*,#3806,.F.);
#4954=ORIENTED_EDGE('',*,*,#3807,.F.);
#4955=ORIENTED_EDGE('',*,*,#3808,.F.);
#4956=ORIENTED_EDGE('',*,*,#3809,.F.);
#4957=ORIENTED_EDGE('',*,*,#3810,.F.);
#4958=ORIENTED_EDGE('',*,*,#3797,.T.);
#4959=ORIENTED_EDGE('',*,*,#3811,.F.);
#4960=ORIENTED_EDGE('',*,*,#3812,.T.);
#4961=ORIENTED_EDGE('',*,*,#3806,.T.);
#4962=ORIENTED_EDGE('',*,*,#3802,.F.);
#4963=ORIENTED_EDGE('',*,*,#3813,.F.);
#4964=ORIENTED_EDGE('',*,*,#3814,.F.);
#4965=ORIENTED_EDGE('',*,*,#3807,.T.);
#4966=ORIENTED_EDGE('',*,*,#3812,.F.);
#4967=ORIENTED_EDGE('',*,*,#3815,.F.);
#4968=ORIENTED_EDGE('',*,*,#3816,.T.);
#4969=ORIENTED_EDGE('',*,*,#3817,.F.);
#4970=ORIENTED_EDGE('',*,*,#3816,.F.);
#4971=ORIENTED_EDGE('',*,*,#3818,.F.);
#4972=ORIENTED_EDGE('',*,*,#3809,.T.);
#4973=ORIENTED_EDGE('',*,*,#3819,.F.);
#4974=ORIENTED_EDGE('',*,*,#3820,.F.);
#4975=ORIENTED_EDGE('',*,*,#3821,.F.);
#4976=ORIENTED_EDGE('',*,*,#3822,.T.);
#4977=ORIENTED_EDGE('',*,*,#3823,.F.);
#4978=ORIENTED_EDGE('',*,*,#3822,.F.);
#4979=ORIENTED_EDGE('',*,*,#3824,.F.);
#4980=ORIENTED_EDGE('',*,*,#3825,.T.);
#4981=ORIENTED_EDGE('',*,*,#3826,.T.);
#4982=ORIENTED_EDGE('',*,*,#3827,.F.);
#4983=ORIENTED_EDGE('',*,*,#3828,.F.);
#4984=ORIENTED_EDGE('',*,*,#3826,.F.);
#4985=ORIENTED_EDGE('',*,*,#3829,.F.);
#4986=ORIENTED_EDGE('',*,*,#3830,.F.);
#4987=ORIENTED_EDGE('',*,*,#3831,.F.);
#4988=ORIENTED_EDGE('',*,*,#3832,.F.);
#4989=ORIENTED_EDGE('',*,*,#3833,.F.);
#4990=ORIENTED_EDGE('',*,*,#3820,.T.);
#4991=ORIENTED_EDGE('',*,*,#3834,.F.);
#4992=ORIENTED_EDGE('',*,*,#3835,.T.);
#4993=ORIENTED_EDGE('',*,*,#3829,.T.);
#4994=ORIENTED_EDGE('',*,*,#3825,.F.);
#4995=ORIENTED_EDGE('',*,*,#3836,.F.);
#4996=ORIENTED_EDGE('',*,*,#3837,.F.);
#4997=ORIENTED_EDGE('',*,*,#3830,.T.);
#4998=ORIENTED_EDGE('',*,*,#3835,.F.);
#4999=ORIENTED_EDGE('',*,*,#3838,.F.);
#5000=ORIENTED_EDGE('',*,*,#3839,.T.);
#5001=ORIENTED_EDGE('',*,*,#3840,.F.);
#5002=ORIENTED_EDGE('',*,*,#3839,.F.);
#5003=ORIENTED_EDGE('',*,*,#3841,.F.);
#5004=ORIENTED_EDGE('',*,*,#3832,.T.);
#5005=ORIENTED_EDGE('',*,*,#3842,.F.);
#5006=ORIENTED_EDGE('',*,*,#3843,.F.);
#5007=ORIENTED_EDGE('',*,*,#3844,.F.);
#5008=ORIENTED_EDGE('',*,*,#3845,.T.);
#5009=ORIENTED_EDGE('',*,*,#3846,.F.);
#5010=ORIENTED_EDGE('',*,*,#3845,.F.);
#5011=ORIENTED_EDGE('',*,*,#3847,.F.);
#5012=ORIENTED_EDGE('',*,*,#3848,.T.);
#5013=ORIENTED_EDGE('',*,*,#3849,.T.);
#5014=ORIENTED_EDGE('',*,*,#3850,.F.);
#5015=ORIENTED_EDGE('',*,*,#3851,.F.);
#5016=ORIENTED_EDGE('',*,*,#3849,.F.);
#5017=ORIENTED_EDGE('',*,*,#3852,.F.);
#5018=ORIENTED_EDGE('',*,*,#3853,.F.);
#5019=ORIENTED_EDGE('',*,*,#3854,.F.);
#5020=ORIENTED_EDGE('',*,*,#3855,.F.);
#5021=ORIENTED_EDGE('',*,*,#3856,.F.);
#5022=ORIENTED_EDGE('',*,*,#3843,.T.);
#5023=ORIENTED_EDGE('',*,*,#3857,.F.);
#5024=ORIENTED_EDGE('',*,*,#3858,.T.);
#5025=ORIENTED_EDGE('',*,*,#3852,.T.);
#5026=ORIENTED_EDGE('',*,*,#3848,.F.);
#5027=ORIENTED_EDGE('',*,*,#3859,.F.);
#5028=ORIENTED_EDGE('',*,*,#3860,.F.);
#5029=ORIENTED_EDGE('',*,*,#3853,.T.);
#5030=ORIENTED_EDGE('',*,*,#3858,.F.);
#5031=ORIENTED_EDGE('',*,*,#3861,.F.);
#5032=ORIENTED_EDGE('',*,*,#3862,.T.);
#5033=ORIENTED_EDGE('',*,*,#3863,.F.);
#5034=ORIENTED_EDGE('',*,*,#3862,.F.);
#5035=ORIENTED_EDGE('',*,*,#3864,.F.);
#5036=ORIENTED_EDGE('',*,*,#3855,.T.);
#5037=ORIENTED_EDGE('',*,*,#3865,.F.);
#5038=ORIENTED_EDGE('',*,*,#3866,.F.);
#5039=ORIENTED_EDGE('',*,*,#3867,.F.);
#5040=ORIENTED_EDGE('',*,*,#3868,.T.);
#5041=ORIENTED_EDGE('',*,*,#3869,.T.);
#5042=ORIENTED_EDGE('',*,*,#3870,.F.);
#5043=ORIENTED_EDGE('',*,*,#3871,.F.);
#5044=ORIENTED_EDGE('',*,*,#3872,.F.);
#5045=ORIENTED_EDGE('',*,*,#3870,.T.);
#5046=ORIENTED_EDGE('',*,*,#3873,.T.);
#5047=ORIENTED_EDGE('',*,*,#3874,.F.);
#5048=ORIENTED_EDGE('',*,*,#3875,.F.);
#5049=ORIENTED_EDGE('',*,*,#3876,.F.);
#5050=ORIENTED_EDGE('',*,*,#3877,.T.);
#5051=ORIENTED_EDGE('',*,*,#3878,.T.);
#5052=ORIENTED_EDGE('',*,*,#3879,.F.);
#5053=ORIENTED_EDGE('',*,*,#3880,.F.);
#5054=ORIENTED_EDGE('',*,*,#3881,.F.);
#5055=ORIENTED_EDGE('',*,*,#3874,.T.);
#5056=ORIENTED_EDGE('',*,*,#3882,.T.);
#5057=ORIENTED_EDGE('',*,*,#3877,.F.);
#5058=ORIENTED_EDGE('',*,*,#3883,.F.);
#5059=ORIENTED_EDGE('',*,*,#3884,.T.);
#5060=ORIENTED_EDGE('',*,*,#3885,.F.);
#5061=ORIENTED_EDGE('',*,*,#3884,.F.);
#5062=ORIENTED_EDGE('',*,*,#3886,.F.);
#5063=ORIENTED_EDGE('',*,*,#3866,.T.);
#5064=ORIENTED_EDGE('',*,*,#3887,.F.);
#5065=ORIENTED_EDGE('',*,*,#3888,.T.);
#5066=ORIENTED_EDGE('',*,*,#3889,.T.);
#5067=ORIENTED_EDGE('',*,*,#3868,.F.);
#5068=ORIENTED_EDGE('',*,*,#3890,.F.);
#5069=ORIENTED_EDGE('',*,*,#3879,.T.);
#5070=ORIENTED_EDGE('',*,*,#3891,.T.);
#5071=ORIENTED_EDGE('',*,*,#3888,.F.);
#5072=ORIENTED_EDGE('',*,*,#3891,.F.);
#5073=ORIENTED_EDGE('',*,*,#3878,.F.);
#5074=ORIENTED_EDGE('',*,*,#3882,.F.);
#5075=ORIENTED_EDGE('',*,*,#3873,.F.);
#5076=ORIENTED_EDGE('',*,*,#3869,.F.);
#5077=ORIENTED_EDGE('',*,*,#3889,.F.);
#5078=ORIENTED_EDGE('',*,*,#3892,.F.);
#5079=ORIENTED_EDGE('',*,*,#3893,.F.);
#5080=ORIENTED_EDGE('',*,*,#3894,.F.);
#5081=ORIENTED_EDGE('',*,*,#3895,.T.);
#5082=ORIENTED_EDGE('',*,*,#3896,.F.);
#5083=ORIENTED_EDGE('',*,*,#3895,.F.);
#5084=ORIENTED_EDGE('',*,*,#3897,.F.);
#5085=ORIENTED_EDGE('',*,*,#3898,.T.);
#5086=ORIENTED_EDGE('',*,*,#3899,.F.);
#5087=ORIENTED_EDGE('',*,*,#3898,.F.);
#5088=ORIENTED_EDGE('',*,*,#3900,.F.);
#5089=ORIENTED_EDGE('',*,*,#3901,.T.);
#5090=ORIENTED_EDGE('',*,*,#3902,.F.);
#5091=ORIENTED_EDGE('',*,*,#3901,.F.);
#5092=ORIENTED_EDGE('',*,*,#3903,.F.);
#5093=ORIENTED_EDGE('',*,*,#3904,.T.);
#5094=ORIENTED_EDGE('',*,*,#3905,.F.);
#5095=ORIENTED_EDGE('',*,*,#3904,.F.);
#5096=ORIENTED_EDGE('',*,*,#3906,.F.);
#5097=ORIENTED_EDGE('',*,*,#3907,.T.);
#5098=ORIENTED_EDGE('',*,*,#3908,.F.);
#5099=ORIENTED_EDGE('',*,*,#3907,.F.);
#5100=ORIENTED_EDGE('',*,*,#3909,.F.);
#5101=ORIENTED_EDGE('',*,*,#3893,.T.);
#5102=ORIENTED_EDGE('',*,*,#3910,.F.);
#5103=ORIENTED_EDGE('',*,*,#3911,.F.);
#5104=ORIENTED_EDGE('',*,*,#3912,.F.);
#5105=ORIENTED_EDGE('',*,*,#3913,.T.);
#5106=ORIENTED_EDGE('',*,*,#3914,.F.);
#5107=ORIENTED_EDGE('',*,*,#3913,.F.);
#5108=ORIENTED_EDGE('',*,*,#3915,.F.);
#5109=ORIENTED_EDGE('',*,*,#3916,.T.);
#5110=ORIENTED_EDGE('',*,*,#3917,.F.);
#5111=ORIENTED_EDGE('',*,*,#3916,.F.);
#5112=ORIENTED_EDGE('',*,*,#3918,.F.);
#5113=ORIENTED_EDGE('',*,*,#3919,.T.);
#5114=ORIENTED_EDGE('',*,*,#3920,.F.);
#5115=ORIENTED_EDGE('',*,*,#3919,.F.);
#5116=ORIENTED_EDGE('',*,*,#3921,.F.);
#5117=ORIENTED_EDGE('',*,*,#3922,.T.);
#5118=ORIENTED_EDGE('',*,*,#3923,.F.);
#5119=ORIENTED_EDGE('',*,*,#3922,.F.);
#5120=ORIENTED_EDGE('',*,*,#3924,.F.);
#5121=ORIENTED_EDGE('',*,*,#3925,.T.);
#5122=ORIENTED_EDGE('',*,*,#3926,.F.);
#5123=ORIENTED_EDGE('',*,*,#3925,.F.);
#5124=ORIENTED_EDGE('',*,*,#3927,.F.);
#5125=ORIENTED_EDGE('',*,*,#3911,.T.);
#5126=ORIENTED_EDGE('',*,*,#3928,.F.);
#5127=ORIENTED_EDGE('',*,*,#3929,.F.);
#5128=ORIENTED_EDGE('',*,*,#3930,.F.);
#5129=ORIENTED_EDGE('',*,*,#3931,.T.);
#5130=ORIENTED_EDGE('',*,*,#3932,.F.);
#5131=ORIENTED_EDGE('',*,*,#3931,.F.);
#5132=ORIENTED_EDGE('',*,*,#3933,.F.);
#5133=ORIENTED_EDGE('',*,*,#3934,.T.);
#5134=ORIENTED_EDGE('',*,*,#3935,.F.);
#5135=ORIENTED_EDGE('',*,*,#3934,.F.);
#5136=ORIENTED_EDGE('',*,*,#3936,.F.);
#5137=ORIENTED_EDGE('',*,*,#3937,.T.);
#5138=ORIENTED_EDGE('',*,*,#3938,.F.);
#5139=ORIENTED_EDGE('',*,*,#3937,.F.);
#5140=ORIENTED_EDGE('',*,*,#3939,.F.);
#5141=ORIENTED_EDGE('',*,*,#3940,.T.);
#5142=ORIENTED_EDGE('',*,*,#3941,.F.);
#5143=ORIENTED_EDGE('',*,*,#3940,.F.);
#5144=ORIENTED_EDGE('',*,*,#3942,.F.);
#5145=ORIENTED_EDGE('',*,*,#3943,.T.);
#5146=ORIENTED_EDGE('',*,*,#3944,.F.);
#5147=ORIENTED_EDGE('',*,*,#3943,.F.);
#5148=ORIENTED_EDGE('',*,*,#3945,.F.);
#5149=ORIENTED_EDGE('',*,*,#3929,.T.);
#5150=ORIENTED_EDGE('',*,*,#3946,.F.);
#5151=ORIENTED_EDGE('',*,*,#3947,.F.);
#5152=ORIENTED_EDGE('',*,*,#3948,.F.);
#5153=ORIENTED_EDGE('',*,*,#3949,.T.);
#5154=ORIENTED_EDGE('',*,*,#3950,.F.);
#5155=ORIENTED_EDGE('',*,*,#3949,.F.);
#5156=ORIENTED_EDGE('',*,*,#3951,.F.);
#5157=ORIENTED_EDGE('',*,*,#3952,.T.);
#5158=ORIENTED_EDGE('',*,*,#3953,.F.);
#5159=ORIENTED_EDGE('',*,*,#3952,.F.);
#5160=ORIENTED_EDGE('',*,*,#3954,.F.);
#5161=ORIENTED_EDGE('',*,*,#3955,.T.);
#5162=ORIENTED_EDGE('',*,*,#3956,.F.);
#5163=ORIENTED_EDGE('',*,*,#3955,.F.);
#5164=ORIENTED_EDGE('',*,*,#3957,.F.);
#5165=ORIENTED_EDGE('',*,*,#3958,.T.);
#5166=ORIENTED_EDGE('',*,*,#3959,.F.);
#5167=ORIENTED_EDGE('',*,*,#3958,.F.);
#5168=ORIENTED_EDGE('',*,*,#3960,.F.);
#5169=ORIENTED_EDGE('',*,*,#3961,.T.);
#5170=ORIENTED_EDGE('',*,*,#3962,.F.);
#5171=ORIENTED_EDGE('',*,*,#3961,.F.);
#5172=ORIENTED_EDGE('',*,*,#3963,.F.);
#5173=ORIENTED_EDGE('',*,*,#3947,.T.);
#5174=ORIENTED_EDGE('',*,*,#3964,.F.);
#5175=ORIENTED_EDGE('',*,*,#3965,.F.);
#5176=ORIENTED_EDGE('',*,*,#3966,.F.);
#5177=ORIENTED_EDGE('',*,*,#3967,.T.);
#5178=ORIENTED_EDGE('',*,*,#3968,.F.);
#5179=ORIENTED_EDGE('',*,*,#3967,.F.);
#5180=ORIENTED_EDGE('',*,*,#3969,.F.);
#5181=ORIENTED_EDGE('',*,*,#3970,.T.);
#5182=ORIENTED_EDGE('',*,*,#3971,.F.);
#5183=ORIENTED_EDGE('',*,*,#3970,.F.);
#5184=ORIENTED_EDGE('',*,*,#3972,.F.);
#5185=ORIENTED_EDGE('',*,*,#3973,.T.);
#5186=ORIENTED_EDGE('',*,*,#3974,.F.);
#5187=ORIENTED_EDGE('',*,*,#3973,.F.);
#5188=ORIENTED_EDGE('',*,*,#3975,.F.);
#5189=ORIENTED_EDGE('',*,*,#3976,.T.);
#5190=ORIENTED_EDGE('',*,*,#3977,.F.);
#5191=ORIENTED_EDGE('',*,*,#3976,.F.);
#5192=ORIENTED_EDGE('',*,*,#3978,.F.);
#5193=ORIENTED_EDGE('',*,*,#3979,.T.);
#5194=ORIENTED_EDGE('',*,*,#3980,.F.);
#5195=ORIENTED_EDGE('',*,*,#3979,.F.);
#5196=ORIENTED_EDGE('',*,*,#3981,.F.);
#5197=ORIENTED_EDGE('',*,*,#3965,.T.);
#5198=ORIENTED_EDGE('',*,*,#3982,.F.);
#5199=ORIENTED_EDGE('',*,*,#3983,.T.);
#5200=ORIENTED_EDGE('',*,*,#3657,.T.);
#5201=ORIENTED_EDGE('',*,*,#3622,.T.);
#5202=ORIENTED_EDGE('',*,*,#3984,.F.);
#5203=ORIENTED_EDGE('',*,*,#3642,.T.);
#5204=ORIENTED_EDGE('',*,*,#3656,.T.);
#5205=ORIENTED_EDGE('',*,*,#3983,.F.);
#5206=ORIENTED_EDGE('',*,*,#3621,.T.);
#5207=ORIENTED_EDGE('',*,*,#3629,.T.);
#5208=ORIENTED_EDGE('',*,*,#3635,.T.);
#5209=ORIENTED_EDGE('',*,*,#3985,.T.);
#5210=ORIENTED_EDGE('',*,*,#3986,.F.);
#5211=ORIENTED_EDGE('',*,*,#3985,.F.);
#5212=ORIENTED_EDGE('',*,*,#3638,.T.);
#5213=ORIENTED_EDGE('',*,*,#3646,.T.);
#5214=ORIENTED_EDGE('',*,*,#3643,.T.);
#5215=ORIENTED_EDGE('',*,*,#3984,.T.);
#5216=ORIENTED_EDGE('',*,*,#3513,.T.);
#5217=ORIENTED_EDGE('',*,*,#3987,.T.);
#5218=ORIENTED_EDGE('',*,*,#3988,.T.);
#5219=ORIENTED_EDGE('',*,*,#3543,.T.);
#5220=ORIENTED_EDGE('',*,*,#3521,.F.);
#5221=ORIENTED_EDGE('',*,*,#3539,.F.);
#5222=ORIENTED_EDGE('',*,*,#3989,.F.);
#5223=ORIENTED_EDGE('',*,*,#3990,.T.);
#5224=ORIENTED_EDGE('',*,*,#3991,.T.);
#5225=ORIENTED_EDGE('',*,*,#3992,.T.);
#5226=ORIENTED_EDGE('',*,*,#3993,.F.);
#5227=ORIENTED_EDGE('',*,*,#3994,.T.);
#5228=ORIENTED_EDGE('',*,*,#3995,.T.);
#5229=ORIENTED_EDGE('',*,*,#3996,.T.);
#5230=ORIENTED_EDGE('',*,*,#3997,.F.);
#5231=ORIENTED_EDGE('',*,*,#3998,.T.);
#5232=ORIENTED_EDGE('',*,*,#3999,.T.);
#5233=ORIENTED_EDGE('',*,*,#4000,.T.);
#5234=ORIENTED_EDGE('',*,*,#4001,.F.);
#5235=ORIENTED_EDGE('',*,*,#4002,.T.);
#5236=ORIENTED_EDGE('',*,*,#4003,.T.);
#5237=ORIENTED_EDGE('',*,*,#4004,.T.);
#5238=ORIENTED_EDGE('',*,*,#4005,.F.);
#5239=ORIENTED_EDGE('',*,*,#4006,.T.);
#5240=ORIENTED_EDGE('',*,*,#4007,.T.);
#5241=ORIENTED_EDGE('',*,*,#4008,.T.);
#5242=ORIENTED_EDGE('',*,*,#4009,.F.);
#5243=ORIENTED_EDGE('',*,*,#4010,.T.);
#5244=ORIENTED_EDGE('',*,*,#4011,.T.);
#5245=ORIENTED_EDGE('',*,*,#4012,.T.);
#5246=ORIENTED_EDGE('',*,*,#4013,.F.);
#5247=ORIENTED_EDGE('',*,*,#4014,.T.);
#5248=ORIENTED_EDGE('',*,*,#4015,.T.);
#5249=ORIENTED_EDGE('',*,*,#4016,.T.);
#5250=ORIENTED_EDGE('',*,*,#4017,.F.);
#5251=ORIENTED_EDGE('',*,*,#4018,.T.);
#5252=ORIENTED_EDGE('',*,*,#4019,.T.);
#5253=ORIENTED_EDGE('',*,*,#4020,.T.);
#5254=ORIENTED_EDGE('',*,*,#4021,.F.);
#5255=ORIENTED_EDGE('',*,*,#4022,.T.);
#5256=ORIENTED_EDGE('',*,*,#4023,.T.);
#5257=ORIENTED_EDGE('',*,*,#4024,.T.);
#5258=ORIENTED_EDGE('',*,*,#4025,.F.);
#5259=ORIENTED_EDGE('',*,*,#4026,.T.);
#5260=ORIENTED_EDGE('',*,*,#4027,.T.);
#5261=ORIENTED_EDGE('',*,*,#4028,.T.);
#5262=ORIENTED_EDGE('',*,*,#4029,.F.);
#5263=ORIENTED_EDGE('',*,*,#4030,.T.);
#5264=ORIENTED_EDGE('',*,*,#4031,.F.);
#5265=ORIENTED_EDGE('',*,*,#4032,.T.);
#5266=ORIENTED_EDGE('',*,*,#3507,.T.);
#5267=ORIENTED_EDGE('',*,*,#4033,.F.);
#5268=ORIENTED_EDGE('',*,*,#4034,.F.);
#5269=ORIENTED_EDGE('',*,*,#3758,.T.);
#5270=ORIENTED_EDGE('',*,*,#3759,.T.);
#5271=ORIENTED_EDGE('',*,*,#3768,.T.);
#5272=ORIENTED_EDGE('',*,*,#4035,.F.);
#5273=ORIENTED_EDGE('',*,*,#3781,.T.);
#5274=ORIENTED_EDGE('',*,*,#3782,.T.);
#5275=ORIENTED_EDGE('',*,*,#3791,.T.);
#5276=ORIENTED_EDGE('',*,*,#4036,.F.);
#5277=ORIENTED_EDGE('',*,*,#3735,.T.);
#5278=ORIENTED_EDGE('',*,*,#3736,.T.);
#5279=ORIENTED_EDGE('',*,*,#3745,.T.);
#5280=ORIENTED_EDGE('',*,*,#4037,.F.);
#5281=ORIENTED_EDGE('',*,*,#3804,.T.);
#5282=ORIENTED_EDGE('',*,*,#3805,.T.);
#5283=ORIENTED_EDGE('',*,*,#3814,.T.);
#5284=ORIENTED_EDGE('',*,*,#4038,.F.);
#5285=ORIENTED_EDGE('',*,*,#3712,.T.);
#5286=ORIENTED_EDGE('',*,*,#3713,.T.);
#5287=ORIENTED_EDGE('',*,*,#3722,.T.);
#5288=ORIENTED_EDGE('',*,*,#4039,.F.);
#5289=ORIENTED_EDGE('',*,*,#3827,.T.);
#5290=ORIENTED_EDGE('',*,*,#3828,.T.);
#5291=ORIENTED_EDGE('',*,*,#3837,.T.);
#5292=ORIENTED_EDGE('',*,*,#4040,.F.);
#5293=ORIENTED_EDGE('',*,*,#3689,.T.);
#5294=ORIENTED_EDGE('',*,*,#3690,.T.);
#5295=ORIENTED_EDGE('',*,*,#3699,.T.);
#5296=ORIENTED_EDGE('',*,*,#4041,.F.);
#5297=ORIENTED_EDGE('',*,*,#3850,.T.);
#5298=ORIENTED_EDGE('',*,*,#3851,.T.);
#5299=ORIENTED_EDGE('',*,*,#3860,.T.);
#5300=ORIENTED_EDGE('',*,*,#4042,.F.);
#5301=ORIENTED_EDGE('',*,*,#3666,.T.);
#5302=ORIENTED_EDGE('',*,*,#3667,.T.);
#5303=ORIENTED_EDGE('',*,*,#3676,.T.);
#5304=ORIENTED_EDGE('',*,*,#4043,.F.);
#5305=ORIENTED_EDGE('',*,*,#4044,.F.);
#5306=ORIENTED_EDGE('',*,*,#4045,.F.);
#5307=ORIENTED_EDGE('',*,*,#3532,.F.);
#5308=ORIENTED_EDGE('',*,*,#3871,.T.);
#5309=ORIENTED_EDGE('',*,*,#3872,.T.);
#5310=ORIENTED_EDGE('',*,*,#4046,.T.);
#5311=ORIENTED_EDGE('',*,*,#3986,.T.);
#5312=ORIENTED_EDGE('',*,*,#4046,.F.);
#5313=ORIENTED_EDGE('',*,*,#3875,.T.);
#5314=ORIENTED_EDGE('',*,*,#3881,.T.);
#5315=ORIENTED_EDGE('',*,*,#4047,.F.);
#5316=ORIENTED_EDGE('',*,*,#4048,.T.);
#5317=ORIENTED_EDGE('',*,*,#4049,.F.);
#5318=ORIENTED_EDGE('',*,*,#4044,.T.);
#5319=ORIENTED_EDGE('',*,*,#4050,.F.);
#5320=ORIENTED_EDGE('',*,*,#3662,.T.);
#5321=ORIENTED_EDGE('',*,*,#4042,.T.);
#5322=ORIENTED_EDGE('',*,*,#3859,.T.);
#5323=ORIENTED_EDGE('',*,*,#3863,.T.);
#5324=ORIENTED_EDGE('',*,*,#3854,.T.);
#5325=ORIENTED_EDGE('',*,*,#3842,.T.);
#5326=ORIENTED_EDGE('',*,*,#3846,.T.);
#5327=ORIENTED_EDGE('',*,*,#4041,.T.);
#5328=ORIENTED_EDGE('',*,*,#3698,.T.);
#5329=ORIENTED_EDGE('',*,*,#3702,.T.);
#5330=ORIENTED_EDGE('',*,*,#3693,.T.);
#5331=ORIENTED_EDGE('',*,*,#3681,.T.);
#5332=ORIENTED_EDGE('',*,*,#3685,.T.);
#5333=ORIENTED_EDGE('',*,*,#4040,.T.);
#5334=ORIENTED_EDGE('',*,*,#3836,.T.);
#5335=ORIENTED_EDGE('',*,*,#3840,.T.);
#5336=ORIENTED_EDGE('',*,*,#3831,.T.);
#5337=ORIENTED_EDGE('',*,*,#3819,.T.);
#5338=ORIENTED_EDGE('',*,*,#3823,.T.);
#5339=ORIENTED_EDGE('',*,*,#4039,.T.);
#5340=ORIENTED_EDGE('',*,*,#3721,.T.);
#5341=ORIENTED_EDGE('',*,*,#3725,.T.);
#5342=ORIENTED_EDGE('',*,*,#3716,.T.);
#5343=ORIENTED_EDGE('',*,*,#3704,.T.);
#5344=ORIENTED_EDGE('',*,*,#3708,.T.);
#5345=ORIENTED_EDGE('',*,*,#4038,.T.);
#5346=ORIENTED_EDGE('',*,*,#3813,.T.);
#5347=ORIENTED_EDGE('',*,*,#3817,.T.);
#5348=ORIENTED_EDGE('',*,*,#3808,.T.);
#5349=ORIENTED_EDGE('',*,*,#3796,.T.);
#5350=ORIENTED_EDGE('',*,*,#3800,.T.);
#5351=ORIENTED_EDGE('',*,*,#4037,.T.);
#5352=ORIENTED_EDGE('',*,*,#3744,.T.);
#5353=ORIENTED_EDGE('',*,*,#3748,.T.);
#5354=ORIENTED_EDGE('',*,*,#3739,.T.);
#5355=ORIENTED_EDGE('',*,*,#3727,.T.);
#5356=ORIENTED_EDGE('',*,*,#3731,.T.);
#5357=ORIENTED_EDGE('',*,*,#4036,.T.);
#5358=ORIENTED_EDGE('',*,*,#3790,.T.);
#5359=ORIENTED_EDGE('',*,*,#3794,.T.);
#5360=ORIENTED_EDGE('',*,*,#3785,.T.);
#5361=ORIENTED_EDGE('',*,*,#3773,.T.);
#5362=ORIENTED_EDGE('',*,*,#3777,.T.);
#5363=ORIENTED_EDGE('',*,*,#4035,.T.);
#5364=ORIENTED_EDGE('',*,*,#3767,.T.);
#5365=ORIENTED_EDGE('',*,*,#3771,.T.);
#5366=ORIENTED_EDGE('',*,*,#3762,.T.);
#5367=ORIENTED_EDGE('',*,*,#3750,.T.);
#5368=ORIENTED_EDGE('',*,*,#3754,.T.);
#5369=ORIENTED_EDGE('',*,*,#4034,.T.);
#5370=ORIENTED_EDGE('',*,*,#4051,.T.);
#5371=ORIENTED_EDGE('',*,*,#4052,.T.);
#5372=ORIENTED_EDGE('',*,*,#3503,.T.);
#5373=ORIENTED_EDGE('',*,*,#4053,.T.);
#5374=ORIENTED_EDGE('',*,*,#4054,.T.);
#5375=ORIENTED_EDGE('',*,*,#4047,.T.);
#5376=ORIENTED_EDGE('',*,*,#3880,.T.);
#5377=ORIENTED_EDGE('',*,*,#3885,.T.);
#5378=ORIENTED_EDGE('',*,*,#3865,.T.);
#5379=ORIENTED_EDGE('',*,*,#4050,.T.);
#5380=ORIENTED_EDGE('',*,*,#4043,.T.);
#5381=ORIENTED_EDGE('',*,*,#3675,.T.);
#5382=ORIENTED_EDGE('',*,*,#3679,.T.);
#5383=ORIENTED_EDGE('',*,*,#3670,.T.);
#5384=ORIENTED_EDGE('',*,*,#3658,.T.);
#5385=ORIENTED_EDGE('',*,*,#3974,.T.);
#5386=ORIENTED_EDGE('',*,*,#3977,.T.);
#5387=ORIENTED_EDGE('',*,*,#3980,.T.);
#5388=ORIENTED_EDGE('',*,*,#3964,.T.);
#5389=ORIENTED_EDGE('',*,*,#3968,.T.);
#5390=ORIENTED_EDGE('',*,*,#3971,.T.);
#5391=ORIENTED_EDGE('',*,*,#3956,.T.);
#5392=ORIENTED_EDGE('',*,*,#3959,.T.);
#5393=ORIENTED_EDGE('',*,*,#3962,.T.);
#5394=ORIENTED_EDGE('',*,*,#3946,.T.);
#5395=ORIENTED_EDGE('',*,*,#3950,.T.);
#5396=ORIENTED_EDGE('',*,*,#3953,.T.);
#5397=ORIENTED_EDGE('',*,*,#3938,.T.);
#5398=ORIENTED_EDGE('',*,*,#3941,.T.);
#5399=ORIENTED_EDGE('',*,*,#3944,.T.);
#5400=ORIENTED_EDGE('',*,*,#3928,.T.);
#5401=ORIENTED_EDGE('',*,*,#3932,.T.);
#5402=ORIENTED_EDGE('',*,*,#3935,.T.);
#5403=ORIENTED_EDGE('',*,*,#3920,.T.);
#5404=ORIENTED_EDGE('',*,*,#3923,.T.);
#5405=ORIENTED_EDGE('',*,*,#3926,.T.);
#5406=ORIENTED_EDGE('',*,*,#3910,.T.);
#5407=ORIENTED_EDGE('',*,*,#3914,.T.);
#5408=ORIENTED_EDGE('',*,*,#3917,.T.);
#5409=ORIENTED_EDGE('',*,*,#3902,.T.);
#5410=ORIENTED_EDGE('',*,*,#3905,.T.);
#5411=ORIENTED_EDGE('',*,*,#3908,.T.);
#5412=ORIENTED_EDGE('',*,*,#3892,.T.);
#5413=ORIENTED_EDGE('',*,*,#3896,.T.);
#5414=ORIENTED_EDGE('',*,*,#3899,.T.);
#5415=ORIENTED_EDGE('',*,*,#3648,.T.);
#5416=ORIENTED_EDGE('',*,*,#3651,.T.);
#5417=ORIENTED_EDGE('',*,*,#3654,.T.);
#5418=ORIENTED_EDGE('',*,*,#3639,.T.);
#5419=ORIENTED_EDGE('',*,*,#3632,.T.);
#5420=ORIENTED_EDGE('',*,*,#3625,.T.);
#5421=ORIENTED_EDGE('',*,*,#3613,.T.);
#5422=ORIENTED_EDGE('',*,*,#3616,.T.);
#5423=ORIENTED_EDGE('',*,*,#3619,.T.);
#5424=ORIENTED_EDGE('',*,*,#3603,.T.);
#5425=ORIENTED_EDGE('',*,*,#3607,.T.);
#5426=ORIENTED_EDGE('',*,*,#3610,.T.);
#5427=ORIENTED_EDGE('',*,*,#3595,.T.);
#5428=ORIENTED_EDGE('',*,*,#3598,.T.);
#5429=ORIENTED_EDGE('',*,*,#3601,.T.);
#5430=ORIENTED_EDGE('',*,*,#3585,.T.);
#5431=ORIENTED_EDGE('',*,*,#3589,.T.);
#5432=ORIENTED_EDGE('',*,*,#3592,.T.);
#5433=ORIENTED_EDGE('',*,*,#3577,.T.);
#5434=ORIENTED_EDGE('',*,*,#3580,.T.);
#5435=ORIENTED_EDGE('',*,*,#3583,.T.);
#5436=ORIENTED_EDGE('',*,*,#3567,.T.);
#5437=ORIENTED_EDGE('',*,*,#3571,.T.);
#5438=ORIENTED_EDGE('',*,*,#3574,.T.);
#5439=ORIENTED_EDGE('',*,*,#3559,.T.);
#5440=ORIENTED_EDGE('',*,*,#3562,.T.);
#5441=ORIENTED_EDGE('',*,*,#3565,.T.);
#5442=ORIENTED_EDGE('',*,*,#3549,.T.);
#5443=ORIENTED_EDGE('',*,*,#3553,.T.);
#5444=ORIENTED_EDGE('',*,*,#3556,.T.);
#5445=ORIENTED_EDGE('',*,*,#4055,.F.);
#5446=ORIENTED_EDGE('',*,*,#4056,.F.);
#5447=ORIENTED_EDGE('',*,*,#4057,.F.);
#5448=ORIENTED_EDGE('',*,*,#4058,.T.);
#5449=ORIENTED_EDGE('',*,*,#4059,.F.);
#5450=ORIENTED_EDGE('',*,*,#4058,.F.);
#5451=ORIENTED_EDGE('',*,*,#4060,.F.);
#5452=ORIENTED_EDGE('',*,*,#4061,.T.);
#5453=ORIENTED_EDGE('',*,*,#4062,.F.);
#5454=ORIENTED_EDGE('',*,*,#4061,.F.);
#5455=ORIENTED_EDGE('',*,*,#4063,.F.);
#5456=ORIENTED_EDGE('',*,*,#4064,.T.);
#5457=ORIENTED_EDGE('',*,*,#4065,.F.);
#5458=ORIENTED_EDGE('',*,*,#4064,.F.);
#5459=ORIENTED_EDGE('',*,*,#4066,.F.);
#5460=ORIENTED_EDGE('',*,*,#4067,.T.);
#5461=ORIENTED_EDGE('',*,*,#4068,.F.);
#5462=ORIENTED_EDGE('',*,*,#4067,.F.);
#5463=ORIENTED_EDGE('',*,*,#4069,.F.);
#5464=ORIENTED_EDGE('',*,*,#4070,.T.);
#5465=ORIENTED_EDGE('',*,*,#4071,.F.);
#5466=ORIENTED_EDGE('',*,*,#4070,.F.);
#5467=ORIENTED_EDGE('',*,*,#4072,.F.);
#5468=ORIENTED_EDGE('',*,*,#4056,.T.);
#5469=ORIENTED_EDGE('',*,*,#4073,.F.);
#5470=ORIENTED_EDGE('',*,*,#4074,.F.);
#5471=ORIENTED_EDGE('',*,*,#4075,.F.);
#5472=ORIENTED_EDGE('',*,*,#4076,.T.);
#5473=ORIENTED_EDGE('',*,*,#4077,.F.);
#5474=ORIENTED_EDGE('',*,*,#4076,.F.);
#5475=ORIENTED_EDGE('',*,*,#4078,.F.);
#5476=ORIENTED_EDGE('',*,*,#4079,.T.);
#5477=ORIENTED_EDGE('',*,*,#4080,.F.);
#5478=ORIENTED_EDGE('',*,*,#4079,.F.);
#5479=ORIENTED_EDGE('',*,*,#4081,.F.);
#5480=ORIENTED_EDGE('',*,*,#4082,.T.);
#5481=ORIENTED_EDGE('',*,*,#4083,.F.);
#5482=ORIENTED_EDGE('',*,*,#4082,.F.);
#5483=ORIENTED_EDGE('',*,*,#4084,.F.);
#5484=ORIENTED_EDGE('',*,*,#4085,.T.);
#5485=ORIENTED_EDGE('',*,*,#4086,.F.);
#5486=ORIENTED_EDGE('',*,*,#4085,.F.);
#5487=ORIENTED_EDGE('',*,*,#4087,.F.);
#5488=ORIENTED_EDGE('',*,*,#4088,.T.);
#5489=ORIENTED_EDGE('',*,*,#4089,.F.);
#5490=ORIENTED_EDGE('',*,*,#4088,.F.);
#5491=ORIENTED_EDGE('',*,*,#4090,.F.);
#5492=ORIENTED_EDGE('',*,*,#4074,.T.);
#5493=ORIENTED_EDGE('',*,*,#4091,.F.);
#5494=ORIENTED_EDGE('',*,*,#4092,.F.);
#5495=ORIENTED_EDGE('',*,*,#4093,.F.);
#5496=ORIENTED_EDGE('',*,*,#4094,.T.);
#5497=ORIENTED_EDGE('',*,*,#4095,.F.);
#5498=ORIENTED_EDGE('',*,*,#4094,.F.);
#5499=ORIENTED_EDGE('',*,*,#4096,.F.);
#5500=ORIENTED_EDGE('',*,*,#4097,.T.);
#5501=ORIENTED_EDGE('',*,*,#4098,.F.);
#5502=ORIENTED_EDGE('',*,*,#4097,.F.);
#5503=ORIENTED_EDGE('',*,*,#4099,.F.);
#5504=ORIENTED_EDGE('',*,*,#4100,.T.);
#5505=ORIENTED_EDGE('',*,*,#4101,.F.);
#5506=ORIENTED_EDGE('',*,*,#4100,.F.);
#5507=ORIENTED_EDGE('',*,*,#4102,.F.);
#5508=ORIENTED_EDGE('',*,*,#4103,.T.);
#5509=ORIENTED_EDGE('',*,*,#4104,.F.);
#5510=ORIENTED_EDGE('',*,*,#4103,.F.);
#5511=ORIENTED_EDGE('',*,*,#4105,.F.);
#5512=ORIENTED_EDGE('',*,*,#4106,.T.);
#5513=ORIENTED_EDGE('',*,*,#4107,.F.);
#5514=ORIENTED_EDGE('',*,*,#4106,.F.);
#5515=ORIENTED_EDGE('',*,*,#4108,.F.);
#5516=ORIENTED_EDGE('',*,*,#4092,.T.);
#5517=ORIENTED_EDGE('',*,*,#4109,.F.);
#5518=ORIENTED_EDGE('',*,*,#4110,.F.);
#5519=ORIENTED_EDGE('',*,*,#4111,.F.);
#5520=ORIENTED_EDGE('',*,*,#4112,.T.);
#5521=ORIENTED_EDGE('',*,*,#4113,.F.);
#5522=ORIENTED_EDGE('',*,*,#4112,.F.);
#5523=ORIENTED_EDGE('',*,*,#4114,.F.);
#5524=ORIENTED_EDGE('',*,*,#4115,.T.);
#5525=ORIENTED_EDGE('',*,*,#4116,.F.);
#5526=ORIENTED_EDGE('',*,*,#4115,.F.);
#5527=ORIENTED_EDGE('',*,*,#4117,.F.);
#5528=ORIENTED_EDGE('',*,*,#4118,.T.);
#5529=ORIENTED_EDGE('',*,*,#4119,.F.);
#5530=ORIENTED_EDGE('',*,*,#4118,.F.);
#5531=ORIENTED_EDGE('',*,*,#4120,.F.);
#5532=ORIENTED_EDGE('',*,*,#4121,.T.);
#5533=ORIENTED_EDGE('',*,*,#4122,.F.);
#5534=ORIENTED_EDGE('',*,*,#4121,.F.);
#5535=ORIENTED_EDGE('',*,*,#4123,.F.);
#5536=ORIENTED_EDGE('',*,*,#4124,.T.);
#5537=ORIENTED_EDGE('',*,*,#4125,.F.);
#5538=ORIENTED_EDGE('',*,*,#4124,.F.);
#5539=ORIENTED_EDGE('',*,*,#4126,.F.);
#5540=ORIENTED_EDGE('',*,*,#4110,.T.);
#5541=ORIENTED_EDGE('',*,*,#4127,.F.);
#5542=ORIENTED_EDGE('',*,*,#4128,.F.);
#5543=ORIENTED_EDGE('',*,*,#4129,.F.);
#5544=ORIENTED_EDGE('',*,*,#4130,.T.);
#5545=ORIENTED_EDGE('',*,*,#4131,.T.);
#5546=ORIENTED_EDGE('',*,*,#4022,.F.);
#5547=ORIENTED_EDGE('',*,*,#4023,.F.);
#5548=ORIENTED_EDGE('',*,*,#4131,.F.);
#5549=ORIENTED_EDGE('',*,*,#4132,.F.);
#5550=ORIENTED_EDGE('',*,*,#4133,.F.);
#5551=ORIENTED_EDGE('',*,*,#4024,.F.);
#5552=ORIENTED_EDGE('',*,*,#4133,.T.);
#5553=ORIENTED_EDGE('',*,*,#4134,.F.);
#5554=ORIENTED_EDGE('',*,*,#4135,.F.);
#5555=ORIENTED_EDGE('',*,*,#4136,.T.);
#5556=ORIENTED_EDGE('',*,*,#4137,.F.);
#5557=ORIENTED_EDGE('',*,*,#4138,.F.);
#5558=ORIENTED_EDGE('',*,*,#4139,.F.);
#5559=ORIENTED_EDGE('',*,*,#4140,.F.);
#5560=ORIENTED_EDGE('',*,*,#4128,.T.);
#5561=ORIENTED_EDGE('',*,*,#4141,.F.);
#5562=ORIENTED_EDGE('',*,*,#4134,.T.);
#5563=ORIENTED_EDGE('',*,*,#4132,.T.);
#5564=ORIENTED_EDGE('',*,*,#4130,.F.);
#5565=ORIENTED_EDGE('',*,*,#4142,.F.);
#5566=ORIENTED_EDGE('',*,*,#4136,.F.);
#5567=ORIENTED_EDGE('',*,*,#4143,.F.);
#5568=ORIENTED_EDGE('',*,*,#4144,.T.);
#5569=ORIENTED_EDGE('',*,*,#4145,.F.);
#5570=ORIENTED_EDGE('',*,*,#4144,.F.);
#5571=ORIENTED_EDGE('',*,*,#4146,.F.);
#5572=ORIENTED_EDGE('',*,*,#4139,.T.);
#5573=ORIENTED_EDGE('',*,*,#4147,.F.);
#5574=ORIENTED_EDGE('',*,*,#4148,.F.);
#5575=ORIENTED_EDGE('',*,*,#4149,.F.);
#5576=ORIENTED_EDGE('',*,*,#4150,.T.);
#5577=ORIENTED_EDGE('',*,*,#4151,.T.);
#5578=ORIENTED_EDGE('',*,*,#4018,.F.);
#5579=ORIENTED_EDGE('',*,*,#4019,.F.);
#5580=ORIENTED_EDGE('',*,*,#4151,.F.);
#5581=ORIENTED_EDGE('',*,*,#4152,.F.);
#5582=ORIENTED_EDGE('',*,*,#4153,.F.);
#5583=ORIENTED_EDGE('',*,*,#4020,.F.);
#5584=ORIENTED_EDGE('',*,*,#4153,.T.);
#5585=ORIENTED_EDGE('',*,*,#4154,.F.);
#5586=ORIENTED_EDGE('',*,*,#4155,.F.);
#5587=ORIENTED_EDGE('',*,*,#4156,.T.);
#5588=ORIENTED_EDGE('',*,*,#4157,.F.);
#5589=ORIENTED_EDGE('',*,*,#4158,.F.);
#5590=ORIENTED_EDGE('',*,*,#4159,.F.);
#5591=ORIENTED_EDGE('',*,*,#4160,.F.);
#5592=ORIENTED_EDGE('',*,*,#4148,.T.);
#5593=ORIENTED_EDGE('',*,*,#4161,.F.);
#5594=ORIENTED_EDGE('',*,*,#4154,.T.);
#5595=ORIENTED_EDGE('',*,*,#4152,.T.);
#5596=ORIENTED_EDGE('',*,*,#4150,.F.);
#5597=ORIENTED_EDGE('',*,*,#4162,.F.);
#5598=ORIENTED_EDGE('',*,*,#4156,.F.);
#5599=ORIENTED_EDGE('',*,*,#4163,.F.);
#5600=ORIENTED_EDGE('',*,*,#4164,.T.);
#5601=ORIENTED_EDGE('',*,*,#4165,.F.);
#5602=ORIENTED_EDGE('',*,*,#4164,.F.);
#5603=ORIENTED_EDGE('',*,*,#4166,.F.);
#5604=ORIENTED_EDGE('',*,*,#4159,.T.);
#5605=ORIENTED_EDGE('',*,*,#4167,.F.);
#5606=ORIENTED_EDGE('',*,*,#4168,.F.);
#5607=ORIENTED_EDGE('',*,*,#4169,.F.);
#5608=ORIENTED_EDGE('',*,*,#4170,.T.);
#5609=ORIENTED_EDGE('',*,*,#4171,.F.);
#5610=ORIENTED_EDGE('',*,*,#4170,.F.);
#5611=ORIENTED_EDGE('',*,*,#4172,.F.);
#5612=ORIENTED_EDGE('',*,*,#4173,.T.);
#5613=ORIENTED_EDGE('',*,*,#4174,.F.);
#5614=ORIENTED_EDGE('',*,*,#4173,.F.);
#5615=ORIENTED_EDGE('',*,*,#4175,.F.);
#5616=ORIENTED_EDGE('',*,*,#4176,.T.);
#5617=ORIENTED_EDGE('',*,*,#4177,.F.);
#5618=ORIENTED_EDGE('',*,*,#4176,.F.);
#5619=ORIENTED_EDGE('',*,*,#4178,.F.);
#5620=ORIENTED_EDGE('',*,*,#4179,.T.);
#5621=ORIENTED_EDGE('',*,*,#4180,.F.);
#5622=ORIENTED_EDGE('',*,*,#4179,.F.);
#5623=ORIENTED_EDGE('',*,*,#4181,.F.);
#5624=ORIENTED_EDGE('',*,*,#4182,.T.);
#5625=ORIENTED_EDGE('',*,*,#4183,.F.);
#5626=ORIENTED_EDGE('',*,*,#4182,.F.);
#5627=ORIENTED_EDGE('',*,*,#4184,.F.);
#5628=ORIENTED_EDGE('',*,*,#4168,.T.);
#5629=ORIENTED_EDGE('',*,*,#4185,.F.);
#5630=ORIENTED_EDGE('',*,*,#4186,.F.);
#5631=ORIENTED_EDGE('',*,*,#4187,.F.);
#5632=ORIENTED_EDGE('',*,*,#4188,.T.);
#5633=ORIENTED_EDGE('',*,*,#4189,.T.);
#5634=ORIENTED_EDGE('',*,*,#4006,.F.);
#5635=ORIENTED_EDGE('',*,*,#4007,.F.);
#5636=ORIENTED_EDGE('',*,*,#4189,.F.);
#5637=ORIENTED_EDGE('',*,*,#4190,.F.);
#5638=ORIENTED_EDGE('',*,*,#4191,.F.);
#5639=ORIENTED_EDGE('',*,*,#4008,.F.);
#5640=ORIENTED_EDGE('',*,*,#4191,.T.);
#5641=ORIENTED_EDGE('',*,*,#4192,.F.);
#5642=ORIENTED_EDGE('',*,*,#4193,.F.);
#5643=ORIENTED_EDGE('',*,*,#4194,.T.);
#5644=ORIENTED_EDGE('',*,*,#4195,.F.);
#5645=ORIENTED_EDGE('',*,*,#4196,.F.);
#5646=ORIENTED_EDGE('',*,*,#4197,.F.);
#5647=ORIENTED_EDGE('',*,*,#4198,.F.);
#5648=ORIENTED_EDGE('',*,*,#4186,.T.);
#5649=ORIENTED_EDGE('',*,*,#4199,.F.);
#5650=ORIENTED_EDGE('',*,*,#4192,.T.);
#5651=ORIENTED_EDGE('',*,*,#4190,.T.);
#5652=ORIENTED_EDGE('',*,*,#4188,.F.);
#5653=ORIENTED_EDGE('',*,*,#4200,.F.);
#5654=ORIENTED_EDGE('',*,*,#4194,.F.);
#5655=ORIENTED_EDGE('',*,*,#4201,.F.);
#5656=ORIENTED_EDGE('',*,*,#4202,.T.);
#5657=ORIENTED_EDGE('',*,*,#4203,.F.);
#5658=ORIENTED_EDGE('',*,*,#4202,.F.);
#5659=ORIENTED_EDGE('',*,*,#4204,.F.);
#5660=ORIENTED_EDGE('',*,*,#4197,.T.);
#5661=ORIENTED_EDGE('',*,*,#4205,.F.);
#5662=ORIENTED_EDGE('',*,*,#4206,.F.);
#5663=ORIENTED_EDGE('',*,*,#4207,.F.);
#5664=ORIENTED_EDGE('',*,*,#4208,.T.);
#5665=ORIENTED_EDGE('',*,*,#4209,.T.);
#5666=ORIENTED_EDGE('',*,*,#3998,.F.);
#5667=ORIENTED_EDGE('',*,*,#3999,.F.);
#5668=ORIENTED_EDGE('',*,*,#4209,.F.);
#5669=ORIENTED_EDGE('',*,*,#4210,.F.);
#5670=ORIENTED_EDGE('',*,*,#4211,.F.);
#5671=ORIENTED_EDGE('',*,*,#4000,.F.);
#5672=ORIENTED_EDGE('',*,*,#4211,.T.);
#5673=ORIENTED_EDGE('',*,*,#4212,.F.);
#5674=ORIENTED_EDGE('',*,*,#4213,.F.);
#5675=ORIENTED_EDGE('',*,*,#4214,.T.);
#5676=ORIENTED_EDGE('',*,*,#4215,.F.);
#5677=ORIENTED_EDGE('',*,*,#4216,.F.);
#5678=ORIENTED_EDGE('',*,*,#4217,.F.);
#5679=ORIENTED_EDGE('',*,*,#4218,.F.);
#5680=ORIENTED_EDGE('',*,*,#4206,.T.);
#5681=ORIENTED_EDGE('',*,*,#4219,.F.);
#5682=ORIENTED_EDGE('',*,*,#4212,.T.);
#5683=ORIENTED_EDGE('',*,*,#4210,.T.);
#5684=ORIENTED_EDGE('',*,*,#4208,.F.);
#5685=ORIENTED_EDGE('',*,*,#4220,.F.);
#5686=ORIENTED_EDGE('',*,*,#4214,.F.);
#5687=ORIENTED_EDGE('',*,*,#4221,.F.);
#5688=ORIENTED_EDGE('',*,*,#4222,.T.);
#5689=ORIENTED_EDGE('',*,*,#4223,.F.);
#5690=ORIENTED_EDGE('',*,*,#4222,.F.);
#5691=ORIENTED_EDGE('',*,*,#4224,.F.);
#5692=ORIENTED_EDGE('',*,*,#4217,.T.);
#5693=ORIENTED_EDGE('',*,*,#4225,.F.);
#5694=ORIENTED_EDGE('',*,*,#4226,.F.);
#5695=ORIENTED_EDGE('',*,*,#4227,.F.);
#5696=ORIENTED_EDGE('',*,*,#4228,.T.);
#5697=ORIENTED_EDGE('',*,*,#4229,.T.);
#5698=ORIENTED_EDGE('',*,*,#3990,.F.);
#5699=ORIENTED_EDGE('',*,*,#3991,.F.);
#5700=ORIENTED_EDGE('',*,*,#4229,.F.);
#5701=ORIENTED_EDGE('',*,*,#4230,.F.);
#5702=ORIENTED_EDGE('',*,*,#4231,.F.);
#5703=ORIENTED_EDGE('',*,*,#3992,.F.);
#5704=ORIENTED_EDGE('',*,*,#4231,.T.);
#5705=ORIENTED_EDGE('',*,*,#4232,.F.);
#5706=ORIENTED_EDGE('',*,*,#4233,.F.);
#5707=ORIENTED_EDGE('',*,*,#4234,.T.);
#5708=ORIENTED_EDGE('',*,*,#4235,.F.);
#5709=ORIENTED_EDGE('',*,*,#4236,.F.);
#5710=ORIENTED_EDGE('',*,*,#4237,.F.);
#5711=ORIENTED_EDGE('',*,*,#4238,.F.);
#5712=ORIENTED_EDGE('',*,*,#4226,.T.);
#5713=ORIENTED_EDGE('',*,*,#4239,.F.);
#5714=ORIENTED_EDGE('',*,*,#4232,.T.);
#5715=ORIENTED_EDGE('',*,*,#4230,.T.);
#5716=ORIENTED_EDGE('',*,*,#4228,.F.);
#5717=ORIENTED_EDGE('',*,*,#4240,.F.);
#5718=ORIENTED_EDGE('',*,*,#4234,.F.);
#5719=ORIENTED_EDGE('',*,*,#4241,.F.);
#5720=ORIENTED_EDGE('',*,*,#4242,.T.);
#5721=ORIENTED_EDGE('',*,*,#4243,.F.);
#5722=ORIENTED_EDGE('',*,*,#4242,.F.);
#5723=ORIENTED_EDGE('',*,*,#4244,.F.);
#5724=ORIENTED_EDGE('',*,*,#4237,.T.);
#5725=ORIENTED_EDGE('',*,*,#4245,.F.);
#5726=ORIENTED_EDGE('',*,*,#4246,.F.);
#5727=ORIENTED_EDGE('',*,*,#4247,.F.);
#5728=ORIENTED_EDGE('',*,*,#4248,.T.);
#5729=ORIENTED_EDGE('',*,*,#4249,.T.);
#5730=ORIENTED_EDGE('',*,*,#3994,.F.);
#5731=ORIENTED_EDGE('',*,*,#3995,.F.);
#5732=ORIENTED_EDGE('',*,*,#4249,.F.);
#5733=ORIENTED_EDGE('',*,*,#4250,.F.);
#5734=ORIENTED_EDGE('',*,*,#4251,.F.);
#5735=ORIENTED_EDGE('',*,*,#3996,.F.);
#5736=ORIENTED_EDGE('',*,*,#4251,.T.);
#5737=ORIENTED_EDGE('',*,*,#4252,.F.);
#5738=ORIENTED_EDGE('',*,*,#4253,.F.);
#5739=ORIENTED_EDGE('',*,*,#4254,.T.);
#5740=ORIENTED_EDGE('',*,*,#4255,.F.);
#5741=ORIENTED_EDGE('',*,*,#4256,.F.);
#5742=ORIENTED_EDGE('',*,*,#4257,.F.);
#5743=ORIENTED_EDGE('',*,*,#4258,.F.);
#5744=ORIENTED_EDGE('',*,*,#4246,.T.);
#5745=ORIENTED_EDGE('',*,*,#4259,.F.);
#5746=ORIENTED_EDGE('',*,*,#4252,.T.);
#5747=ORIENTED_EDGE('',*,*,#4250,.T.);
#5748=ORIENTED_EDGE('',*,*,#4248,.F.);
#5749=ORIENTED_EDGE('',*,*,#4260,.F.);
#5750=ORIENTED_EDGE('',*,*,#4254,.F.);
#5751=ORIENTED_EDGE('',*,*,#4261,.F.);
#5752=ORIENTED_EDGE('',*,*,#4262,.T.);
#5753=ORIENTED_EDGE('',*,*,#4263,.F.);
#5754=ORIENTED_EDGE('',*,*,#4262,.F.);
#5755=ORIENTED_EDGE('',*,*,#4264,.F.);
#5756=ORIENTED_EDGE('',*,*,#4257,.T.);
#5757=ORIENTED_EDGE('',*,*,#4265,.F.);
#5758=ORIENTED_EDGE('',*,*,#4266,.F.);
#5759=ORIENTED_EDGE('',*,*,#4267,.F.);
#5760=ORIENTED_EDGE('',*,*,#4268,.T.);
#5761=ORIENTED_EDGE('',*,*,#4269,.T.);
#5762=ORIENTED_EDGE('',*,*,#4002,.F.);
#5763=ORIENTED_EDGE('',*,*,#4003,.F.);
#5764=ORIENTED_EDGE('',*,*,#4269,.F.);
#5765=ORIENTED_EDGE('',*,*,#4270,.F.);
#5766=ORIENTED_EDGE('',*,*,#4271,.F.);
#5767=ORIENTED_EDGE('',*,*,#4004,.F.);
#5768=ORIENTED_EDGE('',*,*,#4271,.T.);
#5769=ORIENTED_EDGE('',*,*,#4272,.F.);
#5770=ORIENTED_EDGE('',*,*,#4273,.F.);
#5771=ORIENTED_EDGE('',*,*,#4274,.T.);
#5772=ORIENTED_EDGE('',*,*,#4275,.F.);
#5773=ORIENTED_EDGE('',*,*,#4276,.F.);
#5774=ORIENTED_EDGE('',*,*,#4277,.F.);
#5775=ORIENTED_EDGE('',*,*,#4278,.F.);
#5776=ORIENTED_EDGE('',*,*,#4266,.T.);
#5777=ORIENTED_EDGE('',*,*,#4279,.F.);
#5778=ORIENTED_EDGE('',*,*,#4272,.T.);
#5779=ORIENTED_EDGE('',*,*,#4270,.T.);
#5780=ORIENTED_EDGE('',*,*,#4268,.F.);
#5781=ORIENTED_EDGE('',*,*,#4280,.F.);
#5782=ORIENTED_EDGE('',*,*,#4274,.F.);
#5783=ORIENTED_EDGE('',*,*,#4281,.F.);
#5784=ORIENTED_EDGE('',*,*,#4282,.T.);
#5785=ORIENTED_EDGE('',*,*,#4283,.F.);
#5786=ORIENTED_EDGE('',*,*,#4282,.F.);
#5787=ORIENTED_EDGE('',*,*,#4284,.F.);
#5788=ORIENTED_EDGE('',*,*,#4277,.T.);
#5789=ORIENTED_EDGE('',*,*,#4285,.F.);
#5790=ORIENTED_EDGE('',*,*,#4286,.F.);
#5791=ORIENTED_EDGE('',*,*,#4287,.F.);
#5792=ORIENTED_EDGE('',*,*,#4288,.T.);
#5793=ORIENTED_EDGE('',*,*,#4289,.T.);
#5794=ORIENTED_EDGE('',*,*,#4010,.F.);
#5795=ORIENTED_EDGE('',*,*,#4011,.F.);
#5796=ORIENTED_EDGE('',*,*,#4289,.F.);
#5797=ORIENTED_EDGE('',*,*,#4290,.F.);
#5798=ORIENTED_EDGE('',*,*,#4291,.F.);
#5799=ORIENTED_EDGE('',*,*,#4012,.F.);
#5800=ORIENTED_EDGE('',*,*,#4291,.T.);
#5801=ORIENTED_EDGE('',*,*,#4292,.F.);
#5802=ORIENTED_EDGE('',*,*,#4293,.F.);
#5803=ORIENTED_EDGE('',*,*,#4294,.T.);
#5804=ORIENTED_EDGE('',*,*,#4295,.F.);
#5805=ORIENTED_EDGE('',*,*,#4296,.F.);
#5806=ORIENTED_EDGE('',*,*,#4297,.F.);
#5807=ORIENTED_EDGE('',*,*,#4298,.F.);
#5808=ORIENTED_EDGE('',*,*,#4286,.T.);
#5809=ORIENTED_EDGE('',*,*,#4299,.F.);
#5810=ORIENTED_EDGE('',*,*,#4292,.T.);
#5811=ORIENTED_EDGE('',*,*,#4290,.T.);
#5812=ORIENTED_EDGE('',*,*,#4288,.F.);
#5813=ORIENTED_EDGE('',*,*,#4300,.F.);
#5814=ORIENTED_EDGE('',*,*,#4294,.F.);
#5815=ORIENTED_EDGE('',*,*,#4301,.F.);
#5816=ORIENTED_EDGE('',*,*,#4302,.T.);
#5817=ORIENTED_EDGE('',*,*,#4303,.F.);
#5818=ORIENTED_EDGE('',*,*,#4302,.F.);
#5819=ORIENTED_EDGE('',*,*,#4304,.F.);
#5820=ORIENTED_EDGE('',*,*,#4297,.T.);
#5821=ORIENTED_EDGE('',*,*,#4305,.F.);
#5822=ORIENTED_EDGE('',*,*,#4306,.F.);
#5823=ORIENTED_EDGE('',*,*,#4307,.F.);
#5824=ORIENTED_EDGE('',*,*,#4308,.T.);
#5825=ORIENTED_EDGE('',*,*,#4309,.F.);
#5826=ORIENTED_EDGE('',*,*,#4308,.F.);
#5827=ORIENTED_EDGE('',*,*,#4310,.F.);
#5828=ORIENTED_EDGE('',*,*,#4311,.T.);
#5829=ORIENTED_EDGE('',*,*,#4312,.F.);
#5830=ORIENTED_EDGE('',*,*,#4311,.F.);
#5831=ORIENTED_EDGE('',*,*,#4313,.F.);
#5832=ORIENTED_EDGE('',*,*,#4314,.T.);
#5833=ORIENTED_EDGE('',*,*,#4315,.F.);
#5834=ORIENTED_EDGE('',*,*,#4314,.F.);
#5835=ORIENTED_EDGE('',*,*,#4316,.F.);
#5836=ORIENTED_EDGE('',*,*,#4317,.T.);
#5837=ORIENTED_EDGE('',*,*,#4318,.F.);
#5838=ORIENTED_EDGE('',*,*,#4317,.F.);
#5839=ORIENTED_EDGE('',*,*,#4319,.F.);
#5840=ORIENTED_EDGE('',*,*,#4320,.T.);
#5841=ORIENTED_EDGE('',*,*,#4321,.F.);
#5842=ORIENTED_EDGE('',*,*,#4320,.F.);
#5843=ORIENTED_EDGE('',*,*,#4322,.F.);
#5844=ORIENTED_EDGE('',*,*,#4306,.T.);
#5845=ORIENTED_EDGE('',*,*,#4323,.F.);
#5846=ORIENTED_EDGE('',*,*,#4324,.F.);
#5847=ORIENTED_EDGE('',*,*,#4325,.F.);
#5848=ORIENTED_EDGE('',*,*,#4326,.T.);
#5849=ORIENTED_EDGE('',*,*,#4327,.T.);
#5850=ORIENTED_EDGE('',*,*,#4026,.F.);
#5851=ORIENTED_EDGE('',*,*,#4027,.F.);
#5852=ORIENTED_EDGE('',*,*,#4327,.F.);
#5853=ORIENTED_EDGE('',*,*,#4328,.F.);
#5854=ORIENTED_EDGE('',*,*,#4329,.F.);
#5855=ORIENTED_EDGE('',*,*,#4028,.F.);
#5856=ORIENTED_EDGE('',*,*,#4329,.T.);
#5857=ORIENTED_EDGE('',*,*,#4330,.F.);
#5858=ORIENTED_EDGE('',*,*,#4331,.F.);
#5859=ORIENTED_EDGE('',*,*,#4332,.T.);
#5860=ORIENTED_EDGE('',*,*,#4333,.F.);
#5861=ORIENTED_EDGE('',*,*,#4334,.F.);
#5862=ORIENTED_EDGE('',*,*,#4332,.F.);
#5863=ORIENTED_EDGE('',*,*,#4335,.F.);
#5864=ORIENTED_EDGE('',*,*,#4336,.T.);
#5865=ORIENTED_EDGE('',*,*,#4337,.F.);
#5866=ORIENTED_EDGE('',*,*,#4336,.F.);
#5867=ORIENTED_EDGE('',*,*,#4338,.F.);
#5868=ORIENTED_EDGE('',*,*,#4339,.T.);
#5869=ORIENTED_EDGE('',*,*,#4340,.F.);
#5870=ORIENTED_EDGE('',*,*,#4339,.F.);
#5871=ORIENTED_EDGE('',*,*,#4341,.F.);
#5872=ORIENTED_EDGE('',*,*,#4324,.T.);
#5873=ORIENTED_EDGE('',*,*,#4342,.F.);
#5874=ORIENTED_EDGE('',*,*,#4330,.T.);
#5875=ORIENTED_EDGE('',*,*,#4328,.T.);
#5876=ORIENTED_EDGE('',*,*,#4326,.F.);
#5877=ORIENTED_EDGE('',*,*,#4343,.F.);
#5878=ORIENTED_EDGE('',*,*,#4344,.F.);
#5879=ORIENTED_EDGE('',*,*,#4345,.F.);
#5880=ORIENTED_EDGE('',*,*,#4346,.T.);
#5881=ORIENTED_EDGE('',*,*,#4347,.F.);
#5882=ORIENTED_EDGE('',*,*,#4346,.F.);
#5883=ORIENTED_EDGE('',*,*,#4348,.F.);
#5884=ORIENTED_EDGE('',*,*,#4349,.T.);
#5885=ORIENTED_EDGE('',*,*,#4350,.F.);
#5886=ORIENTED_EDGE('',*,*,#4349,.F.);
#5887=ORIENTED_EDGE('',*,*,#4351,.F.);
#5888=ORIENTED_EDGE('',*,*,#4352,.T.);
#5889=ORIENTED_EDGE('',*,*,#4353,.F.);
#5890=ORIENTED_EDGE('',*,*,#4352,.F.);
#5891=ORIENTED_EDGE('',*,*,#4354,.F.);
#5892=ORIENTED_EDGE('',*,*,#4355,.T.);
#5893=ORIENTED_EDGE('',*,*,#4356,.F.);
#5894=ORIENTED_EDGE('',*,*,#4355,.F.);
#5895=ORIENTED_EDGE('',*,*,#4357,.F.);
#5896=ORIENTED_EDGE('',*,*,#4358,.T.);
#5897=ORIENTED_EDGE('',*,*,#4359,.F.);
#5898=ORIENTED_EDGE('',*,*,#4358,.F.);
#5899=ORIENTED_EDGE('',*,*,#4360,.F.);
#5900=ORIENTED_EDGE('',*,*,#4344,.T.);
#5901=ORIENTED_EDGE('',*,*,#4361,.F.);
#5902=ORIENTED_EDGE('',*,*,#4362,.F.);
#5903=ORIENTED_EDGE('',*,*,#4363,.F.);
#5904=ORIENTED_EDGE('',*,*,#4364,.T.);
#5905=ORIENTED_EDGE('',*,*,#4365,.T.);
#5906=ORIENTED_EDGE('',*,*,#4014,.F.);
#5907=ORIENTED_EDGE('',*,*,#4015,.F.);
#5908=ORIENTED_EDGE('',*,*,#4365,.F.);
#5909=ORIENTED_EDGE('',*,*,#4366,.F.);
#5910=ORIENTED_EDGE('',*,*,#4367,.F.);
#5911=ORIENTED_EDGE('',*,*,#4016,.F.);
#5912=ORIENTED_EDGE('',*,*,#4367,.T.);
#5913=ORIENTED_EDGE('',*,*,#4368,.F.);
#5914=ORIENTED_EDGE('',*,*,#4369,.F.);
#5915=ORIENTED_EDGE('',*,*,#4370,.T.);
#5916=ORIENTED_EDGE('',*,*,#4371,.F.);
#5917=ORIENTED_EDGE('',*,*,#4372,.F.);
#5918=ORIENTED_EDGE('',*,*,#4373,.F.);
#5919=ORIENTED_EDGE('',*,*,#4374,.F.);
#5920=ORIENTED_EDGE('',*,*,#4362,.T.);
#5921=ORIENTED_EDGE('',*,*,#4375,.F.);
#5922=ORIENTED_EDGE('',*,*,#4368,.T.);
#5923=ORIENTED_EDGE('',*,*,#4366,.T.);
#5924=ORIENTED_EDGE('',*,*,#4364,.F.);
#5925=ORIENTED_EDGE('',*,*,#4376,.F.);
#5926=ORIENTED_EDGE('',*,*,#4370,.F.);
#5927=ORIENTED_EDGE('',*,*,#4377,.F.);
#5928=ORIENTED_EDGE('',*,*,#4378,.T.);
#5929=ORIENTED_EDGE('',*,*,#4379,.F.);
#5930=ORIENTED_EDGE('',*,*,#4378,.F.);
#5931=ORIENTED_EDGE('',*,*,#4380,.F.);
#5932=ORIENTED_EDGE('',*,*,#4373,.T.);
#5933=ORIENTED_EDGE('',*,*,#4381,.F.);
#5934=ORIENTED_EDGE('',*,*,#4382,.F.);
#5935=ORIENTED_EDGE('',*,*,#4383,.F.);
#5936=ORIENTED_EDGE('',*,*,#4384,.T.);
#5937=ORIENTED_EDGE('',*,*,#4385,.F.);
#5938=ORIENTED_EDGE('',*,*,#4384,.F.);
#5939=ORIENTED_EDGE('',*,*,#4386,.F.);
#5940=ORIENTED_EDGE('',*,*,#4387,.T.);
#5941=ORIENTED_EDGE('',*,*,#4388,.F.);
#5942=ORIENTED_EDGE('',*,*,#4387,.F.);
#5943=ORIENTED_EDGE('',*,*,#4389,.F.);
#5944=ORIENTED_EDGE('',*,*,#4390,.T.);
#5945=ORIENTED_EDGE('',*,*,#4391,.F.);
#5946=ORIENTED_EDGE('',*,*,#4390,.F.);
#5947=ORIENTED_EDGE('',*,*,#4392,.F.);
#5948=ORIENTED_EDGE('',*,*,#4393,.T.);
#5949=ORIENTED_EDGE('',*,*,#4394,.F.);
#5950=ORIENTED_EDGE('',*,*,#4393,.F.);
#5951=ORIENTED_EDGE('',*,*,#4395,.F.);
#5952=ORIENTED_EDGE('',*,*,#4396,.T.);
#5953=ORIENTED_EDGE('',*,*,#4397,.F.);
#5954=ORIENTED_EDGE('',*,*,#4396,.F.);
#5955=ORIENTED_EDGE('',*,*,#4398,.F.);
#5956=ORIENTED_EDGE('',*,*,#4382,.T.);
#5957=ORIENTED_EDGE('',*,*,#4399,.F.);
#5958=ORIENTED_EDGE('',*,*,#4400,.F.);
#5959=ORIENTED_EDGE('',*,*,#4401,.F.);
#5960=ORIENTED_EDGE('',*,*,#4402,.T.);
#5961=ORIENTED_EDGE('',*,*,#4403,.F.);
#5962=ORIENTED_EDGE('',*,*,#4402,.F.);
#5963=ORIENTED_EDGE('',*,*,#4404,.F.);
#5964=ORIENTED_EDGE('',*,*,#4405,.T.);
#5965=ORIENTED_EDGE('',*,*,#4406,.F.);
#5966=ORIENTED_EDGE('',*,*,#4405,.F.);
#5967=ORIENTED_EDGE('',*,*,#4407,.F.);
#5968=ORIENTED_EDGE('',*,*,#4408,.T.);
#5969=ORIENTED_EDGE('',*,*,#4409,.F.);
#5970=ORIENTED_EDGE('',*,*,#4408,.F.);
#5971=ORIENTED_EDGE('',*,*,#4410,.F.);
#5972=ORIENTED_EDGE('',*,*,#4411,.T.);
#5973=ORIENTED_EDGE('',*,*,#4412,.F.);
#5974=ORIENTED_EDGE('',*,*,#4411,.F.);
#5975=ORIENTED_EDGE('',*,*,#4413,.F.);
#5976=ORIENTED_EDGE('',*,*,#4414,.T.);
#5977=ORIENTED_EDGE('',*,*,#4415,.F.);
#5978=ORIENTED_EDGE('',*,*,#4414,.F.);
#5979=ORIENTED_EDGE('',*,*,#4416,.F.);
#5980=ORIENTED_EDGE('',*,*,#4400,.T.);
#5981=ORIENTED_EDGE('',*,*,#4417,.F.);
#5982=ORIENTED_EDGE('',*,*,#4418,.F.);
#5983=ORIENTED_EDGE('',*,*,#4419,.F.);
#5984=ORIENTED_EDGE('',*,*,#4420,.T.);
#5985=ORIENTED_EDGE('',*,*,#4421,.F.);
#5986=ORIENTED_EDGE('',*,*,#4420,.F.);
#5987=ORIENTED_EDGE('',*,*,#4422,.F.);
#5988=ORIENTED_EDGE('',*,*,#4423,.T.);
#5989=ORIENTED_EDGE('',*,*,#4424,.F.);
#5990=ORIENTED_EDGE('',*,*,#4423,.F.);
#5991=ORIENTED_EDGE('',*,*,#4425,.F.);
#5992=ORIENTED_EDGE('',*,*,#4426,.T.);
#5993=ORIENTED_EDGE('',*,*,#4427,.F.);
#5994=ORIENTED_EDGE('',*,*,#4426,.F.);
#5995=ORIENTED_EDGE('',*,*,#4428,.F.);
#5996=ORIENTED_EDGE('',*,*,#4429,.T.);
#5997=ORIENTED_EDGE('',*,*,#4430,.F.);
#5998=ORIENTED_EDGE('',*,*,#4429,.F.);
#5999=ORIENTED_EDGE('',*,*,#4431,.F.);
#6000=ORIENTED_EDGE('',*,*,#4432,.T.);
#6001=ORIENTED_EDGE('',*,*,#4433,.F.);
#6002=ORIENTED_EDGE('',*,*,#4432,.F.);
#6003=ORIENTED_EDGE('',*,*,#4434,.F.);
#6004=ORIENTED_EDGE('',*,*,#4418,.T.);
#6005=ORIENTED_EDGE('',*,*,#4127,.T.);
#6006=ORIENTED_EDGE('',*,*,#4021,.T.);
#6007=ORIENTED_EDGE('',*,*,#4157,.T.);
#6008=ORIENTED_EDGE('',*,*,#4162,.T.);
#6009=ORIENTED_EDGE('',*,*,#4165,.T.);
#6010=ORIENTED_EDGE('',*,*,#4158,.T.);
#6011=ORIENTED_EDGE('',*,*,#4147,.T.);
#6012=ORIENTED_EDGE('',*,*,#4017,.T.);
#6013=ORIENTED_EDGE('',*,*,#4371,.T.);
#6014=ORIENTED_EDGE('',*,*,#4376,.T.);
#6015=ORIENTED_EDGE('',*,*,#4379,.T.);
#6016=ORIENTED_EDGE('',*,*,#4372,.T.);
#6017=ORIENTED_EDGE('',*,*,#4361,.T.);
#6018=ORIENTED_EDGE('',*,*,#4013,.T.);
#6019=ORIENTED_EDGE('',*,*,#4295,.T.);
#6020=ORIENTED_EDGE('',*,*,#4300,.T.);
#6021=ORIENTED_EDGE('',*,*,#4303,.T.);
#6022=ORIENTED_EDGE('',*,*,#4296,.T.);
#6023=ORIENTED_EDGE('',*,*,#4285,.T.);
#6024=ORIENTED_EDGE('',*,*,#4009,.T.);
#6025=ORIENTED_EDGE('',*,*,#4195,.T.);
#6026=ORIENTED_EDGE('',*,*,#4200,.T.);
#6027=ORIENTED_EDGE('',*,*,#4203,.T.);
#6028=ORIENTED_EDGE('',*,*,#4196,.T.);
#6029=ORIENTED_EDGE('',*,*,#4185,.T.);
#6030=ORIENTED_EDGE('',*,*,#4005,.T.);
#6031=ORIENTED_EDGE('',*,*,#4275,.T.);
#6032=ORIENTED_EDGE('',*,*,#4280,.T.);
#6033=ORIENTED_EDGE('',*,*,#4283,.T.);
#6034=ORIENTED_EDGE('',*,*,#4276,.T.);
#6035=ORIENTED_EDGE('',*,*,#4265,.T.);
#6036=ORIENTED_EDGE('',*,*,#4001,.T.);
#6037=ORIENTED_EDGE('',*,*,#4215,.T.);
#6038=ORIENTED_EDGE('',*,*,#4220,.T.);
#6039=ORIENTED_EDGE('',*,*,#4223,.T.);
#6040=ORIENTED_EDGE('',*,*,#4216,.T.);
#6041=ORIENTED_EDGE('',*,*,#4205,.T.);
#6042=ORIENTED_EDGE('',*,*,#3997,.T.);
#6043=ORIENTED_EDGE('',*,*,#4255,.T.);
#6044=ORIENTED_EDGE('',*,*,#4260,.T.);
#6045=ORIENTED_EDGE('',*,*,#4263,.T.);
#6046=ORIENTED_EDGE('',*,*,#4256,.T.);
#6047=ORIENTED_EDGE('',*,*,#4245,.T.);
#6048=ORIENTED_EDGE('',*,*,#3993,.T.);
#6049=ORIENTED_EDGE('',*,*,#4235,.T.);
#6050=ORIENTED_EDGE('',*,*,#4240,.T.);
#6051=ORIENTED_EDGE('',*,*,#4243,.T.);
#6052=ORIENTED_EDGE('',*,*,#4236,.T.);
#6053=ORIENTED_EDGE('',*,*,#4225,.T.);
#6054=ORIENTED_EDGE('',*,*,#3989,.T.);
#6055=ORIENTED_EDGE('',*,*,#3538,.F.);
#6056=ORIENTED_EDGE('',*,*,#4435,.T.);
#6057=ORIENTED_EDGE('',*,*,#4436,.T.);
#6058=ORIENTED_EDGE('',*,*,#4029,.T.);
#6059=ORIENTED_EDGE('',*,*,#4333,.T.);
#6060=ORIENTED_EDGE('',*,*,#4334,.T.);
#6061=ORIENTED_EDGE('',*,*,#4337,.T.);
#6062=ORIENTED_EDGE('',*,*,#4340,.T.);
#6063=ORIENTED_EDGE('',*,*,#4323,.T.);
#6064=ORIENTED_EDGE('',*,*,#4025,.T.);
#6065=ORIENTED_EDGE('',*,*,#4137,.T.);
#6066=ORIENTED_EDGE('',*,*,#4142,.T.);
#6067=ORIENTED_EDGE('',*,*,#4145,.T.);
#6068=ORIENTED_EDGE('',*,*,#4138,.T.);
#6069=ORIENTED_EDGE('',*,*,#4427,.T.);
#6070=ORIENTED_EDGE('',*,*,#4430,.T.);
#6071=ORIENTED_EDGE('',*,*,#4433,.T.);
#6072=ORIENTED_EDGE('',*,*,#4417,.T.);
#6073=ORIENTED_EDGE('',*,*,#4421,.T.);
#6074=ORIENTED_EDGE('',*,*,#4424,.T.);
#6075=ORIENTED_EDGE('',*,*,#4409,.T.);
#6076=ORIENTED_EDGE('',*,*,#4412,.T.);
#6077=ORIENTED_EDGE('',*,*,#4415,.T.);
#6078=ORIENTED_EDGE('',*,*,#4399,.T.);
#6079=ORIENTED_EDGE('',*,*,#4403,.T.);
#6080=ORIENTED_EDGE('',*,*,#4406,.T.);
#6081=ORIENTED_EDGE('',*,*,#4391,.T.);
#6082=ORIENTED_EDGE('',*,*,#4394,.T.);
#6083=ORIENTED_EDGE('',*,*,#4397,.T.);
#6084=ORIENTED_EDGE('',*,*,#4381,.T.);
#6085=ORIENTED_EDGE('',*,*,#4385,.T.);
#6086=ORIENTED_EDGE('',*,*,#4388,.T.);
#6087=ORIENTED_EDGE('',*,*,#4353,.T.);
#6088=ORIENTED_EDGE('',*,*,#4356,.T.);
#6089=ORIENTED_EDGE('',*,*,#4359,.T.);
#6090=ORIENTED_EDGE('',*,*,#4343,.T.);
#6091=ORIENTED_EDGE('',*,*,#4347,.T.);
#6092=ORIENTED_EDGE('',*,*,#4350,.T.);
#6093=ORIENTED_EDGE('',*,*,#4315,.T.);
#6094=ORIENTED_EDGE('',*,*,#4318,.T.);
#6095=ORIENTED_EDGE('',*,*,#4321,.T.);
#6096=ORIENTED_EDGE('',*,*,#4305,.T.);
#6097=ORIENTED_EDGE('',*,*,#4309,.T.);
#6098=ORIENTED_EDGE('',*,*,#4312,.T.);
#6099=ORIENTED_EDGE('',*,*,#4177,.T.);
#6100=ORIENTED_EDGE('',*,*,#4180,.T.);
#6101=ORIENTED_EDGE('',*,*,#4183,.T.);
#6102=ORIENTED_EDGE('',*,*,#4167,.T.);
#6103=ORIENTED_EDGE('',*,*,#4171,.T.);
#6104=ORIENTED_EDGE('',*,*,#4174,.T.);
#6105=ORIENTED_EDGE('',*,*,#4119,.T.);
#6106=ORIENTED_EDGE('',*,*,#4122,.T.);
#6107=ORIENTED_EDGE('',*,*,#4125,.T.);
#6108=ORIENTED_EDGE('',*,*,#4109,.T.);
#6109=ORIENTED_EDGE('',*,*,#4113,.T.);
#6110=ORIENTED_EDGE('',*,*,#4116,.T.);
#6111=ORIENTED_EDGE('',*,*,#4101,.T.);
#6112=ORIENTED_EDGE('',*,*,#4104,.T.);
#6113=ORIENTED_EDGE('',*,*,#4107,.T.);
#6114=ORIENTED_EDGE('',*,*,#4091,.T.);
#6115=ORIENTED_EDGE('',*,*,#4095,.T.);
#6116=ORIENTED_EDGE('',*,*,#4098,.T.);
#6117=ORIENTED_EDGE('',*,*,#4083,.T.);
#6118=ORIENTED_EDGE('',*,*,#4086,.T.);
#6119=ORIENTED_EDGE('',*,*,#4089,.T.);
#6120=ORIENTED_EDGE('',*,*,#4073,.T.);
#6121=ORIENTED_EDGE('',*,*,#4077,.T.);
#6122=ORIENTED_EDGE('',*,*,#4080,.T.);
#6123=ORIENTED_EDGE('',*,*,#4065,.T.);
#6124=ORIENTED_EDGE('',*,*,#4068,.T.);
#6125=ORIENTED_EDGE('',*,*,#4071,.T.);
#6126=ORIENTED_EDGE('',*,*,#4055,.T.);
#6127=ORIENTED_EDGE('',*,*,#4059,.T.);
#6128=ORIENTED_EDGE('',*,*,#4062,.T.);
#6129=ORIENTED_EDGE('',*,*,#4437,.F.);
#6130=ORIENTED_EDGE('',*,*,#4438,.T.);
#6131=ORIENTED_EDGE('',*,*,#3492,.F.);
#6132=ORIENTED_EDGE('',*,*,#4439,.F.);
#6133=ORIENTED_EDGE('',*,*,#4440,.F.);
#6134=ORIENTED_EDGE('',*,*,#3490,.F.);
#6135=ORIENTED_EDGE('',*,*,#3512,.F.);
#6136=ORIENTED_EDGE('',*,*,#4441,.F.);
#6137=ORIENTED_EDGE('',*,*,#4442,.F.);
#6138=ORIENTED_EDGE('',*,*,#4443,.F.);
#6139=ORIENTED_EDGE('',*,*,#3493,.F.);
#6140=ORIENTED_EDGE('',*,*,#4438,.F.);
#6141=ORIENTED_EDGE('',*,*,#4444,.F.);
#6142=ORIENTED_EDGE('',*,*,#4445,.F.);
#6143=ORIENTED_EDGE('',*,*,#3510,.T.);
#6144=ORIENTED_EDGE('',*,*,#4446,.F.);
#6145=ORIENTED_EDGE('',*,*,#4445,.T.);
#6146=ORIENTED_EDGE('',*,*,#4447,.F.);
#6147=ORIENTED_EDGE('',*,*,#4448,.F.);
#6148=ORIENTED_EDGE('',*,*,#4440,.T.);
#6149=ORIENTED_EDGE('',*,*,#4449,.F.);
#6150=ORIENTED_EDGE('',*,*,#4439,.T.);
#6151=ORIENTED_EDGE('',*,*,#3491,.F.);
#6152=ORIENTED_EDGE('',*,*,#4449,.T.);
#6153=ORIENTED_EDGE('',*,*,#4441,.T.);
#6154=ORIENTED_EDGE('',*,*,#3511,.F.);
#6155=ORIENTED_EDGE('',*,*,#4448,.T.);
#6156=ORIENTED_EDGE('',*,*,#4450,.T.);
#6157=ORIENTED_EDGE('',*,*,#4451,.F.);
#6158=ORIENTED_EDGE('',*,*,#4452,.F.);
#6159=ORIENTED_EDGE('',*,*,#4450,.F.);
#6160=ORIENTED_EDGE('',*,*,#4447,.T.);
#6161=ORIENTED_EDGE('',*,*,#4444,.T.);
#6162=ORIENTED_EDGE('',*,*,#4437,.T.);
#6163=ORIENTED_EDGE('',*,*,#4443,.T.);
#6164=ORIENTED_EDGE('',*,*,#4453,.T.);
#6165=ORIENTED_EDGE('',*,*,#4454,.T.);
#6166=ORIENTED_EDGE('',*,*,#3494,.T.);
#6167=ORIENTED_EDGE('',*,*,#4455,.F.);
#6168=ORIENTED_EDGE('',*,*,#4456,.F.);
#6169=ORIENTED_EDGE('',*,*,#4457,.T.);
#6170=ORIENTED_EDGE('',*,*,#4435,.F.);
#6171=ORIENTED_EDGE('',*,*,#3537,.F.);
#6172=ORIENTED_EDGE('',*,*,#4458,.T.);
#6173=ORIENTED_EDGE('',*,*,#4459,.F.);
#6174=ORIENTED_EDGE('',*,*,#3496,.T.);
#6175=ORIENTED_EDGE('',*,*,#4460,.T.);
#6176=ORIENTED_EDGE('',*,*,#4461,.F.);
#6177=ORIENTED_EDGE('',*,*,#3548,.T.);
#6178=ORIENTED_EDGE('',*,*,#3502,.T.);
#6179=ORIENTED_EDGE('',*,*,#3533,.F.);
#6180=ORIENTED_EDGE('',*,*,#4045,.T.);
#6181=ORIENTED_EDGE('',*,*,#4049,.T.);
#6182=ORIENTED_EDGE('',*,*,#4462,.T.);
#6183=ORIENTED_EDGE('',*,*,#4053,.F.);
#6184=ORIENTED_EDGE('',*,*,#4454,.F.);
#6185=ORIENTED_EDGE('',*,*,#4463,.F.);
#6186=ORIENTED_EDGE('',*,*,#4460,.F.);
#6187=ORIENTED_EDGE('',*,*,#3495,.T.);
#6188=ORIENTED_EDGE('',*,*,#3975,.T.);
#6189=ORIENTED_EDGE('',*,*,#3972,.T.);
#6190=ORIENTED_EDGE('',*,*,#3969,.T.);
#6191=ORIENTED_EDGE('',*,*,#3966,.T.);
#6192=ORIENTED_EDGE('',*,*,#3981,.T.);
#6193=ORIENTED_EDGE('',*,*,#3978,.T.);
#6194=ORIENTED_EDGE('',*,*,#3957,.T.);
#6195=ORIENTED_EDGE('',*,*,#3954,.T.);
#6196=ORIENTED_EDGE('',*,*,#3951,.T.);
#6197=ORIENTED_EDGE('',*,*,#3948,.T.);
#6198=ORIENTED_EDGE('',*,*,#3963,.T.);
#6199=ORIENTED_EDGE('',*,*,#3960,.T.);
#6200=ORIENTED_EDGE('',*,*,#3939,.T.);
#6201=ORIENTED_EDGE('',*,*,#3936,.T.);
#6202=ORIENTED_EDGE('',*,*,#3933,.T.);
#6203=ORIENTED_EDGE('',*,*,#3930,.T.);
#6204=ORIENTED_EDGE('',*,*,#3945,.T.);
#6205=ORIENTED_EDGE('',*,*,#3942,.T.);
#6206=ORIENTED_EDGE('',*,*,#3921,.T.);
#6207=ORIENTED_EDGE('',*,*,#3918,.T.);
#6208=ORIENTED_EDGE('',*,*,#3915,.T.);
#6209=ORIENTED_EDGE('',*,*,#3912,.T.);
#6210=ORIENTED_EDGE('',*,*,#3927,.T.);
#6211=ORIENTED_EDGE('',*,*,#3924,.T.);
#6212=ORIENTED_EDGE('',*,*,#3903,.T.);
#6213=ORIENTED_EDGE('',*,*,#3900,.T.);
#6214=ORIENTED_EDGE('',*,*,#3897,.T.);
#6215=ORIENTED_EDGE('',*,*,#3894,.T.);
#6216=ORIENTED_EDGE('',*,*,#3909,.T.);
#6217=ORIENTED_EDGE('',*,*,#3906,.T.);
#6218=ORIENTED_EDGE('',*,*,#3876,.T.);
#6219=ORIENTED_EDGE('',*,*,#3890,.T.);
#6220=ORIENTED_EDGE('',*,*,#3887,.T.);
#6221=ORIENTED_EDGE('',*,*,#3867,.T.);
#6222=ORIENTED_EDGE('',*,*,#3886,.T.);
#6223=ORIENTED_EDGE('',*,*,#3883,.T.);
#6224=ORIENTED_EDGE('',*,*,#3856,.T.);
#6225=ORIENTED_EDGE('',*,*,#3864,.T.);
#6226=ORIENTED_EDGE('',*,*,#3861,.T.);
#6227=ORIENTED_EDGE('',*,*,#3857,.T.);
#6228=ORIENTED_EDGE('',*,*,#3847,.T.);
#6229=ORIENTED_EDGE('',*,*,#3844,.T.);
#6230=ORIENTED_EDGE('',*,*,#3833,.T.);
#6231=ORIENTED_EDGE('',*,*,#3841,.T.);
#6232=ORIENTED_EDGE('',*,*,#3838,.T.);
#6233=ORIENTED_EDGE('',*,*,#3834,.T.);
#6234=ORIENTED_EDGE('',*,*,#3824,.T.);
#6235=ORIENTED_EDGE('',*,*,#3821,.T.);
#6236=ORIENTED_EDGE('',*,*,#3810,.T.);
#6237=ORIENTED_EDGE('',*,*,#3818,.T.);
#6238=ORIENTED_EDGE('',*,*,#3815,.T.);
#6239=ORIENTED_EDGE('',*,*,#3811,.T.);
#6240=ORIENTED_EDGE('',*,*,#3801,.T.);
#6241=ORIENTED_EDGE('',*,*,#3798,.T.);
#6242=ORIENTED_EDGE('',*,*,#3787,.T.);
#6243=ORIENTED_EDGE('',*,*,#3795,.T.);
#6244=ORIENTED_EDGE('',*,*,#3792,.T.);
#6245=ORIENTED_EDGE('',*,*,#3788,.T.);
#6246=ORIENTED_EDGE('',*,*,#3778,.T.);
#6247=ORIENTED_EDGE('',*,*,#3775,.T.);
#6248=ORIENTED_EDGE('',*,*,#3764,.T.);
#6249=ORIENTED_EDGE('',*,*,#3772,.T.);
#6250=ORIENTED_EDGE('',*,*,#3769,.T.);
#6251=ORIENTED_EDGE('',*,*,#3765,.T.);
#6252=ORIENTED_EDGE('',*,*,#3755,.T.);
#6253=ORIENTED_EDGE('',*,*,#3752,.T.);
#6254=ORIENTED_EDGE('',*,*,#3741,.T.);
#6255=ORIENTED_EDGE('',*,*,#3749,.T.);
#6256=ORIENTED_EDGE('',*,*,#3746,.T.);
#6257=ORIENTED_EDGE('',*,*,#3742,.T.);
#6258=ORIENTED_EDGE('',*,*,#3732,.T.);
#6259=ORIENTED_EDGE('',*,*,#3729,.T.);
#6260=ORIENTED_EDGE('',*,*,#3718,.T.);
#6261=ORIENTED_EDGE('',*,*,#3726,.T.);
#6262=ORIENTED_EDGE('',*,*,#3723,.T.);
#6263=ORIENTED_EDGE('',*,*,#3719,.T.);
#6264=ORIENTED_EDGE('',*,*,#3709,.T.);
#6265=ORIENTED_EDGE('',*,*,#3706,.T.);
#6266=ORIENTED_EDGE('',*,*,#3695,.T.);
#6267=ORIENTED_EDGE('',*,*,#3703,.T.);
#6268=ORIENTED_EDGE('',*,*,#3700,.T.);
#6269=ORIENTED_EDGE('',*,*,#3696,.T.);
#6270=ORIENTED_EDGE('',*,*,#3686,.T.);
#6271=ORIENTED_EDGE('',*,*,#3683,.T.);
#6272=ORIENTED_EDGE('',*,*,#3672,.T.);
#6273=ORIENTED_EDGE('',*,*,#3680,.T.);
#6274=ORIENTED_EDGE('',*,*,#3677,.T.);
#6275=ORIENTED_EDGE('',*,*,#3673,.T.);
#6276=ORIENTED_EDGE('',*,*,#3663,.T.);
#6277=ORIENTED_EDGE('',*,*,#3660,.T.);
#6278=ORIENTED_EDGE('',*,*,#3649,.T.);
#6279=ORIENTED_EDGE('',*,*,#3627,.T.);
#6280=ORIENTED_EDGE('',*,*,#3634,.T.);
#6281=ORIENTED_EDGE('',*,*,#3641,.T.);
#6282=ORIENTED_EDGE('',*,*,#3655,.T.);
#6283=ORIENTED_EDGE('',*,*,#3652,.T.);
#6284=ORIENTED_EDGE('',*,*,#3614,.T.);
#6285=ORIENTED_EDGE('',*,*,#3611,.T.);
#6286=ORIENTED_EDGE('',*,*,#3608,.T.);
#6287=ORIENTED_EDGE('',*,*,#3605,.T.);
#6288=ORIENTED_EDGE('',*,*,#3620,.T.);
#6289=ORIENTED_EDGE('',*,*,#3617,.T.);
#6290=ORIENTED_EDGE('',*,*,#3596,.T.);
#6291=ORIENTED_EDGE('',*,*,#3593,.T.);
#6292=ORIENTED_EDGE('',*,*,#3590,.T.);
#6293=ORIENTED_EDGE('',*,*,#3587,.T.);
#6294=ORIENTED_EDGE('',*,*,#3602,.T.);
#6295=ORIENTED_EDGE('',*,*,#3599,.T.);
#6296=ORIENTED_EDGE('',*,*,#3578,.T.);
#6297=ORIENTED_EDGE('',*,*,#3575,.T.);
#6298=ORIENTED_EDGE('',*,*,#3572,.T.);
#6299=ORIENTED_EDGE('',*,*,#3569,.T.);
#6300=ORIENTED_EDGE('',*,*,#3584,.T.);
#6301=ORIENTED_EDGE('',*,*,#3581,.T.);
#6302=ORIENTED_EDGE('',*,*,#3560,.T.);
#6303=ORIENTED_EDGE('',*,*,#3557,.T.);
#6304=ORIENTED_EDGE('',*,*,#3554,.T.);
#6305=ORIENTED_EDGE('',*,*,#3551,.T.);
#6306=ORIENTED_EDGE('',*,*,#3566,.T.);
#6307=ORIENTED_EDGE('',*,*,#3563,.T.);
#6308=ORIENTED_EDGE('',*,*,#4456,.T.);
#6309=ORIENTED_EDGE('',*,*,#4464,.F.);
#6310=ORIENTED_EDGE('',*,*,#4465,.F.);
#6311=ORIENTED_EDGE('',*,*,#4466,.T.);
#6312=ORIENTED_EDGE('',*,*,#4428,.T.);
#6313=ORIENTED_EDGE('',*,*,#4425,.T.);
#6314=ORIENTED_EDGE('',*,*,#4422,.T.);
#6315=ORIENTED_EDGE('',*,*,#4419,.T.);
#6316=ORIENTED_EDGE('',*,*,#4434,.T.);
#6317=ORIENTED_EDGE('',*,*,#4431,.T.);
#6318=ORIENTED_EDGE('',*,*,#4410,.T.);
#6319=ORIENTED_EDGE('',*,*,#4407,.T.);
#6320=ORIENTED_EDGE('',*,*,#4404,.T.);
#6321=ORIENTED_EDGE('',*,*,#4401,.T.);
#6322=ORIENTED_EDGE('',*,*,#4416,.T.);
#6323=ORIENTED_EDGE('',*,*,#4413,.T.);
#6324=ORIENTED_EDGE('',*,*,#4392,.T.);
#6325=ORIENTED_EDGE('',*,*,#4389,.T.);
#6326=ORIENTED_EDGE('',*,*,#4386,.T.);
#6327=ORIENTED_EDGE('',*,*,#4383,.T.);
#6328=ORIENTED_EDGE('',*,*,#4398,.T.);
#6329=ORIENTED_EDGE('',*,*,#4395,.T.);
#6330=ORIENTED_EDGE('',*,*,#4374,.T.);
#6331=ORIENTED_EDGE('',*,*,#4380,.T.);
#6332=ORIENTED_EDGE('',*,*,#4377,.T.);
#6333=ORIENTED_EDGE('',*,*,#4369,.T.);
#6334=ORIENTED_EDGE('',*,*,#4375,.T.);
#6335=ORIENTED_EDGE('',*,*,#4363,.T.);
#6336=ORIENTED_EDGE('',*,*,#4354,.T.);
#6337=ORIENTED_EDGE('',*,*,#4351,.T.);
#6338=ORIENTED_EDGE('',*,*,#4348,.T.);
#6339=ORIENTED_EDGE('',*,*,#4345,.T.);
#6340=ORIENTED_EDGE('',*,*,#4360,.T.);
#6341=ORIENTED_EDGE('',*,*,#4357,.T.);
#6342=ORIENTED_EDGE('',*,*,#4331,.T.);
#6343=ORIENTED_EDGE('',*,*,#4342,.T.);
#6344=ORIENTED_EDGE('',*,*,#4325,.T.);
#6345=ORIENTED_EDGE('',*,*,#4341,.T.);
#6346=ORIENTED_EDGE('',*,*,#4338,.T.);
#6347=ORIENTED_EDGE('',*,*,#4335,.T.);
#6348=ORIENTED_EDGE('',*,*,#4316,.T.);
#6349=ORIENTED_EDGE('',*,*,#4313,.T.);
#6350=ORIENTED_EDGE('',*,*,#4310,.T.);
#6351=ORIENTED_EDGE('',*,*,#4307,.T.);
#6352=ORIENTED_EDGE('',*,*,#4322,.T.);
#6353=ORIENTED_EDGE('',*,*,#4319,.T.);
#6354=ORIENTED_EDGE('',*,*,#4298,.T.);
#6355=ORIENTED_EDGE('',*,*,#4304,.T.);
#6356=ORIENTED_EDGE('',*,*,#4301,.T.);
#6357=ORIENTED_EDGE('',*,*,#4293,.T.);
#6358=ORIENTED_EDGE('',*,*,#4299,.T.);
#6359=ORIENTED_EDGE('',*,*,#4287,.T.);
#6360=ORIENTED_EDGE('',*,*,#4278,.T.);
#6361=ORIENTED_EDGE('',*,*,#4284,.T.);
#6362=ORIENTED_EDGE('',*,*,#4281,.T.);
#6363=ORIENTED_EDGE('',*,*,#4273,.T.);
#6364=ORIENTED_EDGE('',*,*,#4279,.T.);
#6365=ORIENTED_EDGE('',*,*,#4267,.T.);
#6366=ORIENTED_EDGE('',*,*,#4258,.T.);
#6367=ORIENTED_EDGE('',*,*,#4264,.T.);
#6368=ORIENTED_EDGE('',*,*,#4261,.T.);
#6369=ORIENTED_EDGE('',*,*,#4253,.T.);
#6370=ORIENTED_EDGE('',*,*,#4259,.T.);
#6371=ORIENTED_EDGE('',*,*,#4247,.T.);
#6372=ORIENTED_EDGE('',*,*,#4238,.T.);
#6373=ORIENTED_EDGE('',*,*,#4244,.T.);
#6374=ORIENTED_EDGE('',*,*,#4241,.T.);
#6375=ORIENTED_EDGE('',*,*,#4233,.T.);
#6376=ORIENTED_EDGE('',*,*,#4239,.T.);
#6377=ORIENTED_EDGE('',*,*,#4227,.T.);
#6378=ORIENTED_EDGE('',*,*,#4218,.T.);
#6379=ORIENTED_EDGE('',*,*,#4224,.T.);
#6380=ORIENTED_EDGE('',*,*,#4221,.T.);
#6381=ORIENTED_EDGE('',*,*,#4213,.T.);
#6382=ORIENTED_EDGE('',*,*,#4219,.T.);
#6383=ORIENTED_EDGE('',*,*,#4207,.T.);
#6384=ORIENTED_EDGE('',*,*,#4198,.T.);
#6385=ORIENTED_EDGE('',*,*,#4204,.T.);
#6386=ORIENTED_EDGE('',*,*,#4201,.T.);
#6387=ORIENTED_EDGE('',*,*,#4193,.T.);
#6388=ORIENTED_EDGE('',*,*,#4199,.T.);
#6389=ORIENTED_EDGE('',*,*,#4187,.T.);
#6390=ORIENTED_EDGE('',*,*,#4178,.T.);
#6391=ORIENTED_EDGE('',*,*,#4175,.T.);
#6392=ORIENTED_EDGE('',*,*,#4172,.T.);
#6393=ORIENTED_EDGE('',*,*,#4169,.T.);
#6394=ORIENTED_EDGE('',*,*,#4184,.T.);
#6395=ORIENTED_EDGE('',*,*,#4181,.T.);
#6396=ORIENTED_EDGE('',*,*,#4160,.T.);
#6397=ORIENTED_EDGE('',*,*,#4166,.T.);
#6398=ORIENTED_EDGE('',*,*,#4163,.T.);
#6399=ORIENTED_EDGE('',*,*,#4155,.T.);
#6400=ORIENTED_EDGE('',*,*,#4161,.T.);
#6401=ORIENTED_EDGE('',*,*,#4149,.T.);
#6402=ORIENTED_EDGE('',*,*,#4140,.T.);
#6403=ORIENTED_EDGE('',*,*,#4146,.T.);
#6404=ORIENTED_EDGE('',*,*,#4143,.T.);
#6405=ORIENTED_EDGE('',*,*,#4135,.T.);
#6406=ORIENTED_EDGE('',*,*,#4141,.T.);
#6407=ORIENTED_EDGE('',*,*,#4129,.T.);
#6408=ORIENTED_EDGE('',*,*,#4120,.T.);
#6409=ORIENTED_EDGE('',*,*,#4117,.T.);
#6410=ORIENTED_EDGE('',*,*,#4114,.T.);
#6411=ORIENTED_EDGE('',*,*,#4111,.T.);
#6412=ORIENTED_EDGE('',*,*,#4126,.T.);
#6413=ORIENTED_EDGE('',*,*,#4123,.T.);
#6414=ORIENTED_EDGE('',*,*,#4102,.T.);
#6415=ORIENTED_EDGE('',*,*,#4099,.T.);
#6416=ORIENTED_EDGE('',*,*,#4096,.T.);
#6417=ORIENTED_EDGE('',*,*,#4093,.T.);
#6418=ORIENTED_EDGE('',*,*,#4108,.T.);
#6419=ORIENTED_EDGE('',*,*,#4105,.T.);
#6420=ORIENTED_EDGE('',*,*,#4084,.T.);
#6421=ORIENTED_EDGE('',*,*,#4081,.T.);
#6422=ORIENTED_EDGE('',*,*,#4078,.T.);
#6423=ORIENTED_EDGE('',*,*,#4075,.T.);
#6424=ORIENTED_EDGE('',*,*,#4090,.T.);
#6425=ORIENTED_EDGE('',*,*,#4087,.T.);
#6426=ORIENTED_EDGE('',*,*,#4066,.T.);
#6427=ORIENTED_EDGE('',*,*,#4063,.T.);
#6428=ORIENTED_EDGE('',*,*,#4060,.T.);
#6429=ORIENTED_EDGE('',*,*,#4057,.T.);
#6430=ORIENTED_EDGE('',*,*,#4072,.T.);
#6431=ORIENTED_EDGE('',*,*,#4069,.T.);
#6432=ORIENTED_EDGE('',*,*,#4467,.F.);
#6433=ORIENTED_EDGE('',*,*,#4468,.F.);
#6434=ORIENTED_EDGE('',*,*,#3534,.F.);
#6435=ORIENTED_EDGE('',*,*,#3500,.F.);
#6436=ORIENTED_EDGE('',*,*,#4469,.F.);
#6437=ORIENTED_EDGE('',*,*,#4470,.F.);
#6438=ORIENTED_EDGE('',*,*,#3535,.F.);
#6439=ORIENTED_EDGE('',*,*,#4468,.T.);
#6440=ORIENTED_EDGE('',*,*,#4471,.F.);
#6441=ORIENTED_EDGE('',*,*,#4458,.F.);
#6442=ORIENTED_EDGE('',*,*,#3536,.F.);
#6443=ORIENTED_EDGE('',*,*,#4470,.T.);
#6444=ORIENTED_EDGE('',*,*,#4472,.T.);
#6445=ORIENTED_EDGE('',*,*,#4473,.T.);
#6446=ORIENTED_EDGE('',*,*,#3546,.T.);
#6447=ORIENTED_EDGE('',*,*,#4461,.T.);
#6448=ORIENTED_EDGE('',*,*,#4463,.T.);
#6449=ORIENTED_EDGE('',*,*,#4453,.F.);
#6450=ORIENTED_EDGE('',*,*,#4442,.T.);
#6451=ORIENTED_EDGE('',*,*,#4446,.T.);
#6452=ORIENTED_EDGE('',*,*,#3509,.T.);
#6453=ORIENTED_EDGE('',*,*,#4474,.T.);
#6454=ORIENTED_EDGE('',*,*,#4475,.F.);
#6455=ORIENTED_EDGE('',*,*,#4476,.T.);
#6456=ORIENTED_EDGE('',*,*,#4465,.T.);
#6457=ORIENTED_EDGE('',*,*,#4477,.T.);
#6458=ORIENTED_EDGE('',*,*,#3545,.T.);
#6459=ORIENTED_EDGE('',*,*,#4478,.F.);
#6460=ORIENTED_EDGE('',*,*,#4479,.T.);
#6461=ORIENTED_EDGE('',*,*,#3528,.T.);
#6462=ORIENTED_EDGE('',*,*,#4480,.T.);
#6463=ORIENTED_EDGE('',*,*,#4481,.T.);
#6464=ORIENTED_EDGE('',*,*,#4031,.T.);
#6465=ORIENTED_EDGE('',*,*,#4482,.T.);
#6466=ORIENTED_EDGE('',*,*,#4475,.T.);
#6467=ORIENTED_EDGE('',*,*,#4483,.T.);
#6468=ORIENTED_EDGE('',*,*,#4482,.F.);
#6469=ORIENTED_EDGE('',*,*,#4030,.F.);
#6470=ORIENTED_EDGE('',*,*,#4436,.F.);
#6471=ORIENTED_EDGE('',*,*,#4457,.F.);
#6472=ORIENTED_EDGE('',*,*,#4466,.F.);
#6473=ORIENTED_EDGE('',*,*,#4476,.F.);
#6474=ORIENTED_EDGE('',*,*,#3508,.T.);
#6475=ORIENTED_EDGE('',*,*,#4032,.F.);
#6476=ORIENTED_EDGE('',*,*,#4483,.F.);
#6477=ORIENTED_EDGE('',*,*,#4474,.F.);
#6478=ORIENTED_EDGE('',*,*,#3487,.F.);
#6479=ORIENTED_EDGE('',*,*,#4484,.F.);
#6480=ORIENTED_EDGE('',*,*,#4485,.F.);
#6481=ORIENTED_EDGE('',*,*,#3505,.T.);
#6482=ORIENTED_EDGE('',*,*,#4484,.T.);
#6483=ORIENTED_EDGE('',*,*,#3486,.F.);
#6484=ORIENTED_EDGE('',*,*,#3488,.F.);
#6485=ORIENTED_EDGE('',*,*,#4052,.F.);
#6486=ORIENTED_EDGE('',*,*,#4486,.F.);
#6487=ORIENTED_EDGE('',*,*,#3506,.T.);
#6488=ORIENTED_EDGE('',*,*,#4485,.T.);
#6489=ORIENTED_EDGE('',*,*,#4486,.T.);
#6490=ORIENTED_EDGE('',*,*,#4051,.F.);
#6491=ORIENTED_EDGE('',*,*,#4033,.T.);
#6492=ORIENTED_EDGE('',*,*,#4487,.F.);
#6493=ORIENTED_EDGE('',*,*,#4488,.T.);
#6494=ORIENTED_EDGE('',*,*,#4489,.F.);
#6495=ORIENTED_EDGE('',*,*,#3541,.T.);
#6496=ORIENTED_EDGE('',*,*,#4490,.F.);
#6497=ORIENTED_EDGE('',*,*,#4488,.F.);
#6498=ORIENTED_EDGE('',*,*,#3540,.F.);
#6499=ORIENTED_EDGE('',*,*,#3523,.F.);
#6500=ORIENTED_EDGE('',*,*,#3542,.T.);
#6501=ORIENTED_EDGE('',*,*,#4489,.T.);
#6502=ORIENTED_EDGE('',*,*,#4490,.T.);
#6503=ORIENTED_EDGE('',*,*,#4479,.F.);
#6504=ORIENTED_EDGE('',*,*,#4491,.F.);
#6505=ORIENTED_EDGE('',*,*,#3987,.F.);
#6506=ORIENTED_EDGE('',*,*,#3516,.F.);
#6507=ORIENTED_EDGE('',*,*,#3515,.T.);
#6508=ORIENTED_EDGE('',*,*,#3529,.T.);
#6509=ORIENTED_EDGE('',*,*,#4478,.T.);
#6510=ORIENTED_EDGE('',*,*,#3544,.F.);
#6511=ORIENTED_EDGE('',*,*,#3988,.F.);
#6512=ORIENTED_EDGE('',*,*,#4491,.T.);
#6513=ORIENTED_EDGE('',*,*,#4048,.F.);
#6514=ORIENTED_EDGE('',*,*,#4054,.F.);
#6515=ORIENTED_EDGE('',*,*,#4462,.F.);
#6516=ORIENTED_EDGE('',*,*,#4492,.F.);
#6517=ORIENTED_EDGE('',*,*,#4493,.T.);
#6518=ORIENTED_EDGE('',*,*,#4494,.T.);
#6519=ORIENTED_EDGE('',*,*,#4493,.F.);
#6520=ORIENTED_EDGE('',*,*,#4495,.F.);
#6521=ORIENTED_EDGE('',*,*,#4481,.F.);
#6522=ORIENTED_EDGE('',*,*,#4496,.T.);
#6523=ORIENTED_EDGE('',*,*,#4495,.T.);
#6524=ORIENTED_EDGE('',*,*,#4492,.T.);
#6525=ORIENTED_EDGE('',*,*,#4496,.F.);
#6526=ORIENTED_EDGE('',*,*,#4497,.F.);
#6527=ORIENTED_EDGE('',*,*,#4498,.T.);
#6528=ORIENTED_EDGE('',*,*,#4499,.T.);
#6529=ORIENTED_EDGE('',*,*,#4498,.F.);
#6530=ORIENTED_EDGE('',*,*,#4500,.F.);
#6531=ORIENTED_EDGE('',*,*,#4480,.F.);
#6532=ORIENTED_EDGE('',*,*,#4501,.T.);
#6533=ORIENTED_EDGE('',*,*,#4500,.T.);
#6534=ORIENTED_EDGE('',*,*,#4497,.T.);
#6535=ORIENTED_EDGE('',*,*,#4501,.F.);
#6536=ORIENTED_EDGE('',*,*,#3504,.T.);
#6537=ORIENTED_EDGE('',*,*,#4502,.T.);
#6538=ORIENTED_EDGE('',*,*,#4451,.T.);
#6539=ORIENTED_EDGE('',*,*,#4452,.T.);
#6540=ORIENTED_EDGE('',*,*,#4502,.F.);
#6541=ORIENTED_EDGE('',*,*,#4503,.T.);
#6542=ORIENTED_EDGE('',*,*,#4504,.T.);
#6543=ORIENTED_EDGE('',*,*,#4494,.F.);
#6544=ORIENTED_EDGE('',*,*,#4504,.F.);
#6545=ORIENTED_EDGE('',*,*,#4505,.T.);
#6546=ORIENTED_EDGE('',*,*,#4506,.T.);
#6547=ORIENTED_EDGE('',*,*,#4499,.F.);
#6548=ORIENTED_EDGE('',*,*,#4506,.F.);
#6549=ORIENTED_EDGE('',*,*,#3982,.T.);
#6550=ORIENTED_EDGE('',*,*,#4503,.F.);
#6551=ORIENTED_EDGE('',*,*,#4487,.T.);
#6552=ORIENTED_EDGE('',*,*,#4505,.F.);
#6553=ORIENTED_EDGE('',*,*,#4473,.F.);
#6554=ORIENTED_EDGE('',*,*,#4507,.T.);
#6555=ORIENTED_EDGE('',*,*,#3498,.T.);
#6556=ORIENTED_EDGE('',*,*,#3547,.T.);
#6557=ORIENTED_EDGE('',*,*,#4455,.T.);
#6558=ORIENTED_EDGE('',*,*,#4508,.T.);
#6559=ORIENTED_EDGE('',*,*,#4477,.F.);
#6560=ORIENTED_EDGE('',*,*,#4464,.T.);
#6561=ORIENTED_EDGE('',*,*,#4472,.F.);
#6562=ORIENTED_EDGE('',*,*,#4508,.F.);
#6563=ORIENTED_EDGE('',*,*,#4459,.T.);
#6564=ORIENTED_EDGE('',*,*,#4471,.T.);
#6565=ORIENTED_EDGE('',*,*,#4469,.T.);
#6566=ORIENTED_EDGE('',*,*,#4467,.T.);
#6567=ORIENTED_EDGE('',*,*,#3499,.T.);
#6568=ORIENTED_EDGE('',*,*,#4507,.F.);
#6569=PLANE('',#7206);
#6570=PLANE('',#7207);
#6571=PLANE('',#7212);
#6572=PLANE('',#7219);
#6573=PLANE('',#7222);
#6574=PLANE('',#7224);
#6575=PLANE('',#7228);
#6576=PLANE('',#7229);
#6577=PLANE('',#7230);
#6578=PLANE('',#7231);
#6579=PLANE('',#7232);
#6580=PLANE('',#7233);
#6581=PLANE('',#7234);
#6582=PLANE('',#7235);
#6583=PLANE('',#7236);
#6584=PLANE('',#7237);
#6585=PLANE('',#7238);
#6586=PLANE('',#7239);
#6587=PLANE('',#7240);
#6588=PLANE('',#7241);
#6589=PLANE('',#7242);
#6590=PLANE('',#7243);
#6591=PLANE('',#7244);
#6592=PLANE('',#7245);
#6593=PLANE('',#7246);
#6594=PLANE('',#7247);
#6595=PLANE('',#7248);
#6596=PLANE('',#7249);
#6597=PLANE('',#7250);
#6598=PLANE('',#7251);
#6599=PLANE('',#7252);
#6600=PLANE('',#7253);
#6601=PLANE('',#7254);
#6602=PLANE('',#7255);
#6603=PLANE('',#7256);
#6604=PLANE('',#7258);
#6605=PLANE('',#7259);
#6606=PLANE('',#7261);
#6607=PLANE('',#7262);
#6608=PLANE('',#7265);
#6609=PLANE('',#7266);
#6610=PLANE('',#7268);
#6611=PLANE('',#7270);
#6612=PLANE('',#7271);
#6613=PLANE('',#7272);
#6614=PLANE('',#7273);
#6615=PLANE('',#7274);
#6616=PLANE('',#7275);
#6617=PLANE('',#7276);
#6618=PLANE('',#7277);
#6619=PLANE('',#7278);
#6620=PLANE('',#7279);
#6621=PLANE('',#7280);
#6622=PLANE('',#7281);
#6623=PLANE('',#7282);
#6624=PLANE('',#7283);
#6625=PLANE('',#7284);
#6626=PLANE('',#7285);
#6627=PLANE('',#7286);
#6628=PLANE('',#7287);
#6629=PLANE('',#7288);
#6630=PLANE('',#7289);
#6631=PLANE('',#7290);
#6632=PLANE('',#7291);
#6633=PLANE('',#7292);
#6634=PLANE('',#7293);
#6635=PLANE('',#7294);
#6636=PLANE('',#7295);
#6637=PLANE('',#7296);
#6638=PLANE('',#7297);
#6639=PLANE('',#7298);
#6640=PLANE('',#7299);
#6641=PLANE('',#7300);
#6642=PLANE('',#7301);
#6643=PLANE('',#7302);
#6644=PLANE('',#7303);
#6645=PLANE('',#7304);
#6646=PLANE('',#7305);
#6647=PLANE('',#7306);
#6648=PLANE('',#7307);
#6649=PLANE('',#7308);
#6650=PLANE('',#7309);
#6651=PLANE('',#7310);
#6652=PLANE('',#7311);
#6653=PLANE('',#7312);
#6654=PLANE('',#7313);
#6655=PLANE('',#7314);
#6656=PLANE('',#7315);
#6657=PLANE('',#7316);
#6658=PLANE('',#7317);
#6659=PLANE('',#7318);
#6660=PLANE('',#7319);
#6661=PLANE('',#7320);
#6662=PLANE('',#7321);
#6663=PLANE('',#7322);
#6664=PLANE('',#7323);
#6665=PLANE('',#7324);
#6666=PLANE('',#7325);
#6667=PLANE('',#7326);
#6668=PLANE('',#7327);
#6669=PLANE('',#7328);
#6670=PLANE('',#7329);
#6671=PLANE('',#7330);
#6672=PLANE('',#7331);
#6673=PLANE('',#7332);
#6674=PLANE('',#7333);
#6675=PLANE('',#7334);
#6676=PLANE('',#7335);
#6677=PLANE('',#7336);
#6678=PLANE('',#7337);
#6679=PLANE('',#7338);
#6680=PLANE('',#7341);
#6681=PLANE('',#7342);
#6682=PLANE('',#7343);
#6683=PLANE('',#7344);
#6684=PLANE('',#7345);
#6685=PLANE('',#7346);
#6686=PLANE('',#7347);
#6687=PLANE('',#7348);
#6688=PLANE('',#7349);
#6689=PLANE('',#7350);
#6690=PLANE('',#7351);
#6691=PLANE('',#7352);
#6692=PLANE('',#7353);
#6693=PLANE('',#7354);
#6694=PLANE('',#7355);
#6695=PLANE('',#7356);
#6696=PLANE('',#7357);
#6697=PLANE('',#7358);
#6698=PLANE('',#7359);
#6699=PLANE('',#7360);
#6700=PLANE('',#7361);
#6701=PLANE('',#7362);
#6702=PLANE('',#7363);
#6703=PLANE('',#7364);
#6704=PLANE('',#7365);
#6705=PLANE('',#7366);
#6706=PLANE('',#7367);
#6707=PLANE('',#7368);
#6708=PLANE('',#7369);
#6709=PLANE('',#7370);
#6710=PLANE('',#7371);
#6711=PLANE('',#7372);
#6712=PLANE('',#7373);
#6713=PLANE('',#7374);
#6714=PLANE('',#7375);
#6715=PLANE('',#7376);
#6716=PLANE('',#7383);
#6717=PLANE('',#7390);
#6718=PLANE('',#7391);
#6719=PLANE('',#7392);
#6720=PLANE('',#7393);
#6721=PLANE('',#7394);
#6722=PLANE('',#7395);
#6723=PLANE('',#7396);
#6724=PLANE('',#7397);
#6725=PLANE('',#7398);
#6726=PLANE('',#7399);
#6727=PLANE('',#7400);
#6728=PLANE('',#7401);
#6729=PLANE('',#7402);
#6730=PLANE('',#7403);
#6731=PLANE('',#7404);
#6732=PLANE('',#7405);
#6733=PLANE('',#7406);
#6734=PLANE('',#7407);
#6735=PLANE('',#7408);
#6736=PLANE('',#7409);
#6737=PLANE('',#7410);
#6738=PLANE('',#7411);
#6739=PLANE('',#7412);
#6740=PLANE('',#7413);
#6741=PLANE('',#7414);
#6742=PLANE('',#7415);
#6743=PLANE('',#7416);
#6744=PLANE('',#7417);
#6745=PLANE('',#7418);
#6746=PLANE('',#7419);
#6747=PLANE('',#7420);
#6748=PLANE('',#7421);
#6749=PLANE('',#7422);
#6750=PLANE('',#7423);
#6751=PLANE('',#7424);
#6752=PLANE('',#7425);
#6753=PLANE('',#7426);
#6754=PLANE('',#7427);
#6755=PLANE('',#7428);
#6756=PLANE('',#7429);
#6757=PLANE('',#7430);
#6758=PLANE('',#7431);
#6759=PLANE('',#7432);
#6760=PLANE('',#7433);
#6761=PLANE('',#7434);
#6762=PLANE('',#7435);
#6763=PLANE('',#7436);
#6764=PLANE('',#7437);
#6765=PLANE('',#7438);
#6766=PLANE('',#7439);
#6767=PLANE('',#7440);
#6768=PLANE('',#7441);
#6769=PLANE('',#7442);
#6770=PLANE('',#7443);
#6771=PLANE('',#7444);
#6772=PLANE('',#7445);
#6773=PLANE('',#7446);
#6774=PLANE('',#7447);
#6775=PLANE('',#7448);
#6776=PLANE('',#7449);
#6777=PLANE('',#7450);
#6778=PLANE('',#7451);
#6779=PLANE('',#7452);
#6780=PLANE('',#7453);
#6781=PLANE('',#7454);
#6782=PLANE('',#7455);
#6783=PLANE('',#7456);
#6784=PLANE('',#7457);
#6785=PLANE('',#7458);
#6786=PLANE('',#7459);
#6787=PLANE('',#7460);
#6788=PLANE('',#7461);
#6789=PLANE('',#7462);
#6790=PLANE('',#7463);
#6791=PLANE('',#7464);
#6792=PLANE('',#7465);
#6793=PLANE('',#7466);
#6794=PLANE('',#7467);
#6795=PLANE('',#7468);
#6796=PLANE('',#7469);
#6797=PLANE('',#7470);
#6798=PLANE('',#7471);
#6799=PLANE('',#7472);
#6800=PLANE('',#7473);
#6801=PLANE('',#7474);
#6802=PLANE('',#7475);
#6803=PLANE('',#7476);
#6804=PLANE('',#7477);
#6805=PLANE('',#7478);
#6806=PLANE('',#7479);
#6807=PLANE('',#7480);
#6808=PLANE('',#7481);
#6809=PLANE('',#7482);
#6810=PLANE('',#7483);
#6811=PLANE('',#7484);
#6812=PLANE('',#7485);
#6813=PLANE('',#7486);
#6814=PLANE('',#7487);
#6815=PLANE('',#7488);
#6816=PLANE('',#7489);
#6817=PLANE('',#7490);
#6818=PLANE('',#7491);
#6819=PLANE('',#7492);
#6820=PLANE('',#7493);
#6821=PLANE('',#7494);
#6822=PLANE('',#7495);
#6823=PLANE('',#7496);
#6824=PLANE('',#7497);
#6825=PLANE('',#7498);
#6826=PLANE('',#7499);
#6827=PLANE('',#7500);
#6828=PLANE('',#7501);
#6829=PLANE('',#7502);
#6830=PLANE('',#7503);
#6831=PLANE('',#7504);
#6832=PLANE('',#7505);
#6833=PLANE('',#7506);
#6834=PLANE('',#7507);
#6835=PLANE('',#7508);
#6836=PLANE('',#7509);
#6837=PLANE('',#7510);
#6838=PLANE('',#7511);
#6839=PLANE('',#7512);
#6840=PLANE('',#7513);
#6841=PLANE('',#7514);
#6842=PLANE('',#7515);
#6843=PLANE('',#7516);
#6844=PLANE('',#7517);
#6845=PLANE('',#7518);
#6846=PLANE('',#7519);
#6847=PLANE('',#7520);
#6848=PLANE('',#7521);
#6849=PLANE('',#7526);
#6850=PLANE('',#7532);
#6851=PLANE('',#7538);
#6852=PLANE('',#7542);
#6853=PLANE('',#7543);
#6854=PLANE('',#7544);
#6855=PLANE('',#7545);
#6856=PLANE('',#7546);
#6857=PLANE('',#7547);
#6858=PLANE('',#7548);
#6859=PLANE('',#7555);
#6860=PLANE('',#7556);
#6861=PLANE('',#7559);
#6862=PLANE('',#7567);
#6863=PLANE('',#7568);
#6864=PLANE('',#7569);
#6865=PLANE('',#7585);
#6866=PLANE('',#7586);
#6867=PLANE('',#7589);
#6868=ADVANCED_FACE('',(#169),#6569,.T.);
#6869=ADVANCED_FACE('',(#170),#6570,.T.);
#6870=ADVANCED_FACE('',(#171),#163,.T.);
#6871=ADVANCED_FACE('',(#172,#38),#6571,.F.);
#6872=ADVANCED_FACE('',(#173),#6572,.F.);
#6873=ADVANCED_FACE('',(#174),#6573,.F.);
#6874=ADVANCED_FACE('',(#175),#6574,.F.);
#6875=ADVANCED_FACE('',(#176),#164,.F.);
#6876=ADVANCED_FACE('',(#177),#6575,.F.);
#6877=ADVANCED_FACE('',(#178),#6576,.T.);
#6878=ADVANCED_FACE('',(#179),#6577,.F.);
#6879=ADVANCED_FACE('',(#180),#6578,.T.);
#6880=ADVANCED_FACE('',(#181),#6579,.F.);
#6881=ADVANCED_FACE('',(#182),#6580,.F.);
#6882=ADVANCED_FACE('',(#183),#6581,.F.);
#6883=ADVANCED_FACE('',(#184),#6582,.F.);
#6884=ADVANCED_FACE('',(#185),#6583,.F.);
#6885=ADVANCED_FACE('',(#186),#6584,.F.);
#6886=ADVANCED_FACE('',(#187),#6585,.F.);
#6887=ADVANCED_FACE('',(#188),#6586,.F.);
#6888=ADVANCED_FACE('',(#189),#6587,.F.);
#6889=ADVANCED_FACE('',(#190),#6588,.F.);
#6890=ADVANCED_FACE('',(#191),#6589,.F.);
#6891=ADVANCED_FACE('',(#192),#6590,.F.);
#6892=ADVANCED_FACE('',(#193),#6591,.F.);
#6893=ADVANCED_FACE('',(#194),#6592,.F.);
#6894=ADVANCED_FACE('',(#195),#6593,.F.);
#6895=ADVANCED_FACE('',(#196),#6594,.F.);
#6896=ADVANCED_FACE('',(#197),#6595,.F.);
#6897=ADVANCED_FACE('',(#198),#6596,.F.);
#6898=ADVANCED_FACE('',(#199),#6597,.F.);
#6899=ADVANCED_FACE('',(#200),#6598,.F.);
#6900=ADVANCED_FACE('',(#201),#6599,.F.);
#6901=ADVANCED_FACE('',(#202),#6600,.F.);
#6902=ADVANCED_FACE('',(#203),#6601,.F.);
#6903=ADVANCED_FACE('',(#204),#6602,.F.);
#6904=ADVANCED_FACE('',(#205),#6603,.F.);
#6905=ADVANCED_FACE('',(#206),#6604,.F.);
#6906=ADVANCED_FACE('',(#207),#6605,.F.);
#6907=ADVANCED_FACE('',(#208),#6606,.F.);
#6908=ADVANCED_FACE('',(#209),#6607,.F.);
#6909=ADVANCED_FACE('',(#210),#6608,.F.);
#6910=ADVANCED_FACE('',(#211),#6609,.F.);
#6911=ADVANCED_FACE('',(#212),#6610,.F.);
#6912=ADVANCED_FACE('',(#213),#6611,.F.);
#6913=ADVANCED_FACE('',(#214),#6612,.F.);
#6914=ADVANCED_FACE('',(#215),#6613,.F.);
#6915=ADVANCED_FACE('',(#216),#6614,.F.);
#6916=ADVANCED_FACE('',(#217),#6615,.F.);
#6917=ADVANCED_FACE('',(#218),#6616,.F.);
#6918=ADVANCED_FACE('',(#219),#6617,.F.);
#6919=ADVANCED_FACE('',(#220),#6618,.F.);
#6920=ADVANCED_FACE('',(#221),#6619,.F.);
#6921=ADVANCED_FACE('',(#222),#6620,.F.);
#6922=ADVANCED_FACE('',(#223),#6621,.F.);
#6923=ADVANCED_FACE('',(#224),#6622,.F.);
#6924=ADVANCED_FACE('',(#225),#6623,.F.);
#6925=ADVANCED_FACE('',(#226),#6624,.F.);
#6926=ADVANCED_FACE('',(#227),#6625,.F.);
#6927=ADVANCED_FACE('',(#228),#6626,.F.);
#6928=ADVANCED_FACE('',(#229),#6627,.F.);
#6929=ADVANCED_FACE('',(#230),#6628,.F.);
#6930=ADVANCED_FACE('',(#231),#6629,.F.);
#6931=ADVANCED_FACE('',(#232),#6630,.F.);
#6932=ADVANCED_FACE('',(#233),#6631,.F.);
#6933=ADVANCED_FACE('',(#234),#6632,.F.);
#6934=ADVANCED_FACE('',(#235),#6633,.F.);
#6935=ADVANCED_FACE('',(#236),#6634,.F.);
#6936=ADVANCED_FACE('',(#237),#6635,.F.);
#6937=ADVANCED_FACE('',(#238),#6636,.F.);
#6938=ADVANCED_FACE('',(#239),#6637,.F.);
#6939=ADVANCED_FACE('',(#240),#6638,.F.);
#6940=ADVANCED_FACE('',(#241),#6639,.F.);
#6941=ADVANCED_FACE('',(#242),#6640,.F.);
#6942=ADVANCED_FACE('',(#243),#6641,.F.);
#6943=ADVANCED_FACE('',(#244),#6642,.F.);
#6944=ADVANCED_FACE('',(#245),#6643,.F.);
#6945=ADVANCED_FACE('',(#246),#6644,.F.);
#6946=ADVANCED_FACE('',(#247),#6645,.F.);
#6947=ADVANCED_FACE('',(#248),#6646,.F.);
#6948=ADVANCED_FACE('',(#249),#6647,.F.);
#6949=ADVANCED_FACE('',(#250),#6648,.F.);
#6950=ADVANCED_FACE('',(#251),#6649,.F.);
#6951=ADVANCED_FACE('',(#252),#6650,.F.);
#6952=ADVANCED_FACE('',(#253),#6651,.F.);
#6953=ADVANCED_FACE('',(#254),#6652,.F.);
#6954=ADVANCED_FACE('',(#255),#6653,.F.);
#6955=ADVANCED_FACE('',(#256),#6654,.F.);
#6956=ADVANCED_FACE('',(#257),#6655,.F.);
#6957=ADVANCED_FACE('',(#258),#6656,.F.);
#6958=ADVANCED_FACE('',(#259),#6657,.F.);
#6959=ADVANCED_FACE('',(#260),#6658,.F.);
#6960=ADVANCED_FACE('',(#261),#6659,.F.);
#6961=ADVANCED_FACE('',(#262),#6660,.F.);
#6962=ADVANCED_FACE('',(#263),#6661,.F.);
#6963=ADVANCED_FACE('',(#264),#6662,.F.);
#6964=ADVANCED_FACE('',(#265),#6663,.F.);
#6965=ADVANCED_FACE('',(#266),#6664,.F.);
#6966=ADVANCED_FACE('',(#267),#6665,.F.);
#6967=ADVANCED_FACE('',(#268),#6666,.F.);
#6968=ADVANCED_FACE('',(#269),#6667,.F.);
#6969=ADVANCED_FACE('',(#270),#6668,.F.);
#6970=ADVANCED_FACE('',(#271),#6669,.F.);
#6971=ADVANCED_FACE('',(#272),#6670,.F.);
#6972=ADVANCED_FACE('',(#273),#6671,.F.);
#6973=ADVANCED_FACE('',(#274),#6672,.F.);
#6974=ADVANCED_FACE('',(#275),#6673,.F.);
#6975=ADVANCED_FACE('',(#276),#6674,.F.);
#6976=ADVANCED_FACE('',(#277),#6675,.F.);
#6977=ADVANCED_FACE('',(#278),#6676,.F.);
#6978=ADVANCED_FACE('',(#279),#6677,.F.);
#6979=ADVANCED_FACE('',(#280),#6678,.F.);
#6980=ADVANCED_FACE('',(#281),#6679,.F.);
#6981=ADVANCED_FACE('',(#282),#6680,.F.);
#6982=ADVANCED_FACE('',(#283),#6681,.F.);
#6983=ADVANCED_FACE('',(#284),#6682,.F.);
#6984=ADVANCED_FACE('',(#285),#6683,.F.);
#6985=ADVANCED_FACE('',(#286),#6684,.F.);
#6986=ADVANCED_FACE('',(#287),#6685,.F.);
#6987=ADVANCED_FACE('',(#288),#6686,.F.);
#6988=ADVANCED_FACE('',(#289),#6687,.F.);
#6989=ADVANCED_FACE('',(#290),#6688,.F.);
#6990=ADVANCED_FACE('',(#291),#6689,.F.);
#6991=ADVANCED_FACE('',(#292),#6690,.F.);
#6992=ADVANCED_FACE('',(#293),#6691,.F.);
#6993=ADVANCED_FACE('',(#294),#6692,.F.);
#6994=ADVANCED_FACE('',(#295),#6693,.F.);
#6995=ADVANCED_FACE('',(#296),#6694,.F.);
#6996=ADVANCED_FACE('',(#297),#6695,.F.);
#6997=ADVANCED_FACE('',(#298),#6696,.F.);
#6998=ADVANCED_FACE('',(#299),#6697,.F.);
#6999=ADVANCED_FACE('',(#300),#6698,.F.);
#7000=ADVANCED_FACE('',(#301),#6699,.F.);
#7001=ADVANCED_FACE('',(#302),#6700,.F.);
#7002=ADVANCED_FACE('',(#303),#6701,.F.);
#7003=ADVANCED_FACE('',(#304),#6702,.F.);
#7004=ADVANCED_FACE('',(#305),#6703,.F.);
#7005=ADVANCED_FACE('',(#306),#6704,.F.);
#7006=ADVANCED_FACE('',(#307),#6705,.F.);
#7007=ADVANCED_FACE('',(#308),#6706,.F.);
#7008=ADVANCED_FACE('',(#309),#6707,.F.);
#7009=ADVANCED_FACE('',(#310),#6708,.F.);
#7010=ADVANCED_FACE('',(#311),#6709,.F.);
#7011=ADVANCED_FACE('',(#312),#6710,.F.);
#7012=ADVANCED_FACE('',(#313),#6711,.F.);
#7013=ADVANCED_FACE('',(#314),#6712,.F.);
#7014=ADVANCED_FACE('',(#315),#6713,.F.);
#7015=ADVANCED_FACE('',(#316),#6714,.F.);
#7016=ADVANCED_FACE('',(#317),#6715,.F.);
#7017=ADVANCED_FACE('',(#318),#165,.F.);
#7018=ADVANCED_FACE('',(#319),#18,.T.);
#7019=ADVANCED_FACE('',(#320),#6716,.T.);
#7020=ADVANCED_FACE('',(#321),#166,.F.);
#7021=ADVANCED_FACE('',(#322,#39,#40,#41,#42,#43,#44,#45,#46,#47,#48),#6717,
 .T.);
#7022=ADVANCED_FACE('',(#323),#6718,.F.);
#7023=ADVANCED_FACE('',(#324),#6719,.F.);
#7024=ADVANCED_FACE('',(#325),#6720,.F.);
#7025=ADVANCED_FACE('',(#326),#6721,.F.);
#7026=ADVANCED_FACE('',(#327),#6722,.F.);
#7027=ADVANCED_FACE('',(#328),#6723,.F.);
#7028=ADVANCED_FACE('',(#329),#6724,.F.);
#7029=ADVANCED_FACE('',(#330),#6725,.F.);
#7030=ADVANCED_FACE('',(#331),#6726,.F.);
#7031=ADVANCED_FACE('',(#332),#6727,.F.);
#7032=ADVANCED_FACE('',(#333),#6728,.F.);
#7033=ADVANCED_FACE('',(#334),#6729,.F.);
#7034=ADVANCED_FACE('',(#335),#6730,.F.);
#7035=ADVANCED_FACE('',(#336),#6731,.F.);
#7036=ADVANCED_FACE('',(#337),#6732,.F.);
#7037=ADVANCED_FACE('',(#338),#6733,.F.);
#7038=ADVANCED_FACE('',(#339),#6734,.F.);
#7039=ADVANCED_FACE('',(#340),#6735,.F.);
#7040=ADVANCED_FACE('',(#341),#6736,.F.);
#7041=ADVANCED_FACE('',(#342),#6737,.F.);
#7042=ADVANCED_FACE('',(#343),#6738,.F.);
#7043=ADVANCED_FACE('',(#344),#6739,.F.);
#7044=ADVANCED_FACE('',(#345),#6740,.F.);
#7045=ADVANCED_FACE('',(#346),#6741,.F.);
#7046=ADVANCED_FACE('',(#347),#6742,.F.);
#7047=ADVANCED_FACE('',(#348),#6743,.F.);
#7048=ADVANCED_FACE('',(#349),#6744,.F.);
#7049=ADVANCED_FACE('',(#350),#6745,.F.);
#7050=ADVANCED_FACE('',(#351),#6746,.F.);
#7051=ADVANCED_FACE('',(#352),#6747,.F.);
#7052=ADVANCED_FACE('',(#353),#6748,.F.);
#7053=ADVANCED_FACE('',(#354),#6749,.F.);
#7054=ADVANCED_FACE('',(#355),#6750,.F.);
#7055=ADVANCED_FACE('',(#356),#6751,.F.);
#7056=ADVANCED_FACE('',(#357),#6752,.F.);
#7057=ADVANCED_FACE('',(#358),#6753,.F.);
#7058=ADVANCED_FACE('',(#359),#6754,.F.);
#7059=ADVANCED_FACE('',(#360),#6755,.F.);
#7060=ADVANCED_FACE('',(#361),#6756,.F.);
#7061=ADVANCED_FACE('',(#362),#6757,.F.);
#7062=ADVANCED_FACE('',(#363),#6758,.F.);
#7063=ADVANCED_FACE('',(#364),#6759,.F.);
#7064=ADVANCED_FACE('',(#365),#6760,.F.);
#7065=ADVANCED_FACE('',(#366),#6761,.F.);
#7066=ADVANCED_FACE('',(#367),#6762,.F.);
#7067=ADVANCED_FACE('',(#368),#6763,.F.);
#7068=ADVANCED_FACE('',(#369),#6764,.F.);
#7069=ADVANCED_FACE('',(#370),#6765,.F.);
#7070=ADVANCED_FACE('',(#371),#6766,.F.);
#7071=ADVANCED_FACE('',(#372),#6767,.F.);
#7072=ADVANCED_FACE('',(#373),#6768,.F.);
#7073=ADVANCED_FACE('',(#374),#6769,.F.);
#7074=ADVANCED_FACE('',(#375),#6770,.F.);
#7075=ADVANCED_FACE('',(#376),#6771,.F.);
#7076=ADVANCED_FACE('',(#377),#6772,.F.);
#7077=ADVANCED_FACE('',(#378),#6773,.F.);
#7078=ADVANCED_FACE('',(#379),#6774,.F.);
#7079=ADVANCED_FACE('',(#380),#6775,.F.);
#7080=ADVANCED_FACE('',(#381),#6776,.F.);
#7081=ADVANCED_FACE('',(#382),#6777,.F.);
#7082=ADVANCED_FACE('',(#383),#6778,.F.);
#7083=ADVANCED_FACE('',(#384),#6779,.F.);
#7084=ADVANCED_FACE('',(#385),#6780,.F.);
#7085=ADVANCED_FACE('',(#386),#6781,.F.);
#7086=ADVANCED_FACE('',(#387),#6782,.F.);
#7087=ADVANCED_FACE('',(#388),#6783,.F.);
#7088=ADVANCED_FACE('',(#389),#6784,.F.);
#7089=ADVANCED_FACE('',(#390),#6785,.F.);
#7090=ADVANCED_FACE('',(#391),#6786,.F.);
#7091=ADVANCED_FACE('',(#392),#6787,.F.);
#7092=ADVANCED_FACE('',(#393),#6788,.F.);
#7093=ADVANCED_FACE('',(#394),#6789,.F.);
#7094=ADVANCED_FACE('',(#395),#6790,.F.);
#7095=ADVANCED_FACE('',(#396),#6791,.F.);
#7096=ADVANCED_FACE('',(#397),#6792,.F.);
#7097=ADVANCED_FACE('',(#398),#6793,.F.);
#7098=ADVANCED_FACE('',(#399),#6794,.F.);
#7099=ADVANCED_FACE('',(#400),#6795,.F.);
#7100=ADVANCED_FACE('',(#401),#6796,.F.);
#7101=ADVANCED_FACE('',(#402),#6797,.F.);
#7102=ADVANCED_FACE('',(#403),#6798,.F.);
#7103=ADVANCED_FACE('',(#404),#6799,.F.);
#7104=ADVANCED_FACE('',(#405),#6800,.F.);
#7105=ADVANCED_FACE('',(#406),#6801,.F.);
#7106=ADVANCED_FACE('',(#407),#6802,.F.);
#7107=ADVANCED_FACE('',(#408),#6803,.F.);
#7108=ADVANCED_FACE('',(#409),#6804,.F.);
#7109=ADVANCED_FACE('',(#410),#6805,.F.);
#7110=ADVANCED_FACE('',(#411),#6806,.F.);
#7111=ADVANCED_FACE('',(#412),#6807,.F.);
#7112=ADVANCED_FACE('',(#413),#6808,.F.);
#7113=ADVANCED_FACE('',(#414),#6809,.F.);
#7114=ADVANCED_FACE('',(#415),#6810,.F.);
#7115=ADVANCED_FACE('',(#416),#6811,.F.);
#7116=ADVANCED_FACE('',(#417),#6812,.F.);
#7117=ADVANCED_FACE('',(#418),#6813,.F.);
#7118=ADVANCED_FACE('',(#419),#6814,.F.);
#7119=ADVANCED_FACE('',(#420),#6815,.F.);
#7120=ADVANCED_FACE('',(#421),#6816,.F.);
#7121=ADVANCED_FACE('',(#422),#6817,.F.);
#7122=ADVANCED_FACE('',(#423),#6818,.F.);
#7123=ADVANCED_FACE('',(#424),#6819,.F.);
#7124=ADVANCED_FACE('',(#425),#6820,.F.);
#7125=ADVANCED_FACE('',(#426),#6821,.F.);
#7126=ADVANCED_FACE('',(#427),#6822,.F.);
#7127=ADVANCED_FACE('',(#428),#6823,.F.);
#7128=ADVANCED_FACE('',(#429),#6824,.F.);
#7129=ADVANCED_FACE('',(#430),#6825,.F.);
#7130=ADVANCED_FACE('',(#431),#6826,.F.);
#7131=ADVANCED_FACE('',(#432),#6827,.F.);
#7132=ADVANCED_FACE('',(#433),#6828,.F.);
#7133=ADVANCED_FACE('',(#434),#6829,.F.);
#7134=ADVANCED_FACE('',(#435),#6830,.F.);
#7135=ADVANCED_FACE('',(#436),#6831,.F.);
#7136=ADVANCED_FACE('',(#437),#6832,.F.);
#7137=ADVANCED_FACE('',(#438),#6833,.F.);
#7138=ADVANCED_FACE('',(#439),#6834,.F.);
#7139=ADVANCED_FACE('',(#440),#6835,.F.);
#7140=ADVANCED_FACE('',(#441),#6836,.F.);
#7141=ADVANCED_FACE('',(#442),#6837,.F.);
#7142=ADVANCED_FACE('',(#443),#6838,.F.);
#7143=ADVANCED_FACE('',(#444),#6839,.F.);
#7144=ADVANCED_FACE('',(#445),#6840,.F.);
#7145=ADVANCED_FACE('',(#446),#6841,.F.);
#7146=ADVANCED_FACE('',(#447),#6842,.F.);
#7147=ADVANCED_FACE('',(#448),#6843,.F.);
#7148=ADVANCED_FACE('',(#449),#6844,.F.);
#7149=ADVANCED_FACE('',(#450),#6845,.F.);
#7150=ADVANCED_FACE('',(#451),#6846,.F.);
#7151=ADVANCED_FACE('',(#452),#6847,.F.);
#7152=ADVANCED_FACE('',(#453,#49,#50,#51,#52,#53,#54,#55,#56,#57,#58),#6848,
 .T.);
#7153=ADVANCED_FACE('',(#454),#19,.T.);
#7154=ADVANCED_FACE('',(#455),#20,.T.);
#7155=ADVANCED_FACE('',(#456),#6849,.F.);
#7156=ADVANCED_FACE('',(#457),#21,.F.);
#7157=ADVANCED_FACE('',(#458),#6850,.F.);
#7158=ADVANCED_FACE('',(#459),#15,.T.);
#7159=ADVANCED_FACE('',(#460),#22,.T.);
#7160=ADVANCED_FACE('',(#461),#6851,.F.);
#7161=ADVANCED_FACE('',(#462),#23,.T.);
#7162=ADVANCED_FACE('',(#463),#6852,.T.);
#7163=ADVANCED_FACE('',(#464,#59,#60,#61,#62,#63,#64,#65,#66,#67,#68,#69,
#70,#71,#72,#73,#74,#75,#76,#77,#78),#6853,.T.);
#7164=ADVANCED_FACE('',(#465,#79,#80,#81,#82,#83,#84,#85,#86,#87,#88,#89,
#90,#91,#92,#93,#94,#95,#96,#97,#98),#6854,.T.);
#7165=ADVANCED_FACE('',(#466),#6855,.F.);
#7166=ADVANCED_FACE('',(#467),#6856,.F.);
#7167=ADVANCED_FACE('',(#468),#6857,.F.);
#7168=ADVANCED_FACE('',(#469,#99,#100,#101),#6858,.F.);
#7169=ADVANCED_FACE('',(#470),#24,.F.);
#7170=ADVANCED_FACE('',(#471),#6859,.F.);
#7171=ADVANCED_FACE('',(#472),#6860,.F.);
#7172=ADVANCED_FACE('',(#473),#25,.T.);
#7173=ADVANCED_FACE('',(#474),#6861,.T.);
#7174=ADVANCED_FACE('',(#475),#167,.F.);
#7175=ADVANCED_FACE('',(#476),#168,.F.);
#7176=ADVANCED_FACE('',(#477),#26,.T.);
#7177=ADVANCED_FACE('',(#478),#6862,.F.);
#7178=ADVANCED_FACE('',(#479),#6863,.F.);
#7179=ADVANCED_FACE('',(#480),#6864,.T.);
#7180=ADVANCED_FACE('',(#481),#16,.F.);
#7181=ADVANCED_FACE('',(#482),#27,.F.);
#7182=ADVANCED_FACE('',(#483),#17,.F.);
#7183=ADVANCED_FACE('',(#484),#28,.F.);
#7184=ADVANCED_FACE('',(#485),#29,.F.);
#7185=ADVANCED_FACE('',(#486),#30,.F.);
#7186=ADVANCED_FACE('',(#487),#31,.F.);
#7187=ADVANCED_FACE('',(#488,#102),#6865,.F.);
#7188=ADVANCED_FACE('',(#489,#103),#6866,.F.);
#7189=ADVANCED_FACE('',(#490),#32,.T.);
#7190=ADVANCED_FACE('',(#491),#33,.T.);
#7191=ADVANCED_FACE('',(#492),#6867,.T.);
#7192=CLOSED_SHELL('',(#6868,#6869,#6870,#6871,#6872,#6873,#6874,#6875,
#6876,#6877,#6878,#6879,#6880,#6881,#6882,#6883,#6884,#6885,#6886,#6887,
#6888,#6889,#6890,#6891,#6892,#6893,#6894,#6895,#6896,#6897,#6898,#6899,
#6900,#6901,#6902,#6903,#6904,#6905,#6906,#6907,#6908,#6909,#6910,#6911,
#6912,#6913,#6914,#6915,#6916,#6917,#6918,#6919,#6920,#6921,#6922,#6923,
#6924,#6925,#6926,#6927,#6928,#6929,#6930,#6931,#6932,#6933,#6934,#6935,
#6936,#6937,#6938,#6939,#6940,#6941,#6942,#6943,#6944,#6945,#6946,#6947,
#6948,#6949,#6950,#6951,#6952,#6953,#6954,#6955,#6956,#6957,#6958,#6959,
#6960,#6961,#6962,#6963,#6964,#6965,#6966,#6967,#6968,#6969,#6970,#6971,
#6972,#6973,#6974,#6975,#6976,#6977,#6978,#6979,#6980,#6981,#6982,#6983,
#6984,#6985,#6986,#6987,#6988,#6989,#6990,#6991,#6992,#6993,#6994,#6995,
#6996,#6997,#6998,#6999,#7000,#7001,#7002,#7003,#7004,#7005,#7006,#7007,
#7008,#7009,#7010,#7011,#7012,#7013,#7014,#7015,#7016,#7017,#7018,#7019,
#7020,#7021,#7022,#7023,#7024,#7025,#7026,#7027,#7028,#7029,#7030,#7031,
#7032,#7033,#7034,#7035,#7036,#7037,#7038,#7039,#7040,#7041,#7042,#7043,
#7044,#7045,#7046,#7047,#7048,#7049,#7050,#7051,#7052,#7053,#7054,#7055,
#7056,#7057,#7058,#7059,#7060,#7061,#7062,#7063,#7064,#7065,#7066,#7067,
#7068,#7069,#7070,#7071,#7072,#7073,#7074,#7075,#7076,#7077,#7078,#7079,
#7080,#7081,#7082,#7083,#7084,#7085,#7086,#7087,#7088,#7089,#7090,#7091,
#7092,#7093,#7094,#7095,#7096,#7097,#7098,#7099,#7100,#7101,#7102,#7103,
#7104,#7105,#7106,#7107,#7108,#7109,#7110,#7111,#7112,#7113,#7114,#7115,
#7116,#7117,#7118,#7119,#7120,#7121,#7122,#7123,#7124,#7125,#7126,#7127,
#7128,#7129,#7130,#7131,#7132,#7133,#7134,#7135,#7136,#7137,#7138,#7139,
#7140,#7141,#7142,#7143,#7144,#7145,#7146,#7147,#7148,#7149,#7150,#7151,
#7152,#7153,#7154,#7155,#7156,#7157,#7158,#7159,#7160,#7161,#7162,#7163,
#7164,#7165,#7166,#7167,#7168,#7169,#7170,#7171,#7172,#7173,#7174,#7175,
#7176,#7177,#7178,#7179,#7180,#7181,#7182,#7183,#7184,#7185,#7186,#7187,
#7188,#7189,#7190,#7191));
#7193=DERIVED_UNIT_ELEMENT(#7195,1.);
#7194=DERIVED_UNIT_ELEMENT(#11564,-3.);
#7195=(
MASS_UNIT()
NAMED_UNIT(*)
SI_UNIT(.KILO.,.GRAM.)
);
#7196=DERIVED_UNIT((#7193,#7194));
#7197=MEASURE_REPRESENTATION_ITEM('density measure',
POSITIVE_RATIO_MEASURE(7850.),#7196);
#7198=PROPERTY_DEFINITION_REPRESENTATION(#7203,#7200);
#7199=PROPERTY_DEFINITION_REPRESENTATION(#7204,#7201);
#7200=REPRESENTATION('material name',(#7202),#11561);
#7201=REPRESENTATION('density',(#7197),#11561);
#7202=DESCRIPTIVE_REPRESENTATION_ITEM('\X\C7elik','\X\C7elik');
#7203=PROPERTY_DEFINITION('material property','material name',#11571);
#7204=PROPERTY_DEFINITION('material property','density of part',#11571);
#7205=AXIS2_PLACEMENT_3D('',#9304,#7590,#7591);
#7206=AXIS2_PLACEMENT_3D('',#9305,#7592,#7593);
#7207=AXIS2_PLACEMENT_3D('',#9315,#7596,#7597);
#7208=AXIS2_PLACEMENT_3D('',#9321,#7599,#7600);
#7209=AXIS2_PLACEMENT_3D('',#9324,#7601,#7602);
#7210=AXIS2_PLACEMENT_3D('',#9326,#7603,#7604);
#7211=AXIS2_PLACEMENT_3D('',#9340,#7605,#7606);
#7212=AXIS2_PLACEMENT_3D('',#9341,#7607,#7608);
#7213=AXIS2_PLACEMENT_3D('',#9347,#7611,#7612);
#7214=AXIS2_PLACEMENT_3D('',#9351,#7614,#7615);
#7215=AXIS2_PLACEMENT_3D('',#9355,#7617,#7618);
#7216=AXIS2_PLACEMENT_3D('',#9359,#7620,#7621);
#7217=AXIS2_PLACEMENT_3D('',#9363,#7623,#7624);
#7218=AXIS2_PLACEMENT_3D('',#9374,#7630,#7631);
#7219=AXIS2_PLACEMENT_3D('',#9375,#7632,#7633);
#7220=AXIS2_PLACEMENT_3D('',#9379,#7635,#7636);
#7221=AXIS2_PLACEMENT_3D('',#9389,#7641,#7642);
#7222=AXIS2_PLACEMENT_3D('',#9391,#7644,#7645);
#7223=AXIS2_PLACEMENT_3D('',#9399,#7649,#7650);
#7224=AXIS2_PLACEMENT_3D('',#9400,#7651,#7652);
#7225=AXIS2_PLACEMENT_3D('',#9413,#7654,#7655);
#7226=AXIS2_PLACEMENT_3D('',#9430,#7656,#7657);
#7227=AXIS2_PLACEMENT_3D('',#9445,#7658,#7659);
#7228=AXIS2_PLACEMENT_3D('',#9464,#7660,#7661);
#7229=AXIS2_PLACEMENT_3D('',#9480,#7667,#7668);
#7230=AXIS2_PLACEMENT_3D('',#9495,#7677,#7678);
#7231=AXIS2_PLACEMENT_3D('',#9515,#7684,#7685);
#7232=AXIS2_PLACEMENT_3D('',#9521,#7689,#7690);
#7233=AXIS2_PLACEMENT_3D('',#9530,#7695,#7696);
#7234=AXIS2_PLACEMENT_3D('',#9536,#7700,#7701);
#7235=AXIS2_PLACEMENT_3D('',#9542,#7705,#7706);
#7236=AXIS2_PLACEMENT_3D('',#9548,#7710,#7711);
#7237=AXIS2_PLACEMENT_3D('',#9554,#7715,#7716);
#7238=AXIS2_PLACEMENT_3D('',#9557,#7719,#7720);
#7239=AXIS2_PLACEMENT_3D('',#9566,#7725,#7726);
#7240=AXIS2_PLACEMENT_3D('',#9572,#7730,#7731);
#7241=AXIS2_PLACEMENT_3D('',#9578,#7735,#7736);
#7242=AXIS2_PLACEMENT_3D('',#9584,#7740,#7741);
#7243=AXIS2_PLACEMENT_3D('',#9590,#7745,#7746);
#7244=AXIS2_PLACEMENT_3D('',#9593,#7749,#7750);
#7245=AXIS2_PLACEMENT_3D('',#9602,#7755,#7756);
#7246=AXIS2_PLACEMENT_3D('',#9608,#7760,#7761);
#7247=AXIS2_PLACEMENT_3D('',#9614,#7765,#7766);
#7248=AXIS2_PLACEMENT_3D('',#9620,#7770,#7771);
#7249=AXIS2_PLACEMENT_3D('',#9626,#7775,#7776);
#7250=AXIS2_PLACEMENT_3D('',#9629,#7779,#7780);
#7251=AXIS2_PLACEMENT_3D('',#9638,#7785,#7786);
#7252=AXIS2_PLACEMENT_3D('',#9644,#7790,#7791);
#7253=AXIS2_PLACEMENT_3D('',#9650,#7795,#7796);
#7254=AXIS2_PLACEMENT_3D('',#9656,#7800,#7801);
#7255=AXIS2_PLACEMENT_3D('',#9662,#7805,#7806);
#7256=AXIS2_PLACEMENT_3D('',#9665,#7809,#7810);
#7257=AXIS2_PLACEMENT_3D('',#9668,#7811,#7812);
#7258=AXIS2_PLACEMENT_3D('',#9677,#7815,#7816);
#7259=AXIS2_PLACEMENT_3D('',#9686,#7821,#7822);
#7260=AXIS2_PLACEMENT_3D('',#9688,#7823,#7824);
#7261=AXIS2_PLACEMENT_3D('',#9692,#7827,#7828);
#7262=AXIS2_PLACEMENT_3D('',#9698,#7832,#7833);
#7263=AXIS2_PLACEMENT_3D('',#9700,#7834,#7835);
#7264=AXIS2_PLACEMENT_3D('',#9705,#7838,#7839);
#7265=AXIS2_PLACEMENT_3D('',#9706,#7840,#7841);
#7266=AXIS2_PLACEMENT_3D('',#9712,#7845,#7846);
#7267=AXIS2_PLACEMENT_3D('',#9720,#7847,#7848);
#7268=AXIS2_PLACEMENT_3D('',#9724,#7851,#7852);
#7269=AXIS2_PLACEMENT_3D('',#9725,#7853,#7854);
#7270=AXIS2_PLACEMENT_3D('',#9727,#7856,#7857);
#7271=AXIS2_PLACEMENT_3D('',#9733,#7861,#7862);
#7272=AXIS2_PLACEMENT_3D('',#9739,#7866,#7867);
#7273=AXIS2_PLACEMENT_3D('',#9742,#7870,#7871);
#7274=AXIS2_PLACEMENT_3D('',#9752,#7872,#7873);
#7275=AXIS2_PLACEMENT_3D('',#9761,#7878,#7879);
#7276=AXIS2_PLACEMENT_3D('',#9771,#7885,#7886);
#7277=AXIS2_PLACEMENT_3D('',#9777,#7890,#7891);
#7278=AXIS2_PLACEMENT_3D('',#9783,#7895,#7896);
#7279=AXIS2_PLACEMENT_3D('',#9787,#7899,#7900);
#7280=AXIS2_PLACEMENT_3D('',#9795,#7905,#7906);
#7281=AXIS2_PLACEMENT_3D('',#9798,#7909,#7910);
#7282=AXIS2_PLACEMENT_3D('',#9807,#7915,#7916);
#7283=AXIS2_PLACEMENT_3D('',#9817,#7922,#7923);
#7284=AXIS2_PLACEMENT_3D('',#9823,#7927,#7928);
#7285=AXIS2_PLACEMENT_3D('',#9829,#7932,#7933);
#7286=AXIS2_PLACEMENT_3D('',#9833,#7936,#7937);
#7287=AXIS2_PLACEMENT_3D('',#9841,#7942,#7943);
#7288=AXIS2_PLACEMENT_3D('',#9844,#7946,#7947);
#7289=AXIS2_PLACEMENT_3D('',#9853,#7952,#7953);
#7290=AXIS2_PLACEMENT_3D('',#9863,#7959,#7960);
#7291=AXIS2_PLACEMENT_3D('',#9869,#7964,#7965);
#7292=AXIS2_PLACEMENT_3D('',#9875,#7969,#7970);
#7293=AXIS2_PLACEMENT_3D('',#9879,#7973,#7974);
#7294=AXIS2_PLACEMENT_3D('',#9887,#7979,#7980);
#7295=AXIS2_PLACEMENT_3D('',#9890,#7983,#7984);
#7296=AXIS2_PLACEMENT_3D('',#9899,#7989,#7990);
#7297=AXIS2_PLACEMENT_3D('',#9909,#7996,#7997);
#7298=AXIS2_PLACEMENT_3D('',#9915,#8001,#8002);
#7299=AXIS2_PLACEMENT_3D('',#9921,#8006,#8007);
#7300=AXIS2_PLACEMENT_3D('',#9925,#8010,#8011);
#7301=AXIS2_PLACEMENT_3D('',#9933,#8016,#8017);
#7302=AXIS2_PLACEMENT_3D('',#9936,#8020,#8021);
#7303=AXIS2_PLACEMENT_3D('',#9945,#8026,#8027);
#7304=AXIS2_PLACEMENT_3D('',#9955,#8033,#8034);
#7305=AXIS2_PLACEMENT_3D('',#9961,#8038,#8039);
#7306=AXIS2_PLACEMENT_3D('',#9967,#8043,#8044);
#7307=AXIS2_PLACEMENT_3D('',#9971,#8047,#8048);
#7308=AXIS2_PLACEMENT_3D('',#9979,#8053,#8054);
#7309=AXIS2_PLACEMENT_3D('',#9982,#8057,#8058);
#7310=AXIS2_PLACEMENT_3D('',#9991,#8063,#8064);
#7311=AXIS2_PLACEMENT_3D('',#10001,#8070,#8071);
#7312=AXIS2_PLACEMENT_3D('',#10007,#8075,#8076);
#7313=AXIS2_PLACEMENT_3D('',#10013,#8080,#8081);
#7314=AXIS2_PLACEMENT_3D('',#10017,#8084,#8085);
#7315=AXIS2_PLACEMENT_3D('',#10025,#8090,#8091);
#7316=AXIS2_PLACEMENT_3D('',#10028,#8094,#8095);
#7317=AXIS2_PLACEMENT_3D('',#10037,#8100,#8101);
#7318=AXIS2_PLACEMENT_3D('',#10047,#8107,#8108);
#7319=AXIS2_PLACEMENT_3D('',#10053,#8112,#8113);
#7320=AXIS2_PLACEMENT_3D('',#10059,#8117,#8118);
#7321=AXIS2_PLACEMENT_3D('',#10063,#8121,#8122);
#7322=AXIS2_PLACEMENT_3D('',#10071,#8127,#8128);
#7323=AXIS2_PLACEMENT_3D('',#10074,#8131,#8132);
#7324=AXIS2_PLACEMENT_3D('',#10083,#8137,#8138);
#7325=AXIS2_PLACEMENT_3D('',#10093,#8144,#8145);
#7326=AXIS2_PLACEMENT_3D('',#10099,#8149,#8150);
#7327=AXIS2_PLACEMENT_3D('',#10105,#8154,#8155);
#7328=AXIS2_PLACEMENT_3D('',#10109,#8158,#8159);
#7329=AXIS2_PLACEMENT_3D('',#10117,#8164,#8165);
#7330=AXIS2_PLACEMENT_3D('',#10120,#8168,#8169);
#7331=AXIS2_PLACEMENT_3D('',#10129,#8174,#8175);
#7332=AXIS2_PLACEMENT_3D('',#10139,#8181,#8182);
#7333=AXIS2_PLACEMENT_3D('',#10145,#8186,#8187);
#7334=AXIS2_PLACEMENT_3D('',#10151,#8191,#8192);
#7335=AXIS2_PLACEMENT_3D('',#10155,#8195,#8196);
#7336=AXIS2_PLACEMENT_3D('',#10163,#8201,#8202);
#7337=AXIS2_PLACEMENT_3D('',#10166,#8205,#8206);
#7338=AXIS2_PLACEMENT_3D('',#10186,#8213,#8214);
#7339=AXIS2_PLACEMENT_3D('',#10188,#8215,#8216);
#7340=AXIS2_PLACEMENT_3D('',#10193,#8219,#8220);
#7341=AXIS2_PLACEMENT_3D('',#10194,#8221,#8222);
#7342=AXIS2_PLACEMENT_3D('',#10203,#8227,#8228);
#7343=AXIS2_PLACEMENT_3D('',#10217,#8233,#8234);
#7344=AXIS2_PLACEMENT_3D('',#10220,#8237,#8238);
#7345=AXIS2_PLACEMENT_3D('',#10226,#8242,#8243);
#7346=AXIS2_PLACEMENT_3D('',#10229,#8246,#8247);
#7347=AXIS2_PLACEMENT_3D('',#10230,#8248,#8249);
#7348=AXIS2_PLACEMENT_3D('',#10239,#8254,#8255);
#7349=AXIS2_PLACEMENT_3D('',#10245,#8259,#8260);
#7350=AXIS2_PLACEMENT_3D('',#10251,#8264,#8265);
#7351=AXIS2_PLACEMENT_3D('',#10257,#8269,#8270);
#7352=AXIS2_PLACEMENT_3D('',#10263,#8274,#8275);
#7353=AXIS2_PLACEMENT_3D('',#10266,#8278,#8279);
#7354=AXIS2_PLACEMENT_3D('',#10275,#8284,#8285);
#7355=AXIS2_PLACEMENT_3D('',#10281,#8289,#8290);
#7356=AXIS2_PLACEMENT_3D('',#10287,#8294,#8295);
#7357=AXIS2_PLACEMENT_3D('',#10293,#8299,#8300);
#7358=AXIS2_PLACEMENT_3D('',#10299,#8304,#8305);
#7359=AXIS2_PLACEMENT_3D('',#10302,#8308,#8309);
#7360=AXIS2_PLACEMENT_3D('',#10311,#8314,#8315);
#7361=AXIS2_PLACEMENT_3D('',#10317,#8319,#8320);
#7362=AXIS2_PLACEMENT_3D('',#10323,#8324,#8325);
#7363=AXIS2_PLACEMENT_3D('',#10329,#8329,#8330);
#7364=AXIS2_PLACEMENT_3D('',#10335,#8334,#8335);
#7365=AXIS2_PLACEMENT_3D('',#10338,#8338,#8339);
#7366=AXIS2_PLACEMENT_3D('',#10347,#8344,#8345);
#7367=AXIS2_PLACEMENT_3D('',#10353,#8349,#8350);
#7368=AXIS2_PLACEMENT_3D('',#10359,#8354,#8355);
#7369=AXIS2_PLACEMENT_3D('',#10365,#8359,#8360);
#7370=AXIS2_PLACEMENT_3D('',#10371,#8364,#8365);
#7371=AXIS2_PLACEMENT_3D('',#10374,#8368,#8369);
#7372=AXIS2_PLACEMENT_3D('',#10383,#8374,#8375);
#7373=AXIS2_PLACEMENT_3D('',#10389,#8379,#8380);
#7374=AXIS2_PLACEMENT_3D('',#10395,#8384,#8385);
#7375=AXIS2_PLACEMENT_3D('',#10401,#8389,#8390);
#7376=AXIS2_PLACEMENT_3D('',#10407,#8394,#8395);
#7377=AXIS2_PLACEMENT_3D('',#10410,#8398,#8399);
#7378=AXIS2_PLACEMENT_3D('',#10412,#8400,#8401);
#7379=AXIS2_PLACEMENT_3D('',#10413,#8402,#8403);
#7380=AXIS2_PLACEMENT_3D('',#10414,#8404,#8405);
#7381=AXIS2_PLACEMENT_3D('',#10415,#8406,#8407);
#7382=AXIS2_PLACEMENT_3D('',#10418,#8409,#8410);
#7383=AXIS2_PLACEMENT_3D('',#10419,#8411,#8412);
#7384=AXIS2_PLACEMENT_3D('',#10508,#8457,#8458);
#7385=AXIS2_PLACEMENT_3D('',#10511,#8460,#8461);
#7386=AXIS2_PLACEMENT_3D('',#10524,#8472,#8473);
#7387=AXIS2_PLACEMENT_3D('',#10526,#8475,#8476);
#7388=AXIS2_PLACEMENT_3D('',#10527,#8477,#8478);
#7389=AXIS2_PLACEMENT_3D('',#10536,#8479,#8480);
#7390=AXIS2_PLACEMENT_3D('',#10554,#8481,#8482);
#7391=AXIS2_PLACEMENT_3D('',#10564,#8486,#8487);
#7392=AXIS2_PLACEMENT_3D('',#10573,#8492,#8493);
#7393=AXIS2_PLACEMENT_3D('',#10579,#8497,#8498);
#7394=AXIS2_PLACEMENT_3D('',#10585,#8502,#8503);
#7395=AXIS2_PLACEMENT_3D('',#10591,#8507,#8508);
#7396=AXIS2_PLACEMENT_3D('',#10597,#8512,#8513);
#7397=AXIS2_PLACEMENT_3D('',#10600,#8516,#8517);
#7398=AXIS2_PLACEMENT_3D('',#10609,#8522,#8523);
#7399=AXIS2_PLACEMENT_3D('',#10615,#8527,#8528);
#7400=AXIS2_PLACEMENT_3D('',#10621,#8532,#8533);
#7401=AXIS2_PLACEMENT_3D('',#10627,#8537,#8538);
#7402=AXIS2_PLACEMENT_3D('',#10633,#8542,#8543);
#7403=AXIS2_PLACEMENT_3D('',#10636,#8546,#8547);
#7404=AXIS2_PLACEMENT_3D('',#10645,#8552,#8553);
#7405=AXIS2_PLACEMENT_3D('',#10651,#8557,#8558);
#7406=AXIS2_PLACEMENT_3D('',#10657,#8562,#8563);
#7407=AXIS2_PLACEMENT_3D('',#10663,#8567,#8568);
#7408=AXIS2_PLACEMENT_3D('',#10669,#8572,#8573);
#7409=AXIS2_PLACEMENT_3D('',#10672,#8576,#8577);
#7410=AXIS2_PLACEMENT_3D('',#10681,#8582,#8583);
#7411=AXIS2_PLACEMENT_3D('',#10687,#8587,#8588);
#7412=AXIS2_PLACEMENT_3D('',#10693,#8592,#8593);
#7413=AXIS2_PLACEMENT_3D('',#10699,#8597,#8598);
#7414=AXIS2_PLACEMENT_3D('',#10705,#8602,#8603);
#7415=AXIS2_PLACEMENT_3D('',#10708,#8606,#8607);
#7416=AXIS2_PLACEMENT_3D('',#10718,#8613,#8614);
#7417=AXIS2_PLACEMENT_3D('',#10722,#8617,#8618);
#7418=AXIS2_PLACEMENT_3D('',#10730,#8623,#8624);
#7419=AXIS2_PLACEMENT_3D('',#10736,#8628,#8629);
#7420=AXIS2_PLACEMENT_3D('',#10738,#8631,#8632);
#7421=AXIS2_PLACEMENT_3D('',#10744,#8636,#8637);
#7422=AXIS2_PLACEMENT_3D('',#10747,#8640,#8641);
#7423=AXIS2_PLACEMENT_3D('',#10757,#8647,#8648);
#7424=AXIS2_PLACEMENT_3D('',#10761,#8651,#8652);
#7425=AXIS2_PLACEMENT_3D('',#10769,#8657,#8658);
#7426=AXIS2_PLACEMENT_3D('',#10775,#8662,#8663);
#7427=AXIS2_PLACEMENT_3D('',#10777,#8665,#8666);
#7428=AXIS2_PLACEMENT_3D('',#10783,#8670,#8671);
#7429=AXIS2_PLACEMENT_3D('',#10786,#8674,#8675);
#7430=AXIS2_PLACEMENT_3D('',#10795,#8680,#8681);
#7431=AXIS2_PLACEMENT_3D('',#10801,#8685,#8686);
#7432=AXIS2_PLACEMENT_3D('',#10807,#8690,#8691);
#7433=AXIS2_PLACEMENT_3D('',#10813,#8695,#8696);
#7434=AXIS2_PLACEMENT_3D('',#10819,#8700,#8701);
#7435=AXIS2_PLACEMENT_3D('',#10822,#8704,#8705);
#7436=AXIS2_PLACEMENT_3D('',#10832,#8711,#8712);
#7437=AXIS2_PLACEMENT_3D('',#10836,#8715,#8716);
#7438=AXIS2_PLACEMENT_3D('',#10844,#8721,#8722);
#7439=AXIS2_PLACEMENT_3D('',#10850,#8726,#8727);
#7440=AXIS2_PLACEMENT_3D('',#10852,#8729,#8730);
#7441=AXIS2_PLACEMENT_3D('',#10858,#8734,#8735);
#7442=AXIS2_PLACEMENT_3D('',#10861,#8738,#8739);
#7443=AXIS2_PLACEMENT_3D('',#10871,#8745,#8746);
#7444=AXIS2_PLACEMENT_3D('',#10875,#8749,#8750);
#7445=AXIS2_PLACEMENT_3D('',#10883,#8755,#8756);
#7446=AXIS2_PLACEMENT_3D('',#10889,#8760,#8761);
#7447=AXIS2_PLACEMENT_3D('',#10891,#8763,#8764);
#7448=AXIS2_PLACEMENT_3D('',#10897,#8768,#8769);
#7449=AXIS2_PLACEMENT_3D('',#10900,#8772,#8773);
#7450=AXIS2_PLACEMENT_3D('',#10910,#8779,#8780);
#7451=AXIS2_PLACEMENT_3D('',#10914,#8783,#8784);
#7452=AXIS2_PLACEMENT_3D('',#10922,#8789,#8790);
#7453=AXIS2_PLACEMENT_3D('',#10928,#8794,#8795);
#7454=AXIS2_PLACEMENT_3D('',#10930,#8797,#8798);
#7455=AXIS2_PLACEMENT_3D('',#10936,#8802,#8803);
#7456=AXIS2_PLACEMENT_3D('',#10939,#8806,#8807);
#7457=AXIS2_PLACEMENT_3D('',#10949,#8813,#8814);
#7458=AXIS2_PLACEMENT_3D('',#10953,#8817,#8818);
#7459=AXIS2_PLACEMENT_3D('',#10961,#8823,#8824);
#7460=AXIS2_PLACEMENT_3D('',#10967,#8828,#8829);
#7461=AXIS2_PLACEMENT_3D('',#10969,#8831,#8832);
#7462=AXIS2_PLACEMENT_3D('',#10975,#8836,#8837);
#7463=AXIS2_PLACEMENT_3D('',#10978,#8840,#8841);
#7464=AXIS2_PLACEMENT_3D('',#10988,#8847,#8848);
#7465=AXIS2_PLACEMENT_3D('',#10992,#8851,#8852);
#7466=AXIS2_PLACEMENT_3D('',#11000,#8857,#8858);
#7467=AXIS2_PLACEMENT_3D('',#11006,#8862,#8863);
#7468=AXIS2_PLACEMENT_3D('',#11008,#8865,#8866);
#7469=AXIS2_PLACEMENT_3D('',#11014,#8870,#8871);
#7470=AXIS2_PLACEMENT_3D('',#11017,#8874,#8875);
#7471=AXIS2_PLACEMENT_3D('',#11027,#8881,#8882);
#7472=AXIS2_PLACEMENT_3D('',#11031,#8885,#8886);
#7473=AXIS2_PLACEMENT_3D('',#11039,#8891,#8892);
#7474=AXIS2_PLACEMENT_3D('',#11045,#8896,#8897);
#7475=AXIS2_PLACEMENT_3D('',#11047,#8899,#8900);
#7476=AXIS2_PLACEMENT_3D('',#11053,#8904,#8905);
#7477=AXIS2_PLACEMENT_3D('',#11056,#8908,#8909);
#7478=AXIS2_PLACEMENT_3D('',#11065,#8914,#8915);
#7479=AXIS2_PLACEMENT_3D('',#11071,#8919,#8920);
#7480=AXIS2_PLACEMENT_3D('',#11077,#8924,#8925);
#7481=AXIS2_PLACEMENT_3D('',#11083,#8929,#8930);
#7482=AXIS2_PLACEMENT_3D('',#11089,#8934,#8935);
#7483=AXIS2_PLACEMENT_3D('',#11092,#8938,#8939);
#7484=AXIS2_PLACEMENT_3D('',#11102,#8945,#8946);
#7485=AXIS2_PLACEMENT_3D('',#11106,#8949,#8950);
#7486=AXIS2_PLACEMENT_3D('',#11114,#8955,#8956);
#7487=AXIS2_PLACEMENT_3D('',#11120,#8960,#8961);
#7488=AXIS2_PLACEMENT_3D('',#11126,#8965,#8966);
#7489=AXIS2_PLACEMENT_3D('',#11129,#8969,#8970);
#7490=AXIS2_PLACEMENT_3D('',#11131,#8972,#8973);
#7491=AXIS2_PLACEMENT_3D('',#11140,#8978,#8979);
#7492=AXIS2_PLACEMENT_3D('',#11146,#8983,#8984);
#7493=AXIS2_PLACEMENT_3D('',#11152,#8988,#8989);
#7494=AXIS2_PLACEMENT_3D('',#11158,#8993,#8994);
#7495=AXIS2_PLACEMENT_3D('',#11164,#8998,#8999);
#7496=AXIS2_PLACEMENT_3D('',#11167,#9002,#9003);
#7497=AXIS2_PLACEMENT_3D('',#11177,#9009,#9010);
#7498=AXIS2_PLACEMENT_3D('',#11181,#9013,#9014);
#7499=AXIS2_PLACEMENT_3D('',#11189,#9019,#9020);
#7500=AXIS2_PLACEMENT_3D('',#11195,#9024,#9025);
#7501=AXIS2_PLACEMENT_3D('',#11197,#9027,#9028);
#7502=AXIS2_PLACEMENT_3D('',#11203,#9032,#9033);
#7503=AXIS2_PLACEMENT_3D('',#11206,#9036,#9037);
#7504=AXIS2_PLACEMENT_3D('',#11215,#9042,#9043);
#7505=AXIS2_PLACEMENT_3D('',#11221,#9047,#9048);
#7506=AXIS2_PLACEMENT_3D('',#11227,#9052,#9053);
#7507=AXIS2_PLACEMENT_3D('',#11233,#9057,#9058);
#7508=AXIS2_PLACEMENT_3D('',#11239,#9062,#9063);
#7509=AXIS2_PLACEMENT_3D('',#11242,#9066,#9067);
#7510=AXIS2_PLACEMENT_3D('',#11251,#9072,#9073);
#7511=AXIS2_PLACEMENT_3D('',#11257,#9077,#9078);
#7512=AXIS2_PLACEMENT_3D('',#11263,#9082,#9083);
#7513=AXIS2_PLACEMENT_3D('',#11269,#9087,#9088);
#7514=AXIS2_PLACEMENT_3D('',#11275,#9092,#9093);
#7515=AXIS2_PLACEMENT_3D('',#11278,#9096,#9097);
#7516=AXIS2_PLACEMENT_3D('',#11287,#9102,#9103);
#7517=AXIS2_PLACEMENT_3D('',#11293,#9107,#9108);
#7518=AXIS2_PLACEMENT_3D('',#11299,#9112,#9113);
#7519=AXIS2_PLACEMENT_3D('',#11305,#9117,#9118);
#7520=AXIS2_PLACEMENT_3D('',#11311,#9122,#9123);
#7521=AXIS2_PLACEMENT_3D('',#11314,#9126,#9127);
#7522=AXIS2_PLACEMENT_3D('',#11318,#9130,#9131);
#7523=AXIS2_PLACEMENT_3D('',#11321,#9132,#9133);
#7524=AXIS2_PLACEMENT_3D('',#11324,#9136,#9137);
#7525=AXIS2_PLACEMENT_3D('',#11327,#9139,#9140);
#7526=AXIS2_PLACEMENT_3D('',#11328,#9141,#9142);
#7527=AXIS2_PLACEMENT_3D('',#11334,#9145,#9146);
#7528=AXIS2_PLACEMENT_3D('',#11336,#9148,#9149);
#7529=AXIS2_PLACEMENT_3D('',#11337,#9150,#9151);
#7530=AXIS2_PLACEMENT_3D('',#11339,#9152,#9153);
#7531=AXIS2_PLACEMENT_3D('',#11340,#9154,#9155);
#7532=AXIS2_PLACEMENT_3D('',#11341,#9156,#9157);
#7533=AXIS2_PLACEMENT_3D('',#11377,#9158,#9159);
#7534=AXIS2_PLACEMENT_3D('',#11379,#9160,#9161);
#7535=AXIS2_PLACEMENT_3D('',#11380,#9162,#9163);
#7536=AXIS2_PLACEMENT_3D('',#11381,#9164,#9165);
#7537=AXIS2_PLACEMENT_3D('',#11383,#9166,#9167);
#7538=AXIS2_PLACEMENT_3D('',#11385,#9169,#9170);
#7539=AXIS2_PLACEMENT_3D('',#11388,#9171,#9172);
#7540=AXIS2_PLACEMENT_3D('',#11395,#9177,#9178);
#7541=AXIS2_PLACEMENT_3D('',#11398,#9180,#9181);
#7542=AXIS2_PLACEMENT_3D('',#11399,#9182,#9183);
#7543=AXIS2_PLACEMENT_3D('',#11401,#9185,#9186);
#7544=AXIS2_PLACEMENT_3D('',#11403,#9188,#9189);
#7545=AXIS2_PLACEMENT_3D('',#11409,#9193,#9194);
#7546=AXIS2_PLACEMENT_3D('',#11413,#9197,#9198);
#7547=AXIS2_PLACEMENT_3D('',#11417,#9201,#9202);
#7548=AXIS2_PLACEMENT_3D('',#11419,#9204,#9205);
#7549=AXIS2_PLACEMENT_3D('',#11423,#9207,#9208);
#7550=AXIS2_PLACEMENT_3D('',#11427,#9210,#9211);
#7551=AXIS2_PLACEMENT_3D('',#11429,#9213,#9214);
#7552=AXIS2_PLACEMENT_3D('',#11434,#9217,#9218);
#7553=AXIS2_PLACEMENT_3D('',#11436,#9219,#9220);
#7554=AXIS2_PLACEMENT_3D('',#11437,#9221,#9222);
#7555=AXIS2_PLACEMENT_3D('',#11440,#9225,#9226);
#7556=AXIS2_PLACEMENT_3D('',#11441,#9227,#9228);
#7557=AXIS2_PLACEMENT_3D('',#11442,#9229,#9230);
#7558=AXIS2_PLACEMENT_3D('',#11445,#9232,#9233);
#7559=AXIS2_PLACEMENT_3D('',#11446,#9234,#9235);
#7560=AXIS2_PLACEMENT_3D('',#11457,#9236,#9237);
#7561=AXIS2_PLACEMENT_3D('',#11458,#9238,#9239);
#7562=AXIS2_PLACEMENT_3D('',#11460,#9240,#9241);
#7563=AXIS2_PLACEMENT_3D('',#11462,#9242,#9243);
#7564=AXIS2_PLACEMENT_3D('',#11463,#9244,#9245);
#7565=AXIS2_PLACEMENT_3D('',#11464,#9246,#9247);
#7566=AXIS2_PLACEMENT_3D('',#11465,#9248,#9249);
#7567=AXIS2_PLACEMENT_3D('',#11466,#9250,#9251);
#7568=AXIS2_PLACEMENT_3D('',#11468,#9253,#9254);
#7569=AXIS2_PLACEMENT_3D('',#11469,#9255,#9256);
#7570=AXIS2_PLACEMENT_3D('',#11499,#9257,#9258);
#7571=AXIS2_PLACEMENT_3D('',#11501,#9259,#9260);
#7572=AXIS2_PLACEMENT_3D('',#11502,#9261,#9262);
#7573=AXIS2_PLACEMENT_3D('',#11503,#9263,#9264);
#7574=AXIS2_PLACEMENT_3D('',#11504,#9265,#9266);
#7575=AXIS2_PLACEMENT_3D('',#11535,#9268,#9269);
#7576=AXIS2_PLACEMENT_3D('',#11537,#9270,#9271);
#7577=AXIS2_PLACEMENT_3D('',#11538,#9272,#9273);
#7578=AXIS2_PLACEMENT_3D('',#11539,#9274,#9275);
#7579=AXIS2_PLACEMENT_3D('',#11540,#9276,#9277);
#7580=AXIS2_PLACEMENT_3D('',#11542,#9279,#9280);
#7581=AXIS2_PLACEMENT_3D('',#11544,#9282,#9283);
#7582=AXIS2_PLACEMENT_3D('',#11546,#9284,#9285);
#7583=AXIS2_PLACEMENT_3D('',#11548,#9287,#9288);
#7584=AXIS2_PLACEMENT_3D('',#11550,#9289,#9290);
#7585=AXIS2_PLACEMENT_3D('',#11552,#9292,#9293);
#7586=AXIS2_PLACEMENT_3D('',#11553,#9294,#9295);
#7587=AXIS2_PLACEMENT_3D('',#11554,#9296,#9297);
#7588=AXIS2_PLACEMENT_3D('',#11556,#9299,#9300);
#7589=AXIS2_PLACEMENT_3D('',#11558,#9302,#9303);
#7590=DIRECTION('axis',(0.,0.,1.));
#7591=DIRECTION('refdir',(1.,0.,0.));
#7592=DIRECTION('center_axis',(1.,0.,0.));
#7593=DIRECTION('ref_axis',(0.,-1.,0.));
#7594=DIRECTION('',(0.,-1.,0.));
#7595=DIRECTION('',(0.,1.47845667889012E-18,1.));
#7596=DIRECTION('center_axis',(-0.999999999999998,-4.3711388286742E-8,4.57180736893945E-8));
#7597=DIRECTION('ref_axis',(4.3711388286742E-8,-0.999999999999999,-2.785361828546E-33));
#7598=DIRECTION('',(0.,1.47845667889012E-18,1.));
#7599=DIRECTION('center_axis',(0.,0.,-1.));
#7600=DIRECTION('ref_axis',(-1.,0.,0.));
#7601=DIRECTION('center_axis',(-0.342020143325669,-0.939692620785908,0.));
#7602=DIRECTION('ref_axis',(-0.939692620785909,0.342020143325669,0.));
#7603=DIRECTION('center_axis',(0.,0.,1.));
#7604=DIRECTION('ref_axis',(-0.560922647375904,-0.827868216361038,0.));
#7605=DIRECTION('center_axis',(0.,0.,-1.));
#7606=DIRECTION('ref_axis',(-0.560922647375904,-0.827868216361038,0.));
#7607=DIRECTION('center_axis',(0.,0.,1.));
#7608=DIRECTION('ref_axis',(1.,0.,0.));
#7609=DIRECTION('',(-1.,0.,0.));
#7610=DIRECTION('',(0.939692620785908,-0.342020143325669,0.));
#7611=DIRECTION('center_axis',(0.,0.,1.));
#7612=DIRECTION('ref_axis',(-1.,0.,0.));
#7613=DIRECTION('',(-1.,0.,0.));
#7614=DIRECTION('center_axis',(0.,0.,1.));
#7615=DIRECTION('ref_axis',(-1.,0.,0.));
#7616=DIRECTION('',(0.939692620785909,0.342020143325667,0.));
#7617=DIRECTION('center_axis',(0.,0.,1.));
#7618=DIRECTION('ref_axis',(0.707106781186548,0.707106781186547,0.));
#7619=DIRECTION('',(0.,1.,0.));
#7620=DIRECTION('center_axis',(0.,0.,1.));
#7621=DIRECTION('ref_axis',(0.707106781186547,-0.707106781186548,0.));
#7622=DIRECTION('',(1.,0.,0.));
#7623=DIRECTION('center_axis',(0.,0.,1.));
#7624=DIRECTION('ref_axis',(-0.707106781186547,-0.707106781186548,0.));
#7625=DIRECTION('',(0.,-1.,0.));
#7626=DIRECTION('',(1.,0.,0.));
#7627=DIRECTION('',(0.,1.,0.));
#7628=DIRECTION('',(-1.,0.,0.));
#7629=DIRECTION('',(0.,-1.,0.));
#7630=DIRECTION('center_axis',(0.,0.,-1.));
#7631=DIRECTION('ref_axis',(-1.,0.,0.));
#7632=DIRECTION('center_axis',(-0.342020143325669,-0.939692620785908,0.));
#7633=DIRECTION('ref_axis',(-0.939692620785908,0.342020143325669,0.));
#7634=DIRECTION('',(0.,0.,-1.));
#7635=DIRECTION('center_axis',(0.342020143325669,0.939692620785908,0.));
#7636=DIRECTION('ref_axis',(-0.939692620785909,0.342020143325669,0.));
#7637=DIRECTION('',(0.939692620785908,-0.342020143325669,0.));
#7638=DIRECTION('',(0.,0.,-1.));
#7639=DIRECTION('',(-0.939692620785908,0.342020143325669,0.));
#7640=DIRECTION('',(0.,0.,1.));
#7641=DIRECTION('center_axis',(-0.342020143325669,-0.939692620785908,0.));
#7642=DIRECTION('ref_axis',(-0.939692620785908,0.342020143325669,0.));
#7643=DIRECTION('',(0.,0.,-1.));
#7644=DIRECTION('center_axis',(0.,-1.,0.));
#7645=DIRECTION('ref_axis',(-1.,0.,0.));
#7646=DIRECTION('',(1.,0.,0.));
#7647=DIRECTION('',(0.,0.,-1.));
#7648=DIRECTION('',(-0.999999999999998,-4.37113885827974E-8,4.57180737711837E-8));
#7649=DIRECTION('center_axis',(4.3711388286742E-8,-0.999999999999999,1.47845667889012E-18));
#7650=DIRECTION('ref_axis',(0.707106765022772,3.09086091548802E-8,-0.707106797350322));
#7651=DIRECTION('center_axis',(0.,1.,0.));
#7652=DIRECTION('ref_axis',(1.,0.,1.09074542903758E-15));
#7653=DIRECTION('',(-0.999999999999998,-4.37113885827974E-8,4.57180737711837E-8));
#7654=DIRECTION('center_axis',(0.,0.,-1.));
#7655=DIRECTION('ref_axis',(-4.37113905764927E-8,0.999999999999999,0.));
#7656=DIRECTION('center_axis',(0.,0.,-1.));
#7657=DIRECTION('ref_axis',(-1.,0.,0.));
#7658=DIRECTION('center_axis',(0.,0.,1.));
#7659=DIRECTION('ref_axis',(-1.,0.,0.));
#7660=DIRECTION('center_axis',(-0.999999999999998,-4.3711388286742E-8,4.57180736893945E-8));
#7661=DIRECTION('ref_axis',(4.3711388286742E-8,-0.999999999999999,-2.785361828546E-33));
#7662=DIRECTION('',(0.,-1.,0.));
#7663=DIRECTION('',(4.57180736893945E-8,1.9998789274379E-15,0.999999999999999));
#7664=DIRECTION('',(-4.3711388286742E-8,0.999999999999999,0.));
#7665=DIRECTION('',(4.57180736893945E-8,1.9998789274379E-15,0.999999999999999));
#7666=DIRECTION('',(4.3711388286742E-8,-0.999999999999999,4.07709582695044E-31));
#7667=DIRECTION('center_axis',(1.,0.,0.));
#7668=DIRECTION('ref_axis',(0.,-1.,0.));
#7669=DIRECTION('',(0.,-1.,0.));
#7670=DIRECTION('',(0.,0.,-1.));
#7671=DIRECTION('',(0.,0.,1.));
#7672=DIRECTION('',(0.,1.,0.));
#7673=DIRECTION('',(0.,0.,-1.));
#7674=DIRECTION('',(0.,1.,0.));
#7675=DIRECTION('',(0.,0.,1.));
#7676=DIRECTION('',(0.,-1.,0.));
#7677=DIRECTION('center_axis',(-4.3711388286742E-8,0.999999999999999,-1.47845667889012E-18));
#7678=DIRECTION('ref_axis',(-0.999999999999998,-4.3711388286742E-8,4.57180736888542E-8));
#7679=DIRECTION('',(0.,0.,-1.));
#7680=DIRECTION('',(0.,0.,1.));
#7681=DIRECTION('',(0.999999999999999,4.3711388286742E-8,0.));
#7682=DIRECTION('',(-4.57180736893945E-8,-1.9998789274379E-15,-0.999999999999999));
#7683=DIRECTION('',(-0.999999999999999,-4.3711388286742E-8,0.));
#7684=DIRECTION('center_axis',(0.,-1.,0.));
#7685=DIRECTION('ref_axis',(-1.,0.,0.));
#7686=DIRECTION('',(1.,0.,0.));
#7687=DIRECTION('',(0.,0.,1.));
#7688=DIRECTION('',(0.,0.,-1.));
#7689=DIRECTION('center_axis',(0.,0.,1.));
#7690=DIRECTION('ref_axis',(0.,1.,0.));
#7691=DIRECTION('',(0.,-1.,0.));
#7692=DIRECTION('',(-1.,0.,0.));
#7693=DIRECTION('',(0.,1.,0.));
#7694=DIRECTION('',(-1.,0.,0.));
#7695=DIRECTION('center_axis',(0.,-0.866025403784436,0.500000000000004));
#7696=DIRECTION('ref_axis',(0.,0.500000000000004,0.866025403784436));
#7697=DIRECTION('',(0.,-0.500000000000004,-0.866025403784436));
#7698=DIRECTION('',(0.,0.500000000000004,0.866025403784436));
#7699=DIRECTION('',(-1.,0.,0.));
#7700=DIRECTION('center_axis',(0.,-0.866025403784436,-0.500000000000004));
#7701=DIRECTION('ref_axis',(0.,-0.500000000000004,0.866025403784436));
#7702=DIRECTION('',(0.,0.500000000000004,-0.866025403784436));
#7703=DIRECTION('',(0.,-0.500000000000004,0.866025403784436));
#7704=DIRECTION('',(-1.,0.,0.));
#7705=DIRECTION('center_axis',(0.,0.,-1.));
#7706=DIRECTION('ref_axis',(0.,-1.,0.));
#7707=DIRECTION('',(0.,1.,0.));
#7708=DIRECTION('',(0.,-1.,0.));
#7709=DIRECTION('',(-1.,0.,0.));
#7710=DIRECTION('center_axis',(0.,0.866025403784436,-0.500000000000004));
#7711=DIRECTION('ref_axis',(0.,-0.500000000000004,-0.866025403784436));
#7712=DIRECTION('',(0.,0.500000000000004,0.866025403784436));
#7713=DIRECTION('',(0.,-0.500000000000004,-0.866025403784436));
#7714=DIRECTION('',(-1.,0.,0.));
#7715=DIRECTION('center_axis',(0.,0.866025403784436,0.500000000000004));
#7716=DIRECTION('ref_axis',(0.,0.500000000000004,-0.866025403784436));
#7717=DIRECTION('',(0.,-0.500000000000004,0.866025403784436));
#7718=DIRECTION('',(0.,0.500000000000004,-0.866025403784436));
#7719=DIRECTION('center_axis',(0.,0.,1.));
#7720=DIRECTION('ref_axis',(0.,1.,0.));
#7721=DIRECTION('',(0.,-1.,0.));
#7722=DIRECTION('',(-1.,0.,0.));
#7723=DIRECTION('',(0.,1.,0.));
#7724=DIRECTION('',(-1.,0.,0.));
#7725=DIRECTION('center_axis',(0.,-0.866025403784436,0.500000000000004));
#7726=DIRECTION('ref_axis',(0.,0.500000000000004,0.866025403784436));
#7727=DIRECTION('',(0.,-0.500000000000004,-0.866025403784436));
#7728=DIRECTION('',(0.,0.500000000000004,0.866025403784436));
#7729=DIRECTION('',(-1.,0.,0.));
#7730=DIRECTION('center_axis',(0.,-0.866025403784436,-0.500000000000004));
#7731=DIRECTION('ref_axis',(0.,-0.500000000000004,0.866025403784436));
#7732=DIRECTION('',(0.,0.500000000000004,-0.866025403784436));
#7733=DIRECTION('',(0.,-0.500000000000004,0.866025403784436));
#7734=DIRECTION('',(-1.,0.,0.));
#7735=DIRECTION('center_axis',(0.,0.,-1.));
#7736=DIRECTION('ref_axis',(0.,-1.,0.));
#7737=DIRECTION('',(0.,1.,0.));
#7738=DIRECTION('',(0.,-1.,0.));
#7739=DIRECTION('',(-1.,0.,0.));
#7740=DIRECTION('center_axis',(0.,0.866025403784436,-0.500000000000004));
#7741=DIRECTION('ref_axis',(0.,-0.500000000000004,-0.866025403784436));
#7742=DIRECTION('',(0.,0.500000000000004,0.866025403784436));
#7743=DIRECTION('',(0.,-0.500000000000004,-0.866025403784436));
#7744=DIRECTION('',(-1.,0.,0.));
#7745=DIRECTION('center_axis',(0.,0.866025403784436,0.500000000000004));
#7746=DIRECTION('ref_axis',(0.,0.500000000000004,-0.866025403784436));
#7747=DIRECTION('',(0.,-0.500000000000004,0.866025403784436));
#7748=DIRECTION('',(0.,0.500000000000004,-0.866025403784436));
#7749=DIRECTION('center_axis',(0.,0.,1.));
#7750=DIRECTION('ref_axis',(0.,1.,0.));
#7751=DIRECTION('',(0.,-1.,0.));
#7752=DIRECTION('',(-1.,0.,0.));
#7753=DIRECTION('',(0.,1.,0.));
#7754=DIRECTION('',(-1.,0.,0.));
#7755=DIRECTION('center_axis',(0.,-0.86602540378444,0.499999999999998));
#7756=DIRECTION('ref_axis',(0.,0.499999999999998,0.86602540378444));
#7757=DIRECTION('',(0.,-0.499999999999998,-0.86602540378444));
#7758=DIRECTION('',(0.,0.499999999999998,0.86602540378444));
#7759=DIRECTION('',(-1.,0.,0.));
#7760=DIRECTION('center_axis',(0.,-0.86602540378444,-0.499999999999998));
#7761=DIRECTION('ref_axis',(0.,-0.499999999999998,0.86602540378444));
#7762=DIRECTION('',(0.,0.499999999999998,-0.86602540378444));
#7763=DIRECTION('',(0.,-0.499999999999998,0.86602540378444));
#7764=DIRECTION('',(-1.,0.,0.));
#7765=DIRECTION('center_axis',(0.,0.,-1.));
#7766=DIRECTION('ref_axis',(0.,-1.,0.));
#7767=DIRECTION('',(0.,1.,0.));
#7768=DIRECTION('',(0.,-1.,0.));
#7769=DIRECTION('',(-1.,0.,0.));
#7770=DIRECTION('center_axis',(0.,0.86602540378444,-0.499999999999998));
#7771=DIRECTION('ref_axis',(0.,-0.499999999999998,-0.86602540378444));
#7772=DIRECTION('',(0.,0.499999999999998,0.86602540378444));
#7773=DIRECTION('',(0.,-0.499999999999998,-0.86602540378444));
#7774=DIRECTION('',(-1.,0.,0.));
#7775=DIRECTION('center_axis',(0.,0.86602540378444,0.499999999999998));
#7776=DIRECTION('ref_axis',(0.,0.499999999999998,-0.86602540378444));
#7777=DIRECTION('',(0.,-0.499999999999998,0.86602540378444));
#7778=DIRECTION('',(0.,0.499999999999998,-0.86602540378444));
#7779=DIRECTION('center_axis',(0.,0.,1.));
#7780=DIRECTION('ref_axis',(0.,1.,0.));
#7781=DIRECTION('',(0.,-1.,0.));
#7782=DIRECTION('',(-1.,0.,0.));
#7783=DIRECTION('',(0.,1.,0.));
#7784=DIRECTION('',(-1.,0.,0.));
#7785=DIRECTION('center_axis',(0.,-0.866025403784438,0.500000000000001));
#7786=DIRECTION('ref_axis',(0.,0.500000000000001,0.866025403784438));
#7787=DIRECTION('',(0.,-0.500000000000001,-0.866025403784438));
#7788=DIRECTION('',(0.,0.500000000000001,0.866025403784438));
#7789=DIRECTION('',(-1.,0.,0.));
#7790=DIRECTION('center_axis',(0.,-0.866025403784438,-0.500000000000001));
#7791=DIRECTION('ref_axis',(0.,-0.500000000000001,0.866025403784438));
#7792=DIRECTION('',(0.,0.500000000000001,-0.866025403784438));
#7793=DIRECTION('',(0.,-0.500000000000001,0.866025403784438));
#7794=DIRECTION('',(-1.,0.,0.));
#7795=DIRECTION('center_axis',(0.,0.,-1.));
#7796=DIRECTION('ref_axis',(0.,-1.,0.));
#7797=DIRECTION('',(0.,1.,0.));
#7798=DIRECTION('',(0.,-1.,0.));
#7799=DIRECTION('',(-1.,0.,0.));
#7800=DIRECTION('center_axis',(0.,0.866025403784438,-0.500000000000001));
#7801=DIRECTION('ref_axis',(0.,-0.500000000000001,-0.866025403784438));
#7802=DIRECTION('',(0.,0.500000000000001,0.866025403784438));
#7803=DIRECTION('',(0.,-0.500000000000001,-0.866025403784438));
#7804=DIRECTION('',(-1.,0.,0.));
#7805=DIRECTION('center_axis',(0.,0.866025403784438,0.500000000000001));
#7806=DIRECTION('ref_axis',(0.,0.500000000000001,-0.866025403784438));
#7807=DIRECTION('',(0.,-0.500000000000001,0.866025403784438));
#7808=DIRECTION('',(0.,0.500000000000001,-0.866025403784438));
#7809=DIRECTION('center_axis',(0.,-0.866025403784439,-0.5));
#7810=DIRECTION('ref_axis',(0.,-0.5,0.866025403784439));
#7811=DIRECTION('center_axis',(0.,-0.866025403784439,-0.5));
#7812=DIRECTION('ref_axis',(0.,-0.5,0.866025403784439));
#7813=DIRECTION('',(0.,-0.5,0.866025403784439));
#7814=DIRECTION('',(-1.,0.,0.));
#7815=DIRECTION('center_axis',(0.,-0.866025403784439,-0.5));
#7816=DIRECTION('ref_axis',(0.,-0.5,0.866025403784439));
#7817=DIRECTION('',(0.,0.5,-0.866025403784439));
#7818=DIRECTION('',(-1.,0.,0.));
#7819=DIRECTION('',(0.,-0.5,0.866025403784439));
#7820=DIRECTION('',(-1.,0.,0.));
#7821=DIRECTION('center_axis',(0.,-0.866025403784439,0.5));
#7822=DIRECTION('ref_axis',(0.,0.5,0.866025403784439));
#7823=DIRECTION('center_axis',(0.,-0.866025403784439,0.5));
#7824=DIRECTION('ref_axis',(0.,-0.5,-0.866025403784439));
#7825=DIRECTION('',(0.,0.5,0.866025403784439));
#7826=DIRECTION('',(-1.,0.,0.));
#7827=DIRECTION('center_axis',(0.,-0.866025403784439,0.5));
#7828=DIRECTION('ref_axis',(0.,0.5,0.866025403784439));
#7829=DIRECTION('',(0.,-0.5,-0.866025403784439));
#7830=DIRECTION('',(-1.,0.,0.));
#7831=DIRECTION('',(0.,0.5,0.866025403784439));
#7832=DIRECTION('center_axis',(0.,0.,1.));
#7833=DIRECTION('ref_axis',(0.,1.,0.));
#7834=DIRECTION('center_axis',(0.,0.,1.));
#7835=DIRECTION('ref_axis',(-1.,0.,0.));
#7836=DIRECTION('',(0.,1.,0.));
#7837=DIRECTION('',(-1.,0.,0.));
#7838=DIRECTION('center_axis',(0.,0.,1.));
#7839=DIRECTION('ref_axis',(-1.,0.,0.));
#7840=DIRECTION('center_axis',(0.,0.,1.));
#7841=DIRECTION('ref_axis',(0.,1.,0.));
#7842=DIRECTION('',(0.,-1.,0.));
#7843=DIRECTION('',(-1.,0.,0.));
#7844=DIRECTION('',(0.,1.,0.));
#7845=DIRECTION('center_axis',(0.,0.866025403784439,-0.5));
#7846=DIRECTION('ref_axis',(0.,-0.5,-0.866025403784439));
#7847=DIRECTION('center_axis',(0.,0.866025403784439,-0.5));
#7848=DIRECTION('ref_axis',(0.,-0.5,-0.866025403784439));
#7849=DIRECTION('',(-1.,0.,0.));
#7850=DIRECTION('',(0.,-0.5,-0.866025403784439));
#7851=DIRECTION('center_axis',(0.,0.866025403784439,0.5));
#7852=DIRECTION('ref_axis',(0.,0.5,-0.866025403784439));
#7853=DIRECTION('center_axis',(0.,0.866025403784439,0.5));
#7854=DIRECTION('ref_axis',(0.,-0.5,0.866025403784439));
#7855=DIRECTION('',(0.,0.5,-0.866025403784439));
#7856=DIRECTION('center_axis',(0.,0.,-1.));
#7857=DIRECTION('ref_axis',(0.,-1.,0.));
#7858=DIRECTION('',(0.,1.,0.));
#7859=DIRECTION('',(0.,-1.,0.));
#7860=DIRECTION('',(-1.,0.,0.));
#7861=DIRECTION('center_axis',(0.,0.866025403784439,-0.5));
#7862=DIRECTION('ref_axis',(0.,-0.5,-0.866025403784439));
#7863=DIRECTION('',(0.,0.5,0.866025403784439));
#7864=DIRECTION('',(0.,-0.5,-0.866025403784439));
#7865=DIRECTION('',(-1.,0.,0.));
#7866=DIRECTION('center_axis',(0.,0.866025403784439,0.5));
#7867=DIRECTION('ref_axis',(0.,0.5,-0.866025403784439));
#7868=DIRECTION('',(0.,-0.5,0.866025403784439));
#7869=DIRECTION('',(0.,0.5,-0.866025403784439));
#7870=DIRECTION('center_axis',(-1.,0.,0.));
#7871=DIRECTION('ref_axis',(0.,0.,1.));
#7872=DIRECTION('center_axis',(0.,0.866025403784439,-0.5));
#7873=DIRECTION('ref_axis',(0.,-0.499999999999999,-0.866025403784439));
#7874=DIRECTION('',(0.,0.499999999999999,0.866025403784439));
#7875=DIRECTION('',(-1.,0.,0.));
#7876=DIRECTION('',(0.,-0.499999999999999,-0.866025403784439));
#7877=DIRECTION('',(-1.,0.,0.));
#7878=DIRECTION('center_axis',(0.,0.866025403784439,0.5));
#7879=DIRECTION('ref_axis',(0.,0.499999999999999,-0.866025403784439));
#7880=DIRECTION('',(0.,-0.499999999999999,0.866025403784439));
#7881=DIRECTION('',(0.,0.499999999999999,-0.866025403784439));
#7882=DIRECTION('',(-1.,0.,0.));
#7883=DIRECTION('',(0.,0.499999999999999,-0.866025403784439));
#7884=DIRECTION('',(-1.,0.,0.));
#7885=DIRECTION('center_axis',(-1.,0.,0.));
#7886=DIRECTION('ref_axis',(0.,0.,1.));
#7887=DIRECTION('',(0.,-1.,0.));
#7888=DIRECTION('',(0.,1.,0.));
#7889=DIRECTION('',(0.,0.499999999999999,0.866025403784439));
#7890=DIRECTION('center_axis',(0.,0.,-1.));
#7891=DIRECTION('ref_axis',(0.,-1.,0.));
#7892=DIRECTION('',(0.,1.,0.));
#7893=DIRECTION('',(-1.,0.,0.));
#7894=DIRECTION('',(0.,-1.,0.));
#7895=DIRECTION('center_axis',(0.,0.,1.));
#7896=DIRECTION('ref_axis',(0.,1.,0.));
#7897=DIRECTION('',(0.,1.,0.));
#7898=DIRECTION('',(-1.,0.,0.));
#7899=DIRECTION('center_axis',(0.,-0.866025403784439,0.5));
#7900=DIRECTION('ref_axis',(0.,0.499999999999999,0.866025403784439));
#7901=DIRECTION('',(0.,-0.499999999999999,-0.866025403784439));
#7902=DIRECTION('',(1.,0.,0.));
#7903=DIRECTION('',(0.,0.499999999999999,0.866025403784439));
#7904=DIRECTION('',(-1.,0.,0.));
#7905=DIRECTION('center_axis',(0.,-0.866025403784439,-0.5));
#7906=DIRECTION('ref_axis',(0.,-0.499999999999999,0.866025403784439));
#7907=DIRECTION('',(0.,0.499999999999999,-0.866025403784439));
#7908=DIRECTION('',(0.,-0.499999999999999,0.866025403784439));
#7909=DIRECTION('center_axis',(0.,0.86602540378444,-0.499999999999998));
#7910=DIRECTION('ref_axis',(0.,-0.499999999999998,-0.86602540378444));
#7911=DIRECTION('',(0.,0.499999999999998,0.86602540378444));
#7912=DIRECTION('',(-1.,0.,0.));
#7913=DIRECTION('',(0.,-0.499999999999998,-0.86602540378444));
#7914=DIRECTION('',(-1.,0.,0.));
#7915=DIRECTION('center_axis',(0.,0.86602540378444,0.499999999999998));
#7916=DIRECTION('ref_axis',(0.,0.499999999999998,-0.86602540378444));
#7917=DIRECTION('',(0.,-0.499999999999998,0.86602540378444));
#7918=DIRECTION('',(0.,0.499999999999998,-0.86602540378444));
#7919=DIRECTION('',(-1.,0.,0.));
#7920=DIRECTION('',(0.,0.499999999999998,-0.86602540378444));
#7921=DIRECTION('',(-1.,0.,0.));
#7922=DIRECTION('center_axis',(-1.,0.,0.));
#7923=DIRECTION('ref_axis',(0.,0.,1.));
#7924=DIRECTION('',(0.,-1.,0.));
#7925=DIRECTION('',(0.,1.,0.));
#7926=DIRECTION('',(0.,0.499999999999998,0.86602540378444));
#7927=DIRECTION('center_axis',(0.,0.,-1.));
#7928=DIRECTION('ref_axis',(0.,-1.,0.));
#7929=DIRECTION('',(0.,1.,0.));
#7930=DIRECTION('',(-1.,0.,0.));
#7931=DIRECTION('',(0.,-1.,0.));
#7932=DIRECTION('center_axis',(0.,0.,1.));
#7933=DIRECTION('ref_axis',(0.,1.,0.));
#7934=DIRECTION('',(0.,1.,0.));
#7935=DIRECTION('',(-1.,0.,0.));
#7936=DIRECTION('center_axis',(0.,-0.86602540378444,0.499999999999998));
#7937=DIRECTION('ref_axis',(0.,0.499999999999998,0.86602540378444));
#7938=DIRECTION('',(0.,-0.499999999999998,-0.86602540378444));
#7939=DIRECTION('',(1.,0.,0.));
#7940=DIRECTION('',(0.,0.499999999999998,0.86602540378444));
#7941=DIRECTION('',(-1.,0.,0.));
#7942=DIRECTION('center_axis',(0.,-0.86602540378444,-0.499999999999998));
#7943=DIRECTION('ref_axis',(0.,-0.499999999999998,0.86602540378444));
#7944=DIRECTION('',(0.,0.499999999999998,-0.86602540378444));
#7945=DIRECTION('',(0.,-0.499999999999998,0.86602540378444));
#7946=DIRECTION('center_axis',(0.,0.866025403784436,-0.500000000000004));
#7947=DIRECTION('ref_axis',(0.,-0.500000000000004,-0.866025403784436));
#7948=DIRECTION('',(0.,0.500000000000004,0.866025403784436));
#7949=DIRECTION('',(-1.,0.,0.));
#7950=DIRECTION('',(0.,-0.500000000000004,-0.866025403784436));
#7951=DIRECTION('',(-1.,0.,0.));
#7952=DIRECTION('center_axis',(0.,0.866025403784436,0.500000000000004));
#7953=DIRECTION('ref_axis',(0.,0.500000000000004,-0.866025403784436));
#7954=DIRECTION('',(0.,-0.500000000000004,0.866025403784436));
#7955=DIRECTION('',(0.,0.500000000000004,-0.866025403784436));
#7956=DIRECTION('',(-1.,0.,0.));
#7957=DIRECTION('',(0.,0.500000000000004,-0.866025403784436));
#7958=DIRECTION('',(-1.,0.,0.));
#7959=DIRECTION('center_axis',(-1.,0.,0.));
#7960=DIRECTION('ref_axis',(0.,0.,1.));
#7961=DIRECTION('',(0.,-1.,0.));
#7962=DIRECTION('',(0.,1.,0.));
#7963=DIRECTION('',(0.,0.500000000000004,0.866025403784436));
#7964=DIRECTION('center_axis',(0.,0.,-1.));
#7965=DIRECTION('ref_axis',(0.,-1.,0.));
#7966=DIRECTION('',(0.,1.,0.));
#7967=DIRECTION('',(-1.,0.,0.));
#7968=DIRECTION('',(0.,-1.,0.));
#7969=DIRECTION('center_axis',(0.,0.,1.));
#7970=DIRECTION('ref_axis',(0.,1.,0.));
#7971=DIRECTION('',(0.,1.,0.));
#7972=DIRECTION('',(-1.,0.,0.));
#7973=DIRECTION('center_axis',(0.,-0.866025403784436,0.500000000000004));
#7974=DIRECTION('ref_axis',(0.,0.500000000000004,0.866025403784436));
#7975=DIRECTION('',(0.,-0.500000000000004,-0.866025403784436));
#7976=DIRECTION('',(1.,0.,0.));
#7977=DIRECTION('',(0.,0.500000000000004,0.866025403784436));
#7978=DIRECTION('',(-1.,0.,0.));
#7979=DIRECTION('center_axis',(0.,-0.866025403784436,-0.500000000000004));
#7980=DIRECTION('ref_axis',(0.,-0.500000000000004,0.866025403784436));
#7981=DIRECTION('',(0.,0.500000000000004,-0.866025403784436));
#7982=DIRECTION('',(0.,-0.500000000000004,0.866025403784436));
#7983=DIRECTION('center_axis',(0.,0.866025403784436,-0.500000000000004));
#7984=DIRECTION('ref_axis',(0.,-0.500000000000004,-0.866025403784436));
#7985=DIRECTION('',(0.,0.500000000000004,0.866025403784436));
#7986=DIRECTION('',(-1.,0.,0.));
#7987=DIRECTION('',(0.,-0.500000000000004,-0.866025403784436));
#7988=DIRECTION('',(-1.,0.,0.));
#7989=DIRECTION('center_axis',(0.,0.866025403784436,0.500000000000004));
#7990=DIRECTION('ref_axis',(0.,0.500000000000004,-0.866025403784436));
#7991=DIRECTION('',(0.,-0.500000000000004,0.866025403784436));
#7992=DIRECTION('',(0.,0.500000000000004,-0.866025403784436));
#7993=DIRECTION('',(-1.,0.,0.));
#7994=DIRECTION('',(0.,0.500000000000004,-0.866025403784436));
#7995=DIRECTION('',(-1.,0.,0.));
#7996=DIRECTION('center_axis',(-1.,0.,0.));
#7997=DIRECTION('ref_axis',(0.,0.,1.));
#7998=DIRECTION('',(0.,-1.,0.));
#7999=DIRECTION('',(0.,1.,0.));
#8000=DIRECTION('',(0.,0.500000000000004,0.866025403784436));
#8001=DIRECTION('center_axis',(0.,0.,-1.));
#8002=DIRECTION('ref_axis',(0.,-1.,0.));
#8003=DIRECTION('',(0.,1.,0.));
#8004=DIRECTION('',(-1.,0.,0.));
#8005=DIRECTION('',(0.,-1.,0.));
#8006=DIRECTION('center_axis',(0.,0.,1.));
#8007=DIRECTION('ref_axis',(0.,1.,0.));
#8008=DIRECTION('',(0.,1.,0.));
#8009=DIRECTION('',(-1.,0.,0.));
#8010=DIRECTION('center_axis',(0.,-0.866025403784436,0.500000000000004));
#8011=DIRECTION('ref_axis',(0.,0.500000000000004,0.866025403784436));
#8012=DIRECTION('',(0.,-0.500000000000004,-0.866025403784436));
#8013=DIRECTION('',(1.,0.,0.));
#8014=DIRECTION('',(0.,0.500000000000004,0.866025403784436));
#8015=DIRECTION('',(-1.,0.,0.));
#8016=DIRECTION('center_axis',(0.,-0.866025403784436,-0.500000000000004));
#8017=DIRECTION('ref_axis',(0.,-0.500000000000004,0.866025403784436));
#8018=DIRECTION('',(0.,0.500000000000004,-0.866025403784436));
#8019=DIRECTION('',(0.,-0.500000000000004,0.866025403784436));
#8020=DIRECTION('center_axis',(0.,0.866025403784436,-0.500000000000004));
#8021=DIRECTION('ref_axis',(0.,-0.500000000000004,-0.866025403784436));
#8022=DIRECTION('',(0.,0.500000000000004,0.866025403784436));
#8023=DIRECTION('',(-1.,0.,0.));
#8024=DIRECTION('',(0.,-0.500000000000004,-0.866025403784436));
#8025=DIRECTION('',(-1.,0.,0.));
#8026=DIRECTION('center_axis',(0.,0.866025403784436,0.500000000000004));
#8027=DIRECTION('ref_axis',(0.,0.500000000000004,-0.866025403784436));
#8028=DIRECTION('',(0.,-0.500000000000004,0.866025403784436));
#8029=DIRECTION('',(0.,0.500000000000004,-0.866025403784436));
#8030=DIRECTION('',(-1.,0.,0.));
#8031=DIRECTION('',(0.,0.500000000000004,-0.866025403784436));
#8032=DIRECTION('',(-1.,0.,0.));
#8033=DIRECTION('center_axis',(-1.,0.,0.));
#8034=DIRECTION('ref_axis',(0.,0.,1.));
#8035=DIRECTION('',(0.,-1.,0.));
#8036=DIRECTION('',(0.,1.,0.));
#8037=DIRECTION('',(0.,0.500000000000004,0.866025403784436));
#8038=DIRECTION('center_axis',(0.,0.,-1.));
#8039=DIRECTION('ref_axis',(0.,-1.,0.));
#8040=DIRECTION('',(0.,1.,0.));
#8041=DIRECTION('',(-1.,0.,0.));
#8042=DIRECTION('',(0.,-1.,0.));
#8043=DIRECTION('center_axis',(0.,0.,1.));
#8044=DIRECTION('ref_axis',(0.,1.,0.));
#8045=DIRECTION('',(0.,1.,0.));
#8046=DIRECTION('',(-1.,0.,0.));
#8047=DIRECTION('center_axis',(0.,-0.866025403784436,0.500000000000004));
#8048=DIRECTION('ref_axis',(0.,0.500000000000004,0.866025403784436));
#8049=DIRECTION('',(0.,-0.500000000000004,-0.866025403784436));
#8050=DIRECTION('',(1.,0.,0.));
#8051=DIRECTION('',(0.,0.500000000000004,0.866025403784436));
#8052=DIRECTION('',(-1.,0.,0.));
#8053=DIRECTION('center_axis',(0.,-0.866025403784436,-0.500000000000004));
#8054=DIRECTION('ref_axis',(0.,-0.500000000000004,0.866025403784436));
#8055=DIRECTION('',(0.,0.500000000000004,-0.866025403784436));
#8056=DIRECTION('',(0.,-0.500000000000004,0.866025403784436));
#8057=DIRECTION('center_axis',(0.,0.866025403784436,-0.500000000000004));
#8058=DIRECTION('ref_axis',(0.,-0.500000000000004,-0.866025403784436));
#8059=DIRECTION('',(0.,0.500000000000004,0.866025403784436));
#8060=DIRECTION('',(-1.,0.,0.));
#8061=DIRECTION('',(0.,-0.500000000000004,-0.866025403784436));
#8062=DIRECTION('',(-1.,0.,0.));
#8063=DIRECTION('center_axis',(0.,0.866025403784436,0.500000000000004));
#8064=DIRECTION('ref_axis',(0.,0.500000000000004,-0.866025403784436));
#8065=DIRECTION('',(0.,-0.500000000000004,0.866025403784436));
#8066=DIRECTION('',(0.,0.500000000000004,-0.866025403784436));
#8067=DIRECTION('',(-1.,0.,0.));
#8068=DIRECTION('',(0.,0.500000000000004,-0.866025403784436));
#8069=DIRECTION('',(-1.,0.,0.));
#8070=DIRECTION('center_axis',(-1.,0.,0.));
#8071=DIRECTION('ref_axis',(0.,0.,1.));
#8072=DIRECTION('',(0.,-1.,0.));
#8073=DIRECTION('',(0.,1.,0.));
#8074=DIRECTION('',(0.,0.500000000000004,0.866025403784436));
#8075=DIRECTION('center_axis',(0.,0.,-1.));
#8076=DIRECTION('ref_axis',(0.,-1.,0.));
#8077=DIRECTION('',(0.,1.,0.));
#8078=DIRECTION('',(-1.,0.,0.));
#8079=DIRECTION('',(0.,-1.,0.));
#8080=DIRECTION('center_axis',(0.,0.,1.));
#8081=DIRECTION('ref_axis',(0.,1.,0.));
#8082=DIRECTION('',(0.,1.,0.));
#8083=DIRECTION('',(-1.,0.,0.));
#8084=DIRECTION('center_axis',(0.,-0.866025403784436,0.500000000000004));
#8085=DIRECTION('ref_axis',(0.,0.500000000000004,0.866025403784436));
#8086=DIRECTION('',(0.,-0.500000000000004,-0.866025403784436));
#8087=DIRECTION('',(1.,0.,0.));
#8088=DIRECTION('',(0.,0.500000000000004,0.866025403784436));
#8089=DIRECTION('',(-1.,0.,0.));
#8090=DIRECTION('center_axis',(0.,-0.866025403784436,-0.500000000000004));
#8091=DIRECTION('ref_axis',(0.,-0.500000000000004,0.866025403784436));
#8092=DIRECTION('',(0.,0.500000000000004,-0.866025403784436));
#8093=DIRECTION('',(0.,-0.500000000000004,0.866025403784436));
#8094=DIRECTION('center_axis',(0.,0.866025403784436,-0.500000000000004));
#8095=DIRECTION('ref_axis',(0.,-0.500000000000004,-0.866025403784436));
#8096=DIRECTION('',(0.,0.500000000000004,0.866025403784436));
#8097=DIRECTION('',(-1.,0.,0.));
#8098=DIRECTION('',(0.,-0.500000000000004,-0.866025403784436));
#8099=DIRECTION('',(-1.,0.,0.));
#8100=DIRECTION('center_axis',(0.,0.866025403784436,0.500000000000004));
#8101=DIRECTION('ref_axis',(0.,0.500000000000004,-0.866025403784436));
#8102=DIRECTION('',(0.,-0.500000000000004,0.866025403784436));
#8103=DIRECTION('',(0.,0.500000000000004,-0.866025403784436));
#8104=DIRECTION('',(-1.,0.,0.));
#8105=DIRECTION('',(0.,0.500000000000004,-0.866025403784436));
#8106=DIRECTION('',(-1.,0.,0.));
#8107=DIRECTION('center_axis',(-1.,0.,0.));
#8108=DIRECTION('ref_axis',(0.,0.,1.));
#8109=DIRECTION('',(0.,-1.,0.));
#8110=DIRECTION('',(0.,1.,0.));
#8111=DIRECTION('',(0.,0.500000000000004,0.866025403784436));
#8112=DIRECTION('center_axis',(0.,0.,-1.));
#8113=DIRECTION('ref_axis',(0.,-1.,0.));
#8114=DIRECTION('',(0.,1.,0.));
#8115=DIRECTION('',(-1.,0.,0.));
#8116=DIRECTION('',(0.,-1.,0.));
#8117=DIRECTION('center_axis',(0.,0.,1.));
#8118=DIRECTION('ref_axis',(0.,1.,0.));
#8119=DIRECTION('',(0.,1.,0.));
#8120=DIRECTION('',(-1.,0.,0.));
#8121=DIRECTION('center_axis',(0.,-0.866025403784436,0.500000000000004));
#8122=DIRECTION('ref_axis',(0.,0.500000000000004,0.866025403784436));
#8123=DIRECTION('',(0.,-0.500000000000004,-0.866025403784436));
#8124=DIRECTION('',(1.,0.,0.));
#8125=DIRECTION('',(0.,0.500000000000004,0.866025403784436));
#8126=DIRECTION('',(-1.,0.,0.));
#8127=DIRECTION('center_axis',(0.,-0.866025403784436,-0.500000000000004));
#8128=DIRECTION('ref_axis',(0.,-0.500000000000004,0.866025403784436));
#8129=DIRECTION('',(0.,0.500000000000004,-0.866025403784436));
#8130=DIRECTION('',(0.,-0.500000000000004,0.866025403784436));
#8131=DIRECTION('center_axis',(0.,0.86602540378444,-0.499999999999998));
#8132=DIRECTION('ref_axis',(0.,-0.499999999999998,-0.86602540378444));
#8133=DIRECTION('',(0.,0.499999999999998,0.86602540378444));
#8134=DIRECTION('',(-1.,0.,0.));
#8135=DIRECTION('',(0.,-0.499999999999998,-0.86602540378444));
#8136=DIRECTION('',(-1.,0.,0.));
#8137=DIRECTION('center_axis',(0.,0.86602540378444,0.499999999999998));
#8138=DIRECTION('ref_axis',(0.,0.499999999999998,-0.86602540378444));
#8139=DIRECTION('',(0.,-0.499999999999998,0.86602540378444));
#8140=DIRECTION('',(0.,0.499999999999998,-0.86602540378444));
#8141=DIRECTION('',(-1.,0.,0.));
#8142=DIRECTION('',(0.,0.499999999999998,-0.86602540378444));
#8143=DIRECTION('',(-1.,0.,0.));
#8144=DIRECTION('center_axis',(-1.,0.,0.));
#8145=DIRECTION('ref_axis',(0.,0.,1.));
#8146=DIRECTION('',(0.,-1.,0.));
#8147=DIRECTION('',(0.,1.,0.));
#8148=DIRECTION('',(0.,0.499999999999998,0.86602540378444));
#8149=DIRECTION('center_axis',(0.,0.,-1.));
#8150=DIRECTION('ref_axis',(0.,-1.,0.));
#8151=DIRECTION('',(0.,1.,0.));
#8152=DIRECTION('',(-1.,0.,0.));
#8153=DIRECTION('',(0.,-1.,0.));
#8154=DIRECTION('center_axis',(0.,0.,1.));
#8155=DIRECTION('ref_axis',(0.,1.,0.));
#8156=DIRECTION('',(0.,1.,0.));
#8157=DIRECTION('',(-1.,0.,0.));
#8158=DIRECTION('center_axis',(0.,-0.86602540378444,0.499999999999998));
#8159=DIRECTION('ref_axis',(0.,0.499999999999998,0.86602540378444));
#8160=DIRECTION('',(0.,-0.499999999999998,-0.86602540378444));
#8161=DIRECTION('',(1.,0.,0.));
#8162=DIRECTION('',(0.,0.499999999999998,0.86602540378444));
#8163=DIRECTION('',(-1.,0.,0.));
#8164=DIRECTION('center_axis',(0.,-0.86602540378444,-0.499999999999998));
#8165=DIRECTION('ref_axis',(0.,-0.499999999999998,0.86602540378444));
#8166=DIRECTION('',(0.,0.499999999999998,-0.86602540378444));
#8167=DIRECTION('',(0.,-0.499999999999998,0.86602540378444));
#8168=DIRECTION('center_axis',(0.,0.866025403784438,-0.500000000000001));
#8169=DIRECTION('ref_axis',(0.,-0.500000000000001,-0.866025403784438));
#8170=DIRECTION('',(0.,0.500000000000001,0.866025403784438));
#8171=DIRECTION('',(-1.,0.,0.));
#8172=DIRECTION('',(0.,-0.500000000000001,-0.866025403784438));
#8173=DIRECTION('',(-1.,0.,0.));
#8174=DIRECTION('center_axis',(0.,0.866025403784438,0.500000000000001));
#8175=DIRECTION('ref_axis',(0.,0.500000000000001,-0.866025403784438));
#8176=DIRECTION('',(0.,-0.500000000000001,0.866025403784438));
#8177=DIRECTION('',(0.,0.500000000000001,-0.866025403784438));
#8178=DIRECTION('',(-1.,0.,0.));
#8179=DIRECTION('',(0.,0.500000000000001,-0.866025403784438));
#8180=DIRECTION('',(-1.,0.,0.));
#8181=DIRECTION('center_axis',(-1.,0.,0.));
#8182=DIRECTION('ref_axis',(0.,0.,1.));
#8183=DIRECTION('',(0.,-1.,0.));
#8184=DIRECTION('',(0.,1.,0.));
#8185=DIRECTION('',(0.,0.500000000000001,0.866025403784438));
#8186=DIRECTION('center_axis',(0.,0.,-1.));
#8187=DIRECTION('ref_axis',(0.,-1.,0.));
#8188=DIRECTION('',(0.,1.,0.));
#8189=DIRECTION('',(-1.,0.,0.));
#8190=DIRECTION('',(0.,-1.,0.));
#8191=DIRECTION('center_axis',(0.,0.,1.));
#8192=DIRECTION('ref_axis',(0.,1.,0.));
#8193=DIRECTION('',(0.,1.,0.));
#8194=DIRECTION('',(-1.,0.,0.));
#8195=DIRECTION('center_axis',(0.,-0.866025403784438,0.500000000000001));
#8196=DIRECTION('ref_axis',(0.,0.500000000000001,0.866025403784438));
#8197=DIRECTION('',(0.,-0.500000000000001,-0.866025403784438));
#8198=DIRECTION('',(1.,0.,0.));
#8199=DIRECTION('',(0.,0.500000000000001,0.866025403784438));
#8200=DIRECTION('',(-1.,0.,0.));
#8201=DIRECTION('center_axis',(0.,-0.866025403784438,-0.500000000000001));
#8202=DIRECTION('ref_axis',(0.,-0.500000000000001,0.866025403784438));
#8203=DIRECTION('',(0.,0.500000000000001,-0.866025403784438));
#8204=DIRECTION('',(0.,-0.500000000000001,0.866025403784438));
#8205=DIRECTION('center_axis',(0.,0.866025403784439,-0.5));
#8206=DIRECTION('ref_axis',(0.,-0.5,-0.866025403784439));
#8207=DIRECTION('',(0.,0.5,0.866025403784439));
#8208=DIRECTION('',(-1.,0.,0.));
#8209=DIRECTION('',(0.,-0.5,-0.866025403784439));
#8210=DIRECTION('',(-1.,0.,0.));
#8211=DIRECTION('',(0.,-0.5,-0.866025403784439));
#8212=DIRECTION('',(-1.,0.,0.));
#8213=DIRECTION('center_axis',(0.,0.,-1.));
#8214=DIRECTION('ref_axis',(0.,-1.,0.));
#8215=DIRECTION('center_axis',(0.,0.,-1.));
#8216=DIRECTION('ref_axis',(-1.,0.,0.));
#8217=DIRECTION('',(0.,-1.,0.));
#8218=DIRECTION('',(-1.,0.,0.));
#8219=DIRECTION('center_axis',(0.,0.,-1.));
#8220=DIRECTION('ref_axis',(-1.,0.,0.));
#8221=DIRECTION('center_axis',(0.,-0.866025403784439,0.5));
#8222=DIRECTION('ref_axis',(0.,0.5,0.866025403784439));
#8223=DIRECTION('',(0.,0.5,0.866025403784439));
#8224=DIRECTION('',(-1.,0.,0.));
#8225=DIRECTION('',(0.,0.5,0.866025403784439));
#8226=DIRECTION('',(-1.,0.,0.));
#8227=DIRECTION('center_axis',(0.,-0.866025403784439,-0.5));
#8228=DIRECTION('ref_axis',(0.,-0.5,0.866025403784439));
#8229=DIRECTION('',(0.,0.5,-0.866025403784439));
#8230=DIRECTION('',(0.,-0.5,0.866025403784439));
#8231=DIRECTION('',(0.,-0.5,0.866025403784439));
#8232=DIRECTION('',(-1.,0.,0.));
#8233=DIRECTION('center_axis',(0.,0.,-1.));
#8234=DIRECTION('ref_axis',(0.,-1.,0.));
#8235=DIRECTION('',(0.,1.,0.));
#8236=DIRECTION('',(0.,-1.,0.));
#8237=DIRECTION('center_axis',(0.,0.866025403784439,0.5));
#8238=DIRECTION('ref_axis',(0.,0.5,-0.866025403784439));
#8239=DIRECTION('',(0.,0.5,-0.866025403784439));
#8240=DIRECTION('',(-1.,0.,0.));
#8241=DIRECTION('',(0.,0.5,-0.866025403784439));
#8242=DIRECTION('center_axis',(0.,0.,1.));
#8243=DIRECTION('ref_axis',(0.,1.,0.));
#8244=DIRECTION('',(0.,1.,0.));
#8245=DIRECTION('',(0.,1.,0.));
#8246=DIRECTION('center_axis',(-1.,0.,0.));
#8247=DIRECTION('ref_axis',(0.,0.,1.));
#8248=DIRECTION('center_axis',(0.,0.,1.));
#8249=DIRECTION('ref_axis',(0.,1.,0.));
#8250=DIRECTION('',(0.,-1.,0.));
#8251=DIRECTION('',(-1.,0.,0.));
#8252=DIRECTION('',(0.,1.,0.));
#8253=DIRECTION('',(-1.,0.,0.));
#8254=DIRECTION('center_axis',(0.,-0.866025403784439,0.5));
#8255=DIRECTION('ref_axis',(0.,0.499999999999999,0.866025403784439));
#8256=DIRECTION('',(0.,-0.499999999999999,-0.866025403784439));
#8257=DIRECTION('',(0.,0.499999999999999,0.866025403784439));
#8258=DIRECTION('',(-1.,0.,0.));
#8259=DIRECTION('center_axis',(0.,-0.866025403784439,-0.5));
#8260=DIRECTION('ref_axis',(0.,-0.499999999999999,0.866025403784439));
#8261=DIRECTION('',(0.,0.499999999999999,-0.866025403784439));
#8262=DIRECTION('',(0.,-0.499999999999999,0.866025403784439));
#8263=DIRECTION('',(-1.,0.,0.));
#8264=DIRECTION('center_axis',(0.,0.,-1.));
#8265=DIRECTION('ref_axis',(0.,-1.,0.));
#8266=DIRECTION('',(0.,1.,0.));
#8267=DIRECTION('',(0.,-1.,0.));
#8268=DIRECTION('',(-1.,0.,0.));
#8269=DIRECTION('center_axis',(0.,0.866025403784439,-0.5));
#8270=DIRECTION('ref_axis',(0.,-0.499999999999999,-0.866025403784439));
#8271=DIRECTION('',(0.,0.499999999999999,0.866025403784439));
#8272=DIRECTION('',(0.,-0.499999999999999,-0.866025403784439));
#8273=DIRECTION('',(-1.,0.,0.));
#8274=DIRECTION('center_axis',(0.,0.866025403784439,0.5));
#8275=DIRECTION('ref_axis',(0.,0.499999999999999,-0.866025403784439));
#8276=DIRECTION('',(0.,-0.499999999999999,0.866025403784439));
#8277=DIRECTION('',(0.,0.499999999999999,-0.866025403784439));
#8278=DIRECTION('center_axis',(0.,0.,1.));
#8279=DIRECTION('ref_axis',(0.,1.,0.));
#8280=DIRECTION('',(0.,-1.,0.));
#8281=DIRECTION('',(-1.,0.,0.));
#8282=DIRECTION('',(0.,1.,0.));
#8283=DIRECTION('',(-1.,0.,0.));
#8284=DIRECTION('center_axis',(0.,-0.86602540378444,0.499999999999998));
#8285=DIRECTION('ref_axis',(0.,0.499999999999998,0.86602540378444));
#8286=DIRECTION('',(0.,-0.499999999999998,-0.86602540378444));
#8287=DIRECTION('',(0.,0.499999999999998,0.86602540378444));
#8288=DIRECTION('',(-1.,0.,0.));
#8289=DIRECTION('center_axis',(0.,-0.86602540378444,-0.499999999999998));
#8290=DIRECTION('ref_axis',(0.,-0.499999999999998,0.86602540378444));
#8291=DIRECTION('',(0.,0.499999999999998,-0.86602540378444));
#8292=DIRECTION('',(0.,-0.499999999999998,0.86602540378444));
#8293=DIRECTION('',(-1.,0.,0.));
#8294=DIRECTION('center_axis',(0.,0.,-1.));
#8295=DIRECTION('ref_axis',(0.,-1.,0.));
#8296=DIRECTION('',(0.,1.,0.));
#8297=DIRECTION('',(0.,-1.,0.));
#8298=DIRECTION('',(-1.,0.,0.));
#8299=DIRECTION('center_axis',(0.,0.86602540378444,-0.499999999999998));
#8300=DIRECTION('ref_axis',(0.,-0.499999999999998,-0.86602540378444));
#8301=DIRECTION('',(0.,0.499999999999998,0.86602540378444));
#8302=DIRECTION('',(0.,-0.499999999999998,-0.86602540378444));
#8303=DIRECTION('',(-1.,0.,0.));
#8304=DIRECTION('center_axis',(0.,0.86602540378444,0.499999999999998));
#8305=DIRECTION('ref_axis',(0.,0.499999999999998,-0.86602540378444));
#8306=DIRECTION('',(0.,-0.499999999999998,0.86602540378444));
#8307=DIRECTION('',(0.,0.499999999999998,-0.86602540378444));
#8308=DIRECTION('center_axis',(0.,0.,1.));
#8309=DIRECTION('ref_axis',(0.,1.,0.));
#8310=DIRECTION('',(0.,-1.,0.));
#8311=DIRECTION('',(-1.,0.,0.));
#8312=DIRECTION('',(0.,1.,0.));
#8313=DIRECTION('',(-1.,0.,0.));
#8314=DIRECTION('center_axis',(0.,-0.866025403784436,0.500000000000004));
#8315=DIRECTION('ref_axis',(0.,0.500000000000004,0.866025403784436));
#8316=DIRECTION('',(0.,-0.500000000000004,-0.866025403784436));
#8317=DIRECTION('',(0.,0.500000000000004,0.866025403784436));
#8318=DIRECTION('',(-1.,0.,0.));
#8319=DIRECTION('center_axis',(0.,-0.866025403784436,-0.500000000000004));
#8320=DIRECTION('ref_axis',(0.,-0.500000000000004,0.866025403784436));
#8321=DIRECTION('',(0.,0.500000000000004,-0.866025403784436));
#8322=DIRECTION('',(0.,-0.500000000000004,0.866025403784436));
#8323=DIRECTION('',(-1.,0.,0.));
#8324=DIRECTION('center_axis',(0.,0.,-1.));
#8325=DIRECTION('ref_axis',(0.,-1.,0.));
#8326=DIRECTION('',(0.,1.,0.));
#8327=DIRECTION('',(0.,-1.,0.));
#8328=DIRECTION('',(-1.,0.,0.));
#8329=DIRECTION('center_axis',(0.,0.866025403784436,-0.500000000000004));
#8330=DIRECTION('ref_axis',(0.,-0.500000000000004,-0.866025403784436));
#8331=DIRECTION('',(0.,0.500000000000004,0.866025403784436));
#8332=DIRECTION('',(0.,-0.500000000000004,-0.866025403784436));
#8333=DIRECTION('',(-1.,0.,0.));
#8334=DIRECTION('center_axis',(0.,0.866025403784436,0.500000000000004));
#8335=DIRECTION('ref_axis',(0.,0.500000000000004,-0.866025403784436));
#8336=DIRECTION('',(0.,-0.500000000000004,0.866025403784436));
#8337=DIRECTION('',(0.,0.500000000000004,-0.866025403784436));
#8338=DIRECTION('center_axis',(0.,0.,1.));
#8339=DIRECTION('ref_axis',(0.,1.,0.));
#8340=DIRECTION('',(0.,-1.,0.));
#8341=DIRECTION('',(-1.,0.,0.));
#8342=DIRECTION('',(0.,1.,0.));
#8343=DIRECTION('',(-1.,0.,0.));
#8344=DIRECTION('center_axis',(0.,-0.866025403784436,0.500000000000004));
#8345=DIRECTION('ref_axis',(0.,0.500000000000004,0.866025403784436));
#8346=DIRECTION('',(0.,-0.500000000000004,-0.866025403784436));
#8347=DIRECTION('',(0.,0.500000000000004,0.866025403784436));
#8348=DIRECTION('',(-1.,0.,0.));
#8349=DIRECTION('center_axis',(0.,-0.866025403784436,-0.500000000000004));
#8350=DIRECTION('ref_axis',(0.,-0.500000000000004,0.866025403784436));
#8351=DIRECTION('',(0.,0.500000000000004,-0.866025403784436));
#8352=DIRECTION('',(0.,-0.500000000000004,0.866025403784436));
#8353=DIRECTION('',(-1.,0.,0.));
#8354=DIRECTION('center_axis',(0.,0.,-1.));
#8355=DIRECTION('ref_axis',(0.,-1.,0.));
#8356=DIRECTION('',(0.,1.,0.));
#8357=DIRECTION('',(0.,-1.,0.));
#8358=DIRECTION('',(-1.,0.,0.));
#8359=DIRECTION('center_axis',(0.,0.866025403784436,-0.500000000000004));
#8360=DIRECTION('ref_axis',(0.,-0.500000000000004,-0.866025403784436));
#8361=DIRECTION('',(0.,0.500000000000004,0.866025403784436));
#8362=DIRECTION('',(0.,-0.500000000000004,-0.866025403784436));
#8363=DIRECTION('',(-1.,0.,0.));
#8364=DIRECTION('center_axis',(0.,0.866025403784436,0.500000000000004));
#8365=DIRECTION('ref_axis',(0.,0.500000000000004,-0.866025403784436));
#8366=DIRECTION('',(0.,-0.500000000000004,0.866025403784436));
#8367=DIRECTION('',(0.,0.500000000000004,-0.866025403784436));
#8368=DIRECTION('center_axis',(0.,0.,1.));
#8369=DIRECTION('ref_axis',(0.,1.,0.));
#8370=DIRECTION('',(0.,-1.,0.));
#8371=DIRECTION('',(-1.,0.,0.));
#8372=DIRECTION('',(0.,1.,0.));
#8373=DIRECTION('',(-1.,0.,0.));
#8374=DIRECTION('center_axis',(0.,-0.866025403784436,0.500000000000004));
#8375=DIRECTION('ref_axis',(0.,0.500000000000004,0.866025403784436));
#8376=DIRECTION('',(0.,-0.500000000000004,-0.866025403784436));
#8377=DIRECTION('',(0.,0.500000000000004,0.866025403784436));
#8378=DIRECTION('',(-1.,0.,0.));
#8379=DIRECTION('center_axis',(0.,-0.866025403784436,-0.500000000000004));
#8380=DIRECTION('ref_axis',(0.,-0.500000000000004,0.866025403784436));
#8381=DIRECTION('',(0.,0.500000000000004,-0.866025403784436));
#8382=DIRECTION('',(0.,-0.500000000000004,0.866025403784436));
#8383=DIRECTION('',(-1.,0.,0.));
#8384=DIRECTION('center_axis',(0.,0.,-1.));
#8385=DIRECTION('ref_axis',(0.,-1.,0.));
#8386=DIRECTION('',(0.,1.,0.));
#8387=DIRECTION('',(0.,-1.,0.));
#8388=DIRECTION('',(-1.,0.,0.));
#8389=DIRECTION('center_axis',(0.,0.866025403784436,-0.500000000000004));
#8390=DIRECTION('ref_axis',(0.,-0.500000000000004,-0.866025403784436));
#8391=DIRECTION('',(0.,0.500000000000004,0.866025403784436));
#8392=DIRECTION('',(0.,-0.500000000000004,-0.866025403784436));
#8393=DIRECTION('',(-1.,0.,0.));
#8394=DIRECTION('center_axis',(0.,0.866025403784436,0.500000000000004));
#8395=DIRECTION('ref_axis',(0.,0.500000000000004,-0.866025403784436));
#8396=DIRECTION('',(0.,-0.500000000000004,0.866025403784436));
#8397=DIRECTION('',(0.,0.500000000000004,-0.866025403784436));
#8398=DIRECTION('center_axis',(0.,0.,1.));
#8399=DIRECTION('ref_axis',(-1.,0.,0.));
#8400=DIRECTION('center_axis',(0.,0.,-1.));
#8401=DIRECTION('ref_axis',(-1.,0.,0.));
#8402=DIRECTION('center_axis',(8.34754153853502E-17,1.,0.));
#8403=DIRECTION('ref_axis',(1.,-8.34754153853502E-17,0.));
#8404=DIRECTION('center_axis',(0.,0.,1.));
#8405=DIRECTION('ref_axis',(-1.,0.,0.));
#8406=DIRECTION('center_axis',(0.,0.,1.));
#8407=DIRECTION('ref_axis',(-1.,0.,0.));
#8408=DIRECTION('',(0.,0.,1.));
#8409=DIRECTION('center_axis',(0.,0.,1.));
#8410=DIRECTION('ref_axis',(-1.,0.,0.));
#8411=DIRECTION('center_axis',(0.,0.,-1.));
#8412=DIRECTION('ref_axis',(-1.,0.,0.));
#8413=DIRECTION('',(0.999999999999999,4.3711388286742E-8,0.));
#8414=DIRECTION('',(-4.3711388286742E-8,0.999999999999999,0.));
#8415=DIRECTION('',(-1.,0.,0.));
#8416=DIRECTION('',(0.,-1.,0.));
#8417=DIRECTION('',(1.,0.,0.));
#8418=DIRECTION('',(0.,1.,0.));
#8419=DIRECTION('',(-1.,0.,0.));
#8420=DIRECTION('',(0.,-1.,0.));
#8421=DIRECTION('',(1.,0.,0.));
#8422=DIRECTION('',(0.,1.,0.));
#8423=DIRECTION('',(-1.,0.,0.));
#8424=DIRECTION('',(0.,-1.,0.));
#8425=DIRECTION('',(1.,0.,0.));
#8426=DIRECTION('',(0.,1.,0.));
#8427=DIRECTION('',(-1.,0.,0.));
#8428=DIRECTION('',(0.,-1.,0.));
#8429=DIRECTION('',(1.,0.,0.));
#8430=DIRECTION('',(0.,1.,0.));
#8431=DIRECTION('',(-1.,0.,0.));
#8432=DIRECTION('',(0.,-1.,0.));
#8433=DIRECTION('',(1.,0.,0.));
#8434=DIRECTION('',(0.,1.,0.));
#8435=DIRECTION('',(-1.,0.,0.));
#8436=DIRECTION('',(0.,-1.,0.));
#8437=DIRECTION('',(1.,0.,0.));
#8438=DIRECTION('',(0.,1.,0.));
#8439=DIRECTION('',(-1.,0.,0.));
#8440=DIRECTION('',(0.,-1.,0.));
#8441=DIRECTION('',(1.,0.,0.));
#8442=DIRECTION('',(0.,1.,0.));
#8443=DIRECTION('',(-1.,0.,0.));
#8444=DIRECTION('',(0.,-1.,0.));
#8445=DIRECTION('',(1.,0.,0.));
#8446=DIRECTION('',(0.,1.,0.));
#8447=DIRECTION('',(-1.,0.,0.));
#8448=DIRECTION('',(0.,-1.,0.));
#8449=DIRECTION('',(1.,0.,0.));
#8450=DIRECTION('',(0.,1.,0.));
#8451=DIRECTION('',(-1.,0.,0.));
#8452=DIRECTION('',(0.,-1.,0.));
#8453=DIRECTION('',(1.,0.,0.));
#8454=DIRECTION('',(0.,1.,0.));
#8455=DIRECTION('',(-1.,0.,0.));
#8456=DIRECTION('',(0.,-1.,0.));
#8457=DIRECTION('center_axis',(0.,0.,-1.));
#8458=DIRECTION('ref_axis',(-0.707106781186541,-0.707106781186554,0.));
#8459=DIRECTION('',(-1.,0.,0.));
#8460=DIRECTION('center_axis',(0.,0.,-1.));
#8461=DIRECTION('ref_axis',(-1.,0.,0.));
#8462=DIRECTION('',(0.,1.,0.));
#8463=DIRECTION('',(0.,1.,0.));
#8464=DIRECTION('',(0.,1.,0.));
#8465=DIRECTION('',(0.,1.,0.));
#8466=DIRECTION('',(0.,1.,0.));
#8467=DIRECTION('',(0.,1.,0.));
#8468=DIRECTION('',(0.,1.,0.));
#8469=DIRECTION('',(0.,1.,0.));
#8470=DIRECTION('',(0.,1.,0.));
#8471=DIRECTION('',(0.,1.,0.));
#8472=DIRECTION('center_axis',(0.,0.,-1.));
#8473=DIRECTION('ref_axis',(-1.,0.,0.));
#8474=DIRECTION('',(1.,0.,0.));
#8475=DIRECTION('center_axis',(0.,0.,-1.));
#8476=DIRECTION('ref_axis',(-1.,0.,0.));
#8477=DIRECTION('center_axis',(-1.28349482615625E-16,-1.,0.));
#8478=DIRECTION('ref_axis',(1.,-1.28349482615625E-16,0.));
#8479=DIRECTION('center_axis',(0.,0.,-1.));
#8480=DIRECTION('ref_axis',(-1.,0.,0.));
#8481=DIRECTION('center_axis',(-1.,0.,0.));
#8482=DIRECTION('ref_axis',(0.,1.,0.));
#8483=DIRECTION('',(0.,0.,-1.));
#8484=DIRECTION('',(0.,0.,1.));
#8485=DIRECTION('',(0.,1.,0.));
#8486=DIRECTION('center_axis',(0.866023932290576,0.,0.500002548693472));
#8487=DIRECTION('ref_axis',(-0.500002548693472,0.,0.866023932290576));
#8488=DIRECTION('',(0.500002548693472,0.,-0.866023932290576));
#8489=DIRECTION('',(0.,-1.,0.));
#8490=DIRECTION('',(-0.500002548693472,0.,0.866023932290576));
#8491=DIRECTION('',(0.,-1.,0.));
#8492=DIRECTION('center_axis',(0.8660268752708,0.,-0.499997451302198));
#8493=DIRECTION('ref_axis',(0.499997451302198,0.,0.8660268752708));
#8494=DIRECTION('',(-0.499997451302198,0.,-0.8660268752708));
#8495=DIRECTION('',(0.499997451302198,0.,0.8660268752708));
#8496=DIRECTION('',(0.,-1.,0.));
#8497=DIRECTION('center_axis',(2.94298022387227E-6,0.,-0.999999999995669));
#8498=DIRECTION('ref_axis',(0.999999999995669,0.,2.94298022387227E-6));
#8499=DIRECTION('',(-0.999999999995669,0.,-2.94298022387227E-6));
#8500=DIRECTION('',(0.999999999995669,0.,2.94298022387227E-6));
#8501=DIRECTION('',(0.,-1.,0.));
#8502=DIRECTION('center_axis',(-0.866023932290576,0.,-0.500002548693471));
#8503=DIRECTION('ref_axis',(0.500002548693471,0.,-0.866023932290576));
#8504=DIRECTION('',(-0.500002548693471,0.,0.866023932290576));
#8505=DIRECTION('',(0.500002548693471,0.,-0.866023932290576));
#8506=DIRECTION('',(0.,-1.,0.));
#8507=DIRECTION('center_axis',(-0.8660268752708,0.,0.499997451302198));
#8508=DIRECTION('ref_axis',(-0.499997451302198,0.,-0.8660268752708));
#8509=DIRECTION('',(0.499997451302198,0.,0.8660268752708));
#8510=DIRECTION('',(-0.499997451302198,0.,-0.8660268752708));
#8511=DIRECTION('',(0.,-1.,0.));
#8512=DIRECTION('center_axis',(-2.94298022098782E-6,0.,0.999999999995669));
#8513=DIRECTION('ref_axis',(-0.999999999995669,0.,-2.94298022098782E-6));
#8514=DIRECTION('',(0.999999999995669,0.,2.94298022098782E-6));
#8515=DIRECTION('',(-0.999999999995669,0.,-2.94298022098782E-6));
#8516=DIRECTION('center_axis',(0.866023932290576,0.,0.500002548693472));
#8517=DIRECTION('ref_axis',(-0.500002548693472,0.,0.866023932290576));
#8518=DIRECTION('',(0.500002548693472,0.,-0.866023932290576));
#8519=DIRECTION('',(0.,-1.,0.));
#8520=DIRECTION('',(-0.500002548693472,0.,0.866023932290576));
#8521=DIRECTION('',(0.,-1.,0.));
#8522=DIRECTION('center_axis',(0.8660268752708,0.,-0.499997451302198));
#8523=DIRECTION('ref_axis',(0.499997451302198,0.,0.8660268752708));
#8524=DIRECTION('',(-0.499997451302198,0.,-0.8660268752708));
#8525=DIRECTION('',(0.499997451302198,0.,0.8660268752708));
#8526=DIRECTION('',(0.,-1.,0.));
#8527=DIRECTION('center_axis',(2.94298022387227E-6,0.,-0.999999999995669));
#8528=DIRECTION('ref_axis',(0.999999999995669,0.,2.94298022387227E-6));
#8529=DIRECTION('',(-0.999999999995669,0.,-2.94298022387227E-6));
#8530=DIRECTION('',(0.999999999995669,0.,2.94298022387227E-6));
#8531=DIRECTION('',(0.,-1.,0.));
#8532=DIRECTION('center_axis',(-0.866023932290576,0.,-0.500002548693471));
#8533=DIRECTION('ref_axis',(0.500002548693471,0.,-0.866023932290576));
#8534=DIRECTION('',(-0.500002548693471,0.,0.866023932290576));
#8535=DIRECTION('',(0.500002548693471,0.,-0.866023932290576));
#8536=DIRECTION('',(0.,-1.,0.));
#8537=DIRECTION('center_axis',(-0.8660268752708,0.,0.499997451302198));
#8538=DIRECTION('ref_axis',(-0.499997451302198,0.,-0.8660268752708));
#8539=DIRECTION('',(0.499997451302198,0.,0.8660268752708));
#8540=DIRECTION('',(-0.499997451302198,0.,-0.8660268752708));
#8541=DIRECTION('',(0.,-1.,0.));
#8542=DIRECTION('center_axis',(-2.94298022098782E-6,0.,0.999999999995669));
#8543=DIRECTION('ref_axis',(-0.999999999995669,0.,-2.94298022098782E-6));
#8544=DIRECTION('',(0.999999999995669,0.,2.94298022098782E-6));
#8545=DIRECTION('',(-0.999999999995669,0.,-2.94298022098782E-6));
#8546=DIRECTION('center_axis',(0.866023932290576,0.,0.500002548693472));
#8547=DIRECTION('ref_axis',(-0.500002548693472,0.,0.866023932290576));
#8548=DIRECTION('',(0.500002548693472,0.,-0.866023932290576));
#8549=DIRECTION('',(0.,-1.,0.));
#8550=DIRECTION('',(-0.500002548693472,0.,0.866023932290576));
#8551=DIRECTION('',(0.,-1.,0.));
#8552=DIRECTION('center_axis',(0.8660268752708,0.,-0.499997451302198));
#8553=DIRECTION('ref_axis',(0.499997451302198,0.,0.8660268752708));
#8554=DIRECTION('',(-0.499997451302198,0.,-0.8660268752708));
#8555=DIRECTION('',(0.499997451302198,0.,0.8660268752708));
#8556=DIRECTION('',(0.,-1.,0.));
#8557=DIRECTION('center_axis',(2.94298022387227E-6,0.,-0.999999999995669));
#8558=DIRECTION('ref_axis',(0.999999999995669,0.,2.94298022387227E-6));
#8559=DIRECTION('',(-0.999999999995669,0.,-2.94298022387227E-6));
#8560=DIRECTION('',(0.999999999995669,0.,2.94298022387227E-6));
#8561=DIRECTION('',(0.,-1.,0.));
#8562=DIRECTION('center_axis',(-0.866023932290576,0.,-0.500002548693471));
#8563=DIRECTION('ref_axis',(0.500002548693471,0.,-0.866023932290576));
#8564=DIRECTION('',(-0.500002548693471,0.,0.866023932290576));
#8565=DIRECTION('',(0.500002548693471,0.,-0.866023932290576));
#8566=DIRECTION('',(0.,-1.,0.));
#8567=DIRECTION('center_axis',(-0.8660268752708,0.,0.499997451302198));
#8568=DIRECTION('ref_axis',(-0.499997451302198,0.,-0.8660268752708));
#8569=DIRECTION('',(0.499997451302198,0.,0.8660268752708));
#8570=DIRECTION('',(-0.499997451302198,0.,-0.8660268752708));
#8571=DIRECTION('',(0.,-1.,0.));
#8572=DIRECTION('center_axis',(-2.94298022098782E-6,0.,0.999999999995669));
#8573=DIRECTION('ref_axis',(-0.999999999995669,0.,-2.94298022098782E-6));
#8574=DIRECTION('',(0.999999999995669,0.,2.94298022098782E-6));
#8575=DIRECTION('',(-0.999999999995669,0.,-2.94298022098782E-6));
#8576=DIRECTION('center_axis',(0.866023932290576,0.,0.500002548693472));
#8577=DIRECTION('ref_axis',(-0.500002548693472,0.,0.866023932290576));
#8578=DIRECTION('',(0.500002548693472,0.,-0.866023932290576));
#8579=DIRECTION('',(0.,-1.,0.));
#8580=DIRECTION('',(-0.500002548693472,0.,0.866023932290576));
#8581=DIRECTION('',(0.,-1.,0.));
#8582=DIRECTION('center_axis',(0.8660268752708,0.,-0.499997451302198));
#8583=DIRECTION('ref_axis',(0.499997451302198,0.,0.8660268752708));
#8584=DIRECTION('',(-0.499997451302198,0.,-0.8660268752708));
#8585=DIRECTION('',(0.499997451302198,0.,0.8660268752708));
#8586=DIRECTION('',(0.,-1.,0.));
#8587=DIRECTION('center_axis',(2.94298022387227E-6,0.,-0.999999999995669));
#8588=DIRECTION('ref_axis',(0.999999999995669,0.,2.94298022387227E-6));
#8589=DIRECTION('',(-0.999999999995669,0.,-2.94298022387227E-6));
#8590=DIRECTION('',(0.999999999995669,0.,2.94298022387227E-6));
#8591=DIRECTION('',(0.,-1.,0.));
#8592=DIRECTION('center_axis',(-0.866023932290576,0.,-0.500002548693471));
#8593=DIRECTION('ref_axis',(0.500002548693471,0.,-0.866023932290576));
#8594=DIRECTION('',(-0.500002548693471,0.,0.866023932290576));
#8595=DIRECTION('',(0.500002548693471,0.,-0.866023932290576));
#8596=DIRECTION('',(0.,-1.,0.));
#8597=DIRECTION('center_axis',(-0.8660268752708,0.,0.499997451302198));
#8598=DIRECTION('ref_axis',(-0.499997451302198,0.,-0.8660268752708));
#8599=DIRECTION('',(0.499997451302198,0.,0.8660268752708));
#8600=DIRECTION('',(-0.499997451302198,0.,-0.8660268752708));
#8601=DIRECTION('',(0.,-1.,0.));
#8602=DIRECTION('center_axis',(-2.94298022098782E-6,0.,0.999999999995669));
#8603=DIRECTION('ref_axis',(-0.999999999995669,0.,-2.94298022098782E-6));
#8604=DIRECTION('',(0.999999999995669,0.,2.94298022098782E-6));
#8605=DIRECTION('',(-0.999999999995669,0.,-2.94298022098782E-6));
#8606=DIRECTION('center_axis',(-0.8660268752708,0.,0.499997451302198));
#8607=DIRECTION('ref_axis',(-0.499997451302198,0.,-0.8660268752708));
#8608=DIRECTION('',(0.499997451302198,0.,0.8660268752708));
#8609=DIRECTION('',(0.,-1.,0.));
#8610=DIRECTION('',(-0.499997451302198,0.,-0.8660268752708));
#8611=DIRECTION('',(0.,-1.,0.));
#8612=DIRECTION('',(-0.499997451302198,0.,-0.8660268752708));
#8613=DIRECTION('center_axis',(0.,-1.,0.));
#8614=DIRECTION('ref_axis',(0.,0.,-1.));
#8615=DIRECTION('',(-0.999999999995669,0.,-2.94298022098782E-6));
#8616=DIRECTION('',(-0.500002548693472,0.,0.866023932290576));
#8617=DIRECTION('center_axis',(0.866023932290576,0.,0.500002548693472));
#8618=DIRECTION('ref_axis',(-0.500002548693472,0.,0.866023932290576));
#8619=DIRECTION('',(0.,-1.,0.));
#8620=DIRECTION('',(-0.500002548693472,0.,0.866023932290576));
#8621=DIRECTION('',(0.,-1.,0.));
#8622=DIRECTION('',(0.500002548693472,0.,-0.866023932290576));
#8623=DIRECTION('center_axis',(-0.866023932290576,0.,-0.500002548693471));
#8624=DIRECTION('ref_axis',(0.500002548693471,0.,-0.866023932290576));
#8625=DIRECTION('',(-0.500002548693471,0.,0.866023932290576));
#8626=DIRECTION('',(0.,-1.,0.));
#8627=DIRECTION('',(0.500002548693471,0.,-0.866023932290576));
#8628=DIRECTION('center_axis',(-2.94298022098782E-6,0.,0.999999999995669));
#8629=DIRECTION('ref_axis',(-0.999999999995669,0.,-2.94298022098782E-6));
#8630=DIRECTION('',(-0.999999999995669,0.,-2.94298022098782E-6));
#8631=DIRECTION('center_axis',(0.8660268752708,0.,-0.499997451302198));
#8632=DIRECTION('ref_axis',(0.499997451302198,0.,0.8660268752708));
#8633=DIRECTION('',(-0.499997451302198,0.,-0.8660268752708));
#8634=DIRECTION('',(0.499997451302198,0.,0.8660268752708));
#8635=DIRECTION('',(0.,-1.,0.));
#8636=DIRECTION('center_axis',(2.94298022387227E-6,0.,-0.999999999995669));
#8637=DIRECTION('ref_axis',(0.999999999995669,0.,2.94298022387227E-6));
#8638=DIRECTION('',(-0.999999999995669,0.,-2.94298022387227E-6));
#8639=DIRECTION('',(0.999999999995669,0.,2.94298022387227E-6));
#8640=DIRECTION('center_axis',(-0.8660268752708,0.,0.499997451302198));
#8641=DIRECTION('ref_axis',(-0.499997451302198,0.,-0.8660268752708));
#8642=DIRECTION('',(0.499997451302198,0.,0.8660268752708));
#8643=DIRECTION('',(0.,-1.,0.));
#8644=DIRECTION('',(-0.499997451302198,0.,-0.8660268752708));
#8645=DIRECTION('',(0.,-1.,0.));
#8646=DIRECTION('',(-0.499997451302198,0.,-0.8660268752708));
#8647=DIRECTION('center_axis',(0.,-1.,0.));
#8648=DIRECTION('ref_axis',(0.,0.,-1.));
#8649=DIRECTION('',(-0.999999999995669,0.,-2.94298022098782E-6));
#8650=DIRECTION('',(-0.500002548693472,0.,0.866023932290576));
#8651=DIRECTION('center_axis',(0.866023932290576,0.,0.500002548693472));
#8652=DIRECTION('ref_axis',(-0.500002548693472,0.,0.866023932290576));
#8653=DIRECTION('',(0.,-1.,0.));
#8654=DIRECTION('',(-0.500002548693472,0.,0.866023932290576));
#8655=DIRECTION('',(0.,-1.,0.));
#8656=DIRECTION('',(0.500002548693472,0.,-0.866023932290576));
#8657=DIRECTION('center_axis',(-0.866023932290576,0.,-0.500002548693471));
#8658=DIRECTION('ref_axis',(0.500002548693471,0.,-0.866023932290576));
#8659=DIRECTION('',(-0.500002548693471,0.,0.866023932290576));
#8660=DIRECTION('',(0.,-1.,0.));
#8661=DIRECTION('',(0.500002548693471,0.,-0.866023932290576));
#8662=DIRECTION('center_axis',(-2.94298022098782E-6,0.,0.999999999995669));
#8663=DIRECTION('ref_axis',(-0.999999999995669,0.,-2.94298022098782E-6));
#8664=DIRECTION('',(-0.999999999995669,0.,-2.94298022098782E-6));
#8665=DIRECTION('center_axis',(0.8660268752708,0.,-0.499997451302198));
#8666=DIRECTION('ref_axis',(0.499997451302198,0.,0.8660268752708));
#8667=DIRECTION('',(-0.499997451302198,0.,-0.8660268752708));
#8668=DIRECTION('',(0.499997451302198,0.,0.8660268752708));
#8669=DIRECTION('',(0.,-1.,0.));
#8670=DIRECTION('center_axis',(2.94298022387227E-6,0.,-0.999999999995669));
#8671=DIRECTION('ref_axis',(0.999999999995669,0.,2.94298022387227E-6));
#8672=DIRECTION('',(-0.999999999995669,0.,-2.94298022387227E-6));
#8673=DIRECTION('',(0.999999999995669,0.,2.94298022387227E-6));
#8674=DIRECTION('center_axis',(0.866023932290576,0.,0.500002548693472));
#8675=DIRECTION('ref_axis',(-0.500002548693472,0.,0.866023932290576));
#8676=DIRECTION('',(0.500002548693472,0.,-0.866023932290576));
#8677=DIRECTION('',(0.,-1.,0.));
#8678=DIRECTION('',(-0.500002548693472,0.,0.866023932290576));
#8679=DIRECTION('',(0.,-1.,0.));
#8680=DIRECTION('center_axis',(0.8660268752708,0.,-0.499997451302198));
#8681=DIRECTION('ref_axis',(0.499997451302198,0.,0.8660268752708));
#8682=DIRECTION('',(-0.499997451302198,0.,-0.8660268752708));
#8683=DIRECTION('',(0.499997451302198,0.,0.8660268752708));
#8684=DIRECTION('',(0.,-1.,0.));
#8685=DIRECTION('center_axis',(2.94298022387227E-6,0.,-0.999999999995669));
#8686=DIRECTION('ref_axis',(0.999999999995669,0.,2.94298022387227E-6));
#8687=DIRECTION('',(-0.999999999995669,0.,-2.94298022387227E-6));
#8688=DIRECTION('',(0.999999999995669,0.,2.94298022387227E-6));
#8689=DIRECTION('',(0.,-1.,0.));
#8690=DIRECTION('center_axis',(-0.866023932290576,0.,-0.500002548693471));
#8691=DIRECTION('ref_axis',(0.500002548693471,0.,-0.866023932290576));
#8692=DIRECTION('',(-0.500002548693471,0.,0.866023932290576));
#8693=DIRECTION('',(0.500002548693471,0.,-0.866023932290576));
#8694=DIRECTION('',(0.,-1.,0.));
#8695=DIRECTION('center_axis',(-0.8660268752708,0.,0.499997451302198));
#8696=DIRECTION('ref_axis',(-0.499997451302198,0.,-0.8660268752708));
#8697=DIRECTION('',(0.499997451302198,0.,0.8660268752708));
#8698=DIRECTION('',(-0.499997451302198,0.,-0.8660268752708));
#8699=DIRECTION('',(0.,-1.,0.));
#8700=DIRECTION('center_axis',(-2.94298022098782E-6,0.,0.999999999995669));
#8701=DIRECTION('ref_axis',(-0.999999999995669,0.,-2.94298022098782E-6));
#8702=DIRECTION('',(0.999999999995669,0.,2.94298022098782E-6));
#8703=DIRECTION('',(-0.999999999995669,0.,-2.94298022098782E-6));
#8704=DIRECTION('center_axis',(-0.8660268752708,0.,0.499997451302198));
#8705=DIRECTION('ref_axis',(-0.499997451302198,0.,-0.8660268752708));
#8706=DIRECTION('',(0.499997451302198,0.,0.8660268752708));
#8707=DIRECTION('',(0.,-1.,0.));
#8708=DIRECTION('',(-0.499997451302198,0.,-0.8660268752708));
#8709=DIRECTION('',(0.,-1.,0.));
#8710=DIRECTION('',(-0.499997451302198,0.,-0.8660268752708));
#8711=DIRECTION('center_axis',(0.,-1.,0.));
#8712=DIRECTION('ref_axis',(0.,0.,-1.));
#8713=DIRECTION('',(-0.999999999995669,0.,-2.94298022098782E-6));
#8714=DIRECTION('',(-0.500002548693472,0.,0.866023932290576));
#8715=DIRECTION('center_axis',(0.866023932290576,0.,0.500002548693472));
#8716=DIRECTION('ref_axis',(-0.500002548693472,0.,0.866023932290576));
#8717=DIRECTION('',(0.,-1.,0.));
#8718=DIRECTION('',(-0.500002548693472,0.,0.866023932290576));
#8719=DIRECTION('',(0.,-1.,0.));
#8720=DIRECTION('',(0.500002548693472,0.,-0.866023932290576));
#8721=DIRECTION('center_axis',(-0.866023932290576,0.,-0.500002548693471));
#8722=DIRECTION('ref_axis',(0.500002548693471,0.,-0.866023932290576));
#8723=DIRECTION('',(-0.500002548693471,0.,0.866023932290576));
#8724=DIRECTION('',(0.,-1.,0.));
#8725=DIRECTION('',(0.500002548693471,0.,-0.866023932290576));
#8726=DIRECTION('center_axis',(-2.94298022098782E-6,0.,0.999999999995669));
#8727=DIRECTION('ref_axis',(-0.999999999995669,0.,-2.94298022098782E-6));
#8728=DIRECTION('',(-0.999999999995669,0.,-2.94298022098782E-6));
#8729=DIRECTION('center_axis',(0.8660268752708,0.,-0.499997451302198));
#8730=DIRECTION('ref_axis',(0.499997451302198,0.,0.8660268752708));
#8731=DIRECTION('',(-0.499997451302198,0.,-0.8660268752708));
#8732=DIRECTION('',(0.499997451302198,0.,0.8660268752708));
#8733=DIRECTION('',(0.,-1.,0.));
#8734=DIRECTION('center_axis',(2.94298022387227E-6,0.,-0.999999999995669));
#8735=DIRECTION('ref_axis',(0.999999999995669,0.,2.94298022387227E-6));
#8736=DIRECTION('',(-0.999999999995669,0.,-2.94298022387227E-6));
#8737=DIRECTION('',(0.999999999995669,0.,2.94298022387227E-6));
#8738=DIRECTION('center_axis',(-0.8660268752708,0.,0.499997451302198));
#8739=DIRECTION('ref_axis',(-0.499997451302198,0.,-0.8660268752708));
#8740=DIRECTION('',(0.499997451302198,0.,0.8660268752708));
#8741=DIRECTION('',(0.,-1.,0.));
#8742=DIRECTION('',(-0.499997451302198,0.,-0.8660268752708));
#8743=DIRECTION('',(0.,-1.,0.));
#8744=DIRECTION('',(-0.499997451302198,0.,-0.8660268752708));
#8745=DIRECTION('center_axis',(0.,-1.,0.));
#8746=DIRECTION('ref_axis',(0.,0.,-1.));
#8747=DIRECTION('',(-0.999999999995669,0.,-2.94298022098782E-6));
#8748=DIRECTION('',(-0.500002548693472,0.,0.866023932290576));
#8749=DIRECTION('center_axis',(0.866023932290576,0.,0.500002548693472));
#8750=DIRECTION('ref_axis',(-0.500002548693472,0.,0.866023932290576));
#8751=DIRECTION('',(0.,-1.,0.));
#8752=DIRECTION('',(-0.500002548693472,0.,0.866023932290576));
#8753=DIRECTION('',(0.,-1.,0.));
#8754=DIRECTION('',(0.500002548693472,0.,-0.866023932290576));
#8755=DIRECTION('center_axis',(-0.866023932290576,0.,-0.500002548693471));
#8756=DIRECTION('ref_axis',(0.500002548693471,0.,-0.866023932290576));
#8757=DIRECTION('',(-0.500002548693471,0.,0.866023932290576));
#8758=DIRECTION('',(0.,-1.,0.));
#8759=DIRECTION('',(0.500002548693471,0.,-0.866023932290576));
#8760=DIRECTION('center_axis',(-2.94298022098782E-6,0.,0.999999999995669));
#8761=DIRECTION('ref_axis',(-0.999999999995669,0.,-2.94298022098782E-6));
#8762=DIRECTION('',(-0.999999999995669,0.,-2.94298022098782E-6));
#8763=DIRECTION('center_axis',(0.8660268752708,0.,-0.499997451302198));
#8764=DIRECTION('ref_axis',(0.499997451302198,0.,0.8660268752708));
#8765=DIRECTION('',(-0.499997451302198,0.,-0.8660268752708));
#8766=DIRECTION('',(0.499997451302198,0.,0.8660268752708));
#8767=DIRECTION('',(0.,-1.,0.));
#8768=DIRECTION('center_axis',(2.94298022387227E-6,0.,-0.999999999995669));
#8769=DIRECTION('ref_axis',(0.999999999995669,0.,2.94298022387227E-6));
#8770=DIRECTION('',(-0.999999999995669,0.,-2.94298022387227E-6));
#8771=DIRECTION('',(0.999999999995669,0.,2.94298022387227E-6));
#8772=DIRECTION('center_axis',(-0.8660268752708,0.,0.499997451302198));
#8773=DIRECTION('ref_axis',(-0.499997451302198,0.,-0.8660268752708));
#8774=DIRECTION('',(0.499997451302198,0.,0.8660268752708));
#8775=DIRECTION('',(0.,-1.,0.));
#8776=DIRECTION('',(-0.499997451302198,0.,-0.8660268752708));
#8777=DIRECTION('',(0.,-1.,0.));
#8778=DIRECTION('',(-0.499997451302198,0.,-0.8660268752708));
#8779=DIRECTION('center_axis',(0.,-1.,0.));
#8780=DIRECTION('ref_axis',(0.,0.,-1.));
#8781=DIRECTION('',(-0.999999999995669,0.,-2.94298022098782E-6));
#8782=DIRECTION('',(-0.500002548693472,0.,0.866023932290576));
#8783=DIRECTION('center_axis',(0.866023932290576,0.,0.500002548693472));
#8784=DIRECTION('ref_axis',(-0.500002548693472,0.,0.866023932290576));
#8785=DIRECTION('',(0.,-1.,0.));
#8786=DIRECTION('',(-0.500002548693472,0.,0.866023932290576));
#8787=DIRECTION('',(0.,-1.,0.));
#8788=DIRECTION('',(0.500002548693472,0.,-0.866023932290576));
#8789=DIRECTION('center_axis',(-0.866023932290576,0.,-0.500002548693471));
#8790=DIRECTION('ref_axis',(0.500002548693471,0.,-0.866023932290576));
#8791=DIRECTION('',(-0.500002548693471,0.,0.866023932290576));
#8792=DIRECTION('',(0.,-1.,0.));
#8793=DIRECTION('',(0.500002548693471,0.,-0.866023932290576));
#8794=DIRECTION('center_axis',(-2.94298022098782E-6,0.,0.999999999995669));
#8795=DIRECTION('ref_axis',(-0.999999999995669,0.,-2.94298022098782E-6));
#8796=DIRECTION('',(-0.999999999995669,0.,-2.94298022098782E-6));
#8797=DIRECTION('center_axis',(0.8660268752708,0.,-0.499997451302198));
#8798=DIRECTION('ref_axis',(0.499997451302198,0.,0.8660268752708));
#8799=DIRECTION('',(-0.499997451302198,0.,-0.8660268752708));
#8800=DIRECTION('',(0.499997451302198,0.,0.8660268752708));
#8801=DIRECTION('',(0.,-1.,0.));
#8802=DIRECTION('center_axis',(2.94298022387227E-6,0.,-0.999999999995669));
#8803=DIRECTION('ref_axis',(0.999999999995669,0.,2.94298022387227E-6));
#8804=DIRECTION('',(-0.999999999995669,0.,-2.94298022387227E-6));
#8805=DIRECTION('',(0.999999999995669,0.,2.94298022387227E-6));
#8806=DIRECTION('center_axis',(-0.8660268752708,0.,0.499997451302198));
#8807=DIRECTION('ref_axis',(-0.499997451302198,0.,-0.8660268752708));
#8808=DIRECTION('',(0.499997451302198,0.,0.8660268752708));
#8809=DIRECTION('',(0.,-1.,0.));
#8810=DIRECTION('',(-0.499997451302198,0.,-0.8660268752708));
#8811=DIRECTION('',(0.,-1.,0.));
#8812=DIRECTION('',(-0.499997451302198,0.,-0.8660268752708));
#8813=DIRECTION('center_axis',(0.,-1.,0.));
#8814=DIRECTION('ref_axis',(0.,0.,-1.));
#8815=DIRECTION('',(-0.999999999995669,0.,-2.94298022098782E-6));
#8816=DIRECTION('',(-0.500002548693472,0.,0.866023932290576));
#8817=DIRECTION('center_axis',(0.866023932290576,0.,0.500002548693472));
#8818=DIRECTION('ref_axis',(-0.500002548693472,0.,0.866023932290576));
#8819=DIRECTION('',(0.,-1.,0.));
#8820=DIRECTION('',(-0.500002548693472,0.,0.866023932290576));
#8821=DIRECTION('',(0.,-1.,0.));
#8822=DIRECTION('',(0.500002548693472,0.,-0.866023932290576));
#8823=DIRECTION('center_axis',(-0.866023932290576,0.,-0.500002548693471));
#8824=DIRECTION('ref_axis',(0.500002548693471,0.,-0.866023932290576));
#8825=DIRECTION('',(-0.500002548693471,0.,0.866023932290576));
#8826=DIRECTION('',(0.,-1.,0.));
#8827=DIRECTION('',(0.500002548693471,0.,-0.866023932290576));
#8828=DIRECTION('center_axis',(-2.94298022098782E-6,0.,0.999999999995669));
#8829=DIRECTION('ref_axis',(-0.999999999995669,0.,-2.94298022098782E-6));
#8830=DIRECTION('',(-0.999999999995669,0.,-2.94298022098782E-6));
#8831=DIRECTION('center_axis',(0.8660268752708,0.,-0.499997451302198));
#8832=DIRECTION('ref_axis',(0.499997451302198,0.,0.8660268752708));
#8833=DIRECTION('',(-0.499997451302198,0.,-0.8660268752708));
#8834=DIRECTION('',(0.499997451302198,0.,0.8660268752708));
#8835=DIRECTION('',(0.,-1.,0.));
#8836=DIRECTION('center_axis',(2.94298022387227E-6,0.,-0.999999999995669));
#8837=DIRECTION('ref_axis',(0.999999999995669,0.,2.94298022387227E-6));
#8838=DIRECTION('',(-0.999999999995669,0.,-2.94298022387227E-6));
#8839=DIRECTION('',(0.999999999995669,0.,2.94298022387227E-6));
#8840=DIRECTION('center_axis',(-0.8660268752708,0.,0.499997451302198));
#8841=DIRECTION('ref_axis',(-0.499997451302198,0.,-0.8660268752708));
#8842=DIRECTION('',(0.499997451302198,0.,0.8660268752708));
#8843=DIRECTION('',(0.,-1.,0.));
#8844=DIRECTION('',(-0.499997451302198,0.,-0.8660268752708));
#8845=DIRECTION('',(0.,-1.,0.));
#8846=DIRECTION('',(-0.499997451302198,0.,-0.8660268752708));
#8847=DIRECTION('center_axis',(0.,-1.,0.));
#8848=DIRECTION('ref_axis',(0.,0.,-1.));
#8849=DIRECTION('',(-0.999999999995669,0.,-2.94298022098782E-6));
#8850=DIRECTION('',(-0.500002548693472,0.,0.866023932290576));
#8851=DIRECTION('center_axis',(0.866023932290576,0.,0.500002548693472));
#8852=DIRECTION('ref_axis',(-0.500002548693472,0.,0.866023932290576));
#8853=DIRECTION('',(0.,-1.,0.));
#8854=DIRECTION('',(-0.500002548693472,0.,0.866023932290576));
#8855=DIRECTION('',(0.,-1.,0.));
#8856=DIRECTION('',(0.500002548693472,0.,-0.866023932290576));
#8857=DIRECTION('center_axis',(-0.866023932290576,0.,-0.500002548693471));
#8858=DIRECTION('ref_axis',(0.500002548693471,0.,-0.866023932290576));
#8859=DIRECTION('',(-0.500002548693471,0.,0.866023932290576));
#8860=DIRECTION('',(0.,-1.,0.));
#8861=DIRECTION('',(0.500002548693471,0.,-0.866023932290576));
#8862=DIRECTION('center_axis',(-2.94298022098782E-6,0.,0.999999999995669));
#8863=DIRECTION('ref_axis',(-0.999999999995669,0.,-2.94298022098782E-6));
#8864=DIRECTION('',(-0.999999999995669,0.,-2.94298022098782E-6));
#8865=DIRECTION('center_axis',(0.8660268752708,0.,-0.499997451302198));
#8866=DIRECTION('ref_axis',(0.499997451302198,0.,0.8660268752708));
#8867=DIRECTION('',(-0.499997451302198,0.,-0.8660268752708));
#8868=DIRECTION('',(0.499997451302198,0.,0.8660268752708));
#8869=DIRECTION('',(0.,-1.,0.));
#8870=DIRECTION('center_axis',(2.94298022387227E-6,0.,-0.999999999995669));
#8871=DIRECTION('ref_axis',(0.999999999995669,0.,2.94298022387227E-6));
#8872=DIRECTION('',(-0.999999999995669,0.,-2.94298022387227E-6));
#8873=DIRECTION('',(0.999999999995669,0.,2.94298022387227E-6));
#8874=DIRECTION('center_axis',(-0.8660268752708,0.,0.499997451302198));
#8875=DIRECTION('ref_axis',(-0.499997451302198,0.,-0.8660268752708));
#8876=DIRECTION('',(0.499997451302198,0.,0.8660268752708));
#8877=DIRECTION('',(0.,-1.,0.));
#8878=DIRECTION('',(-0.499997451302198,0.,-0.8660268752708));
#8879=DIRECTION('',(0.,-1.,0.));
#8880=DIRECTION('',(-0.499997451302198,0.,-0.8660268752708));
#8881=DIRECTION('center_axis',(0.,-1.,0.));
#8882=DIRECTION('ref_axis',(0.,0.,-1.));
#8883=DIRECTION('',(-0.999999999995669,0.,-2.94298022098782E-6));
#8884=DIRECTION('',(-0.500002548693472,0.,0.866023932290576));
#8885=DIRECTION('center_axis',(0.866023932290576,0.,0.500002548693472));
#8886=DIRECTION('ref_axis',(-0.500002548693472,0.,0.866023932290576));
#8887=DIRECTION('',(0.,-1.,0.));
#8888=DIRECTION('',(-0.500002548693472,0.,0.866023932290576));
#8889=DIRECTION('',(0.,-1.,0.));
#8890=DIRECTION('',(0.500002548693472,0.,-0.866023932290576));
#8891=DIRECTION('center_axis',(-0.866023932290576,0.,-0.500002548693471));
#8892=DIRECTION('ref_axis',(0.500002548693471,0.,-0.866023932290576));
#8893=DIRECTION('',(-0.500002548693471,0.,0.866023932290576));
#8894=DIRECTION('',(0.,-1.,0.));
#8895=DIRECTION('',(0.500002548693471,0.,-0.866023932290576));
#8896=DIRECTION('center_axis',(-2.94298022098782E-6,0.,0.999999999995669));
#8897=DIRECTION('ref_axis',(-0.999999999995669,0.,-2.94298022098782E-6));
#8898=DIRECTION('',(-0.999999999995669,0.,-2.94298022098782E-6));
#8899=DIRECTION('center_axis',(0.8660268752708,0.,-0.499997451302198));
#8900=DIRECTION('ref_axis',(0.499997451302198,0.,0.8660268752708));
#8901=DIRECTION('',(-0.499997451302198,0.,-0.8660268752708));
#8902=DIRECTION('',(0.499997451302198,0.,0.8660268752708));
#8903=DIRECTION('',(0.,-1.,0.));
#8904=DIRECTION('center_axis',(2.94298022387227E-6,0.,-0.999999999995669));
#8905=DIRECTION('ref_axis',(0.999999999995669,0.,2.94298022387227E-6));
#8906=DIRECTION('',(-0.999999999995669,0.,-2.94298022387227E-6));
#8907=DIRECTION('',(0.999999999995669,0.,2.94298022387227E-6));
#8908=DIRECTION('center_axis',(0.866023932290576,0.,0.500002548693472));
#8909=DIRECTION('ref_axis',(-0.500002548693472,0.,0.866023932290576));
#8910=DIRECTION('',(0.500002548693472,0.,-0.866023932290576));
#8911=DIRECTION('',(0.,-1.,0.));
#8912=DIRECTION('',(-0.500002548693472,0.,0.866023932290576));
#8913=DIRECTION('',(0.,-1.,0.));
#8914=DIRECTION('center_axis',(0.8660268752708,0.,-0.499997451302198));
#8915=DIRECTION('ref_axis',(0.499997451302198,0.,0.8660268752708));
#8916=DIRECTION('',(-0.499997451302198,0.,-0.8660268752708));
#8917=DIRECTION('',(0.499997451302198,0.,0.8660268752708));
#8918=DIRECTION('',(0.,-1.,0.));
#8919=DIRECTION('center_axis',(2.94298022387227E-6,0.,-0.999999999995669));
#8920=DIRECTION('ref_axis',(0.999999999995669,0.,2.94298022387227E-6));
#8921=DIRECTION('',(-0.999999999995669,0.,-2.94298022387227E-6));
#8922=DIRECTION('',(0.999999999995669,0.,2.94298022387227E-6));
#8923=DIRECTION('',(0.,-1.,0.));
#8924=DIRECTION('center_axis',(-0.866023932290576,0.,-0.500002548693471));
#8925=DIRECTION('ref_axis',(0.500002548693471,0.,-0.866023932290576));
#8926=DIRECTION('',(-0.500002548693471,0.,0.866023932290576));
#8927=DIRECTION('',(0.500002548693471,0.,-0.866023932290576));
#8928=DIRECTION('',(0.,-1.,0.));
#8929=DIRECTION('center_axis',(-0.8660268752708,0.,0.499997451302198));
#8930=DIRECTION('ref_axis',(-0.499997451302198,0.,-0.8660268752708));
#8931=DIRECTION('',(0.499997451302198,0.,0.8660268752708));
#8932=DIRECTION('',(-0.499997451302198,0.,-0.8660268752708));
#8933=DIRECTION('',(0.,-1.,0.));
#8934=DIRECTION('center_axis',(-2.94298022098782E-6,0.,0.999999999995669));
#8935=DIRECTION('ref_axis',(-0.999999999995669,0.,-2.94298022098782E-6));
#8936=DIRECTION('',(0.999999999995669,0.,2.94298022098782E-6));
#8937=DIRECTION('',(-0.999999999995669,0.,-2.94298022098782E-6));
#8938=DIRECTION('center_axis',(-0.8660268752708,0.,0.499997451302198));
#8939=DIRECTION('ref_axis',(-0.499997451302198,0.,-0.8660268752708));
#8940=DIRECTION('',(0.499997451302198,0.,0.8660268752708));
#8941=DIRECTION('',(0.,-1.,0.));
#8942=DIRECTION('',(-0.499997451302198,0.,-0.8660268752708));
#8943=DIRECTION('',(0.,-1.,0.));
#8944=DIRECTION('',(-0.499997451302198,0.,-0.8660268752708));
#8945=DIRECTION('center_axis',(0.,-1.,0.));
#8946=DIRECTION('ref_axis',(0.,0.,-1.));
#8947=DIRECTION('',(-0.999999999995669,0.,-2.94298022098782E-6));
#8948=DIRECTION('',(-0.500002548693472,0.,0.866023932290576));
#8949=DIRECTION('center_axis',(0.866023932290576,0.,0.500002548693472));
#8950=DIRECTION('ref_axis',(-0.500002548693472,0.,0.866023932290576));
#8951=DIRECTION('',(0.,-1.,0.));
#8952=DIRECTION('',(-0.500002548693472,0.,0.866023932290576));
#8953=DIRECTION('',(0.,-1.,0.));
#8954=DIRECTION('',(0.500002548693472,0.,-0.866023932290576));
#8955=DIRECTION('center_axis',(0.8660268752708,0.,-0.499997451302198));
#8956=DIRECTION('ref_axis',(0.499997451302198,0.,0.8660268752708));
#8957=DIRECTION('',(-0.499997451302198,0.,-0.8660268752708));
#8958=DIRECTION('',(0.499997451302198,0.,0.8660268752708));
#8959=DIRECTION('',(0.,-1.,0.));
#8960=DIRECTION('center_axis',(2.94298022387227E-6,0.,-0.999999999995669));
#8961=DIRECTION('ref_axis',(0.999999999995669,0.,2.94298022387227E-6));
#8962=DIRECTION('',(-0.999999999995669,0.,-2.94298022387227E-6));
#8963=DIRECTION('',(0.999999999995669,0.,2.94298022387227E-6));
#8964=DIRECTION('',(0.,-1.,0.));
#8965=DIRECTION('center_axis',(-0.866023932290576,0.,-0.500002548693471));
#8966=DIRECTION('ref_axis',(0.500002548693471,0.,-0.866023932290576));
#8967=DIRECTION('',(-0.500002548693471,0.,0.866023932290576));
#8968=DIRECTION('',(0.500002548693471,0.,-0.866023932290576));
#8969=DIRECTION('center_axis',(-2.94298022098782E-6,0.,0.999999999995669));
#8970=DIRECTION('ref_axis',(-0.999999999995669,0.,-2.94298022098782E-6));
#8971=DIRECTION('',(-0.999999999995669,0.,-2.94298022098782E-6));
#8972=DIRECTION('center_axis',(0.866023932290576,0.,0.500002548693472));
#8973=DIRECTION('ref_axis',(-0.500002548693472,0.,0.866023932290576));
#8974=DIRECTION('',(0.500002548693472,0.,-0.866023932290576));
#8975=DIRECTION('',(0.,-1.,0.));
#8976=DIRECTION('',(-0.500002548693472,0.,0.866023932290576));
#8977=DIRECTION('',(0.,-1.,0.));
#8978=DIRECTION('center_axis',(0.8660268752708,0.,-0.499997451302198));
#8979=DIRECTION('ref_axis',(0.499997451302198,0.,0.8660268752708));
#8980=DIRECTION('',(-0.499997451302198,0.,-0.8660268752708));
#8981=DIRECTION('',(0.499997451302198,0.,0.8660268752708));
#8982=DIRECTION('',(0.,-1.,0.));
#8983=DIRECTION('center_axis',(2.94298022387227E-6,0.,-0.999999999995669));
#8984=DIRECTION('ref_axis',(0.999999999995669,0.,2.94298022387227E-6));
#8985=DIRECTION('',(-0.999999999995669,0.,-2.94298022387227E-6));
#8986=DIRECTION('',(0.999999999995669,0.,2.94298022387227E-6));
#8987=DIRECTION('',(0.,-1.,0.));
#8988=DIRECTION('center_axis',(-0.866023932290576,0.,-0.500002548693471));
#8989=DIRECTION('ref_axis',(0.500002548693471,0.,-0.866023932290576));
#8990=DIRECTION('',(-0.500002548693471,0.,0.866023932290576));
#8991=DIRECTION('',(0.500002548693471,0.,-0.866023932290576));
#8992=DIRECTION('',(0.,-1.,0.));
#8993=DIRECTION('center_axis',(-0.8660268752708,0.,0.499997451302198));
#8994=DIRECTION('ref_axis',(-0.499997451302198,0.,-0.8660268752708));
#8995=DIRECTION('',(0.499997451302198,0.,0.8660268752708));
#8996=DIRECTION('',(-0.499997451302198,0.,-0.8660268752708));
#8997=DIRECTION('',(0.,-1.,0.));
#8998=DIRECTION('center_axis',(-2.94298022098782E-6,0.,0.999999999995669));
#8999=DIRECTION('ref_axis',(-0.999999999995669,0.,-2.94298022098782E-6));
#9000=DIRECTION('',(0.999999999995669,0.,2.94298022098782E-6));
#9001=DIRECTION('',(-0.999999999995669,0.,-2.94298022098782E-6));
#9002=DIRECTION('center_axis',(-0.8660268752708,0.,0.499997451302198));
#9003=DIRECTION('ref_axis',(-0.499997451302198,0.,-0.8660268752708));
#9004=DIRECTION('',(0.499997451302198,0.,0.8660268752708));
#9005=DIRECTION('',(0.,-1.,0.));
#9006=DIRECTION('',(-0.499997451302198,0.,-0.8660268752708));
#9007=DIRECTION('',(0.,-1.,0.));
#9008=DIRECTION('',(-0.499997451302198,0.,-0.8660268752708));
#9009=DIRECTION('center_axis',(0.,-1.,0.));
#9010=DIRECTION('ref_axis',(0.,0.,-1.));
#9011=DIRECTION('',(-0.999999999995669,0.,-2.94298022098782E-6));
#9012=DIRECTION('',(-0.500002548693472,0.,0.866023932290576));
#9013=DIRECTION('center_axis',(0.866023932290576,0.,0.500002548693472));
#9014=DIRECTION('ref_axis',(-0.500002548693472,0.,0.866023932290576));
#9015=DIRECTION('',(0.,-1.,0.));
#9016=DIRECTION('',(-0.500002548693472,0.,0.866023932290576));
#9017=DIRECTION('',(0.,-1.,0.));
#9018=DIRECTION('',(0.500002548693472,0.,-0.866023932290576));
#9019=DIRECTION('center_axis',(-0.866023932290576,0.,-0.500002548693471));
#9020=DIRECTION('ref_axis',(0.500002548693471,0.,-0.866023932290576));
#9021=DIRECTION('',(-0.500002548693471,0.,0.866023932290576));
#9022=DIRECTION('',(0.,-1.,0.));
#9023=DIRECTION('',(0.500002548693471,0.,-0.866023932290576));
#9024=DIRECTION('center_axis',(-2.94298022098782E-6,0.,0.999999999995669));
#9025=DIRECTION('ref_axis',(-0.999999999995669,0.,-2.94298022098782E-6));
#9026=DIRECTION('',(-0.999999999995669,0.,-2.94298022098782E-6));
#9027=DIRECTION('center_axis',(0.8660268752708,0.,-0.499997451302198));
#9028=DIRECTION('ref_axis',(0.499997451302198,0.,0.8660268752708));
#9029=DIRECTION('',(-0.499997451302198,0.,-0.8660268752708));
#9030=DIRECTION('',(0.499997451302198,0.,0.8660268752708));
#9031=DIRECTION('',(0.,-1.,0.));
#9032=DIRECTION('center_axis',(2.94298022387227E-6,0.,-0.999999999995669));
#9033=DIRECTION('ref_axis',(0.999999999995669,0.,2.94298022387227E-6));
#9034=DIRECTION('',(-0.999999999995669,0.,-2.94298022387227E-6));
#9035=DIRECTION('',(0.999999999995669,0.,2.94298022387227E-6));
#9036=DIRECTION('center_axis',(0.866023932290576,0.,0.500002548693472));
#9037=DIRECTION('ref_axis',(-0.500002548693472,0.,0.866023932290576));
#9038=DIRECTION('',(0.500002548693472,0.,-0.866023932290576));
#9039=DIRECTION('',(0.,-1.,0.));
#9040=DIRECTION('',(-0.500002548693472,0.,0.866023932290576));
#9041=DIRECTION('',(0.,-1.,0.));
#9042=DIRECTION('center_axis',(0.8660268752708,0.,-0.499997451302198));
#9043=DIRECTION('ref_axis',(0.499997451302198,0.,0.8660268752708));
#9044=DIRECTION('',(-0.499997451302198,0.,-0.8660268752708));
#9045=DIRECTION('',(0.499997451302198,0.,0.8660268752708));
#9046=DIRECTION('',(0.,-1.,0.));
#9047=DIRECTION('center_axis',(2.94298022387227E-6,0.,-0.999999999995669));
#9048=DIRECTION('ref_axis',(0.999999999995669,0.,2.94298022387227E-6));
#9049=DIRECTION('',(-0.999999999995669,0.,-2.94298022387227E-6));
#9050=DIRECTION('',(0.999999999995669,0.,2.94298022387227E-6));
#9051=DIRECTION('',(0.,-1.,0.));
#9052=DIRECTION('center_axis',(-0.866023932290576,0.,-0.500002548693471));
#9053=DIRECTION('ref_axis',(0.500002548693471,0.,-0.866023932290576));
#9054=DIRECTION('',(-0.500002548693471,0.,0.866023932290576));
#9055=DIRECTION('',(0.500002548693471,0.,-0.866023932290576));
#9056=DIRECTION('',(0.,-1.,0.));
#9057=DIRECTION('center_axis',(-0.8660268752708,0.,0.499997451302198));
#9058=DIRECTION('ref_axis',(-0.499997451302198,0.,-0.8660268752708));
#9059=DIRECTION('',(0.499997451302198,0.,0.8660268752708));
#9060=DIRECTION('',(-0.499997451302198,0.,-0.8660268752708));
#9061=DIRECTION('',(0.,-1.,0.));
#9062=DIRECTION('center_axis',(-2.94298022098782E-6,0.,0.999999999995669));
#9063=DIRECTION('ref_axis',(-0.999999999995669,0.,-2.94298022098782E-6));
#9064=DIRECTION('',(0.999999999995669,0.,2.94298022098782E-6));
#9065=DIRECTION('',(-0.999999999995669,0.,-2.94298022098782E-6));
#9066=DIRECTION('center_axis',(0.866023932290576,0.,0.500002548693472));
#9067=DIRECTION('ref_axis',(-0.500002548693472,0.,0.866023932290576));
#9068=DIRECTION('',(0.500002548693472,0.,-0.866023932290576));
#9069=DIRECTION('',(0.,-1.,0.));
#9070=DIRECTION('',(-0.500002548693472,0.,0.866023932290576));
#9071=DIRECTION('',(0.,-1.,0.));
#9072=DIRECTION('center_axis',(0.8660268752708,0.,-0.499997451302198));
#9073=DIRECTION('ref_axis',(0.499997451302198,0.,0.8660268752708));
#9074=DIRECTION('',(-0.499997451302198,0.,-0.8660268752708));
#9075=DIRECTION('',(0.499997451302198,0.,0.8660268752708));
#9076=DIRECTION('',(0.,-1.,0.));
#9077=DIRECTION('center_axis',(2.94298022387227E-6,0.,-0.999999999995669));
#9078=DIRECTION('ref_axis',(0.999999999995669,0.,2.94298022387227E-6));
#9079=DIRECTION('',(-0.999999999995669,0.,-2.94298022387227E-6));
#9080=DIRECTION('',(0.999999999995669,0.,2.94298022387227E-6));
#9081=DIRECTION('',(0.,-1.,0.));
#9082=DIRECTION('center_axis',(-0.866023932290576,0.,-0.500002548693471));
#9083=DIRECTION('ref_axis',(0.500002548693471,0.,-0.866023932290576));
#9084=DIRECTION('',(-0.500002548693471,0.,0.866023932290576));
#9085=DIRECTION('',(0.500002548693471,0.,-0.866023932290576));
#9086=DIRECTION('',(0.,-1.,0.));
#9087=DIRECTION('center_axis',(-0.8660268752708,0.,0.499997451302198));
#9088=DIRECTION('ref_axis',(-0.499997451302198,0.,-0.8660268752708));
#9089=DIRECTION('',(0.499997451302198,0.,0.8660268752708));
#9090=DIRECTION('',(-0.499997451302198,0.,-0.8660268752708));
#9091=DIRECTION('',(0.,-1.,0.));
#9092=DIRECTION('center_axis',(-2.94298022098782E-6,0.,0.999999999995669));
#9093=DIRECTION('ref_axis',(-0.999999999995669,0.,-2.94298022098782E-6));
#9094=DIRECTION('',(0.999999999995669,0.,2.94298022098782E-6));
#9095=DIRECTION('',(-0.999999999995669,0.,-2.94298022098782E-6));
#9096=DIRECTION('center_axis',(0.866023932290576,0.,0.500002548693472));
#9097=DIRECTION('ref_axis',(-0.500002548693472,0.,0.866023932290576));
#9098=DIRECTION('',(0.500002548693472,0.,-0.866023932290576));
#9099=DIRECTION('',(0.,-1.,0.));
#9100=DIRECTION('',(-0.500002548693472,0.,0.866023932290576));
#9101=DIRECTION('',(0.,-1.,0.));
#9102=DIRECTION('center_axis',(0.8660268752708,0.,-0.499997451302198));
#9103=DIRECTION('ref_axis',(0.499997451302198,0.,0.8660268752708));
#9104=DIRECTION('',(-0.499997451302198,0.,-0.8660268752708));
#9105=DIRECTION('',(0.499997451302198,0.,0.8660268752708));
#9106=DIRECTION('',(0.,-1.,0.));
#9107=DIRECTION('center_axis',(2.94298022387227E-6,0.,-0.999999999995669));
#9108=DIRECTION('ref_axis',(0.999999999995669,0.,2.94298022387227E-6));
#9109=DIRECTION('',(-0.999999999995669,0.,-2.94298022387227E-6));
#9110=DIRECTION('',(0.999999999995669,0.,2.94298022387227E-6));
#9111=DIRECTION('',(0.,-1.,0.));
#9112=DIRECTION('center_axis',(-0.866023932290576,0.,-0.500002548693471));
#9113=DIRECTION('ref_axis',(0.500002548693471,0.,-0.866023932290576));
#9114=DIRECTION('',(-0.500002548693471,0.,0.866023932290576));
#9115=DIRECTION('',(0.500002548693471,0.,-0.866023932290576));
#9116=DIRECTION('',(0.,-1.,0.));
#9117=DIRECTION('center_axis',(-0.8660268752708,0.,0.499997451302198));
#9118=DIRECTION('ref_axis',(-0.499997451302198,0.,-0.8660268752708));
#9119=DIRECTION('',(0.499997451302198,0.,0.8660268752708));
#9120=DIRECTION('',(-0.499997451302198,0.,-0.8660268752708));
#9121=DIRECTION('',(0.,-1.,0.));
#9122=DIRECTION('center_axis',(-2.94298022098782E-6,0.,0.999999999995669));
#9123=DIRECTION('ref_axis',(-0.999999999995669,0.,-2.94298022098782E-6));
#9124=DIRECTION('',(0.999999999995669,0.,2.94298022098782E-6));
#9125=DIRECTION('',(-0.999999999995669,0.,-2.94298022098782E-6));
#9126=DIRECTION('center_axis',(0.,-1.,0.));
#9127=DIRECTION('ref_axis',(-1.,0.,0.));
#9128=DIRECTION('',(1.,0.,0.));
#9129=DIRECTION('',(0.,0.,1.));
#9130=DIRECTION('center_axis',(0.,0.,-1.));
#9131=DIRECTION('ref_axis',(-1.,0.,0.));
#9132=DIRECTION('center_axis',(0.,0.,1.));
#9133=DIRECTION('ref_axis',(-1.,0.,0.));
#9134=DIRECTION('',(0.,0.,1.));
#9135=DIRECTION('',(0.,0.,1.));
#9136=DIRECTION('center_axis',(0.,0.,-1.));
#9137=DIRECTION('ref_axis',(-1.,0.,0.));
#9138=DIRECTION('',(0.,0.,-1.));
#9139=DIRECTION('center_axis',(0.,0.,1.));
#9140=DIRECTION('ref_axis',(-1.,0.,0.));
#9141=DIRECTION('center_axis',(0.342020143325667,-0.939692620785909,0.));
#9142=DIRECTION('ref_axis',(-0.939692620785909,-0.342020143325667,0.));
#9143=DIRECTION('',(-0.939692620785909,-0.342020143325667,0.));
#9144=DIRECTION('',(0.,0.,1.));
#9145=DIRECTION('center_axis',(-0.342020143325667,0.939692620785909,0.));
#9146=DIRECTION('ref_axis',(0.939692620785909,0.342020143325667,0.));
#9147=DIRECTION('',(0.,0.,-1.));
#9148=DIRECTION('center_axis',(0.,0.,-1.));
#9149=DIRECTION('ref_axis',(-6.12323399573677E-17,-1.,0.));
#9150=DIRECTION('center_axis',(0.,0.,-1.));
#9151=DIRECTION('ref_axis',(-1.,0.,0.));
#9152=DIRECTION('center_axis',(0.,0.,1.));
#9153=DIRECTION('ref_axis',(0.0054264121726888,0.999985276917082,0.));
#9154=DIRECTION('center_axis',(0.,0.,1.));
#9155=DIRECTION('ref_axis',(0.0054264121726888,0.999985276917082,0.));
#9156=DIRECTION('center_axis',(0.,-1.,0.));
#9157=DIRECTION('ref_axis',(0.,0.,-1.));
#9158=DIRECTION('center_axis',(0.999985276917082,-0.0054264121726888,0.));
#9159=DIRECTION('ref_axis',(-0.0054264121726888,-0.999985276917081,0.));
#9160=DIRECTION('center_axis',(0.,0.,1.));
#9161=DIRECTION('ref_axis',(-1.,0.,0.));
#9162=DIRECTION('center_axis',(0.,0.,1.));
#9163=DIRECTION('ref_axis',(-1.,0.,0.));
#9164=DIRECTION('center_axis',(0.,0.,-1.));
#9165=DIRECTION('ref_axis',(0.707106781186548,0.707106781186547,0.));
#9166=DIRECTION('center_axis',(0.,0.,-1.));
#9167=DIRECTION('ref_axis',(0.707106781186548,0.707106781186547,0.));
#9168=DIRECTION('',(0.,0.,-1.));
#9169=DIRECTION('center_axis',(0.,0.,1.));
#9170=DIRECTION('ref_axis',(1.,0.,0.));
#9171=DIRECTION('center_axis',(0.,0.,1.));
#9172=DIRECTION('ref_axis',(-0.707106781186549,0.707106781186546,0.));
#9173=DIRECTION('',(-1.,0.,0.));
#9174=DIRECTION('',(0.,-1.,0.));
#9175=DIRECTION('',(-1.,0.,0.));
#9176=DIRECTION('',(0.,-1.,0.));
#9177=DIRECTION('center_axis',(0.,0.,-1.));
#9178=DIRECTION('ref_axis',(0.707106781186547,-0.707106781186548,0.));
#9179=DIRECTION('',(0.,0.,1.));
#9180=DIRECTION('center_axis',(0.,0.,1.));
#9181=DIRECTION('ref_axis',(0.,-1.,0.));
#9182=DIRECTION('center_axis',(0.,1.,0.));
#9183=DIRECTION('ref_axis',(1.,0.,0.));
#9184=DIRECTION('',(1.,0.,0.));
#9185=DIRECTION('center_axis',(1.,0.,0.));
#9186=DIRECTION('ref_axis',(0.,-1.,0.));
#9187=DIRECTION('',(2.07761030896938E-16,1.,0.));
#9188=DIRECTION('center_axis',(0.,1.,0.));
#9189=DIRECTION('ref_axis',(1.,0.,0.));
#9190=DIRECTION('',(0.,0.,-1.));
#9191=DIRECTION('',(-1.,0.,0.));
#9192=DIRECTION('',(0.,0.,-1.));
#9193=DIRECTION('center_axis',(0.,-1.,0.));
#9194=DIRECTION('ref_axis',(0.,0.,1.));
#9195=DIRECTION('',(0.,0.,-1.));
#9196=DIRECTION('',(-1.,0.,0.));
#9197=DIRECTION('center_axis',(0.,0.,1.));
#9198=DIRECTION('ref_axis',(0.,1.,0.));
#9199=DIRECTION('',(0.,-1.,0.));
#9200=DIRECTION('',(-1.,0.,0.));
#9201=DIRECTION('center_axis',(0.,1.,0.));
#9202=DIRECTION('ref_axis',(0.,0.,-1.));
#9203=DIRECTION('',(0.,0.,1.));
#9204=DIRECTION('center_axis',(0.,0.,-1.));
#9205=DIRECTION('ref_axis',(0.,-1.,0.));
#9206=DIRECTION('',(0.,-1.,0.));
#9207=DIRECTION('center_axis',(0.,0.,1.));
#9208=DIRECTION('ref_axis',(-0.707106781186547,-0.707106781186548,0.));
#9209=DIRECTION('',(-1.,0.,0.));
#9210=DIRECTION('center_axis',(0.,0.,1.));
#9211=DIRECTION('ref_axis',(-0.707106781186541,-0.707106781186554,0.));
#9212=DIRECTION('',(0.,1.,0.));
#9213=DIRECTION('center_axis',(0.,0.,1.));
#9214=DIRECTION('ref_axis',(-0.707106781186549,0.707106781186546,0.));
#9215=DIRECTION('',(-4.3711388286742E-8,0.999999999999999,0.));
#9216=DIRECTION('',(-0.999999999999999,-4.37113885827974E-8,0.));
#9217=DIRECTION('center_axis',(0.,0.,-1.));
#9218=DIRECTION('ref_axis',(1.,0.,0.));
#9219=DIRECTION('center_axis',(0.,0.,-1.));
#9220=DIRECTION('ref_axis',(1.,0.,0.));
#9221=DIRECTION('center_axis',(0.,0.,1.));
#9222=DIRECTION('ref_axis',(-0.707106781186541,-0.707106781186554,0.));
#9223=DIRECTION('',(0.,0.,1.));
#9224=DIRECTION('',(0.,0.,-1.));
#9225=DIRECTION('center_axis',(-1.,0.,0.));
#9226=DIRECTION('ref_axis',(0.,-1.,0.));
#9227=DIRECTION('center_axis',(0.,-1.,0.));
#9228=DIRECTION('ref_axis',(1.,0.,0.));
#9229=DIRECTION('center_axis',(0.,0.,-1.));
#9230=DIRECTION('ref_axis',(-1.,0.,0.));
#9231=DIRECTION('',(0.,0.,-1.));
#9232=DIRECTION('center_axis',(0.,0.,1.));
#9233=DIRECTION('ref_axis',(-1.,0.,0.));
#9234=DIRECTION('center_axis',(0.,-1.,0.));
#9235=DIRECTION('ref_axis',(-1.,0.,0.));
#9236=DIRECTION('center_axis',(0.,0.,-1.));
#9237=DIRECTION('ref_axis',(-1.,0.,0.));
#9238=DIRECTION('center_axis',(0.,0.,1.));
#9239=DIRECTION('ref_axis',(-1.,0.,0.));
#9240=DIRECTION('center_axis',(0.,0.,-1.));
#9241=DIRECTION('ref_axis',(-1.,0.,0.));
#9242=DIRECTION('center_axis',(0.,1.,0.));
#9243=DIRECTION('ref_axis',(1.,0.,0.));
#9244=DIRECTION('center_axis',(0.,0.,1.));
#9245=DIRECTION('ref_axis',(-1.,0.,0.));
#9246=DIRECTION('center_axis',(0.,0.,1.));
#9247=DIRECTION('ref_axis',(-1.,0.,0.));
#9248=DIRECTION('center_axis',(0.,0.,1.));
#9249=DIRECTION('ref_axis',(-4.37113883479703E-8,0.999999999999999,0.));
#9250=DIRECTION('center_axis',(4.3711388286742E-8,-0.999999999999999,1.47845667889012E-18));
#9251=DIRECTION('ref_axis',(0.999999999999998,4.3711388286742E-8,-4.57180736888542E-8));
#9252=DIRECTION('',(4.57180736893945E-8,1.9998789274379E-15,0.999999999999999));
#9253=DIRECTION('center_axis',(0.999999999999998,4.3711388286742E-8,-4.57180736893945E-8));
#9254=DIRECTION('ref_axis',(-4.3711388286742E-8,0.999999999999999,1.07958110930487E-31));
#9255=DIRECTION('center_axis',(0.,0.,-1.));
#9256=DIRECTION('ref_axis',(-1.,0.,0.));
#9257=DIRECTION('center_axis',(0.,0.,-1.));
#9258=DIRECTION('ref_axis',(-1.,0.,0.));
#9259=DIRECTION('center_axis',(1.58603289232165E-16,1.,0.));
#9260=DIRECTION('ref_axis',(1.,-1.58603289232165E-16,0.));
#9261=DIRECTION('center_axis',(0.,0.,-1.));
#9262=DIRECTION('ref_axis',(-1.,0.,0.));
#9263=DIRECTION('center_axis',(0.,0.,-1.));
#9264=DIRECTION('ref_axis',(-1.,0.,0.));
#9265=DIRECTION('center_axis',(0.,0.,1.));
#9266=DIRECTION('ref_axis',(1.,0.,0.));
#9267=DIRECTION('',(0.,0.,-1.));
#9268=DIRECTION('center_axis',(0.,0.,-1.));
#9269=DIRECTION('ref_axis',(-1.,0.,0.));
#9270=DIRECTION('center_axis',(0.,1.,0.));
#9271=DIRECTION('ref_axis',(1.,0.,0.));
#9272=DIRECTION('center_axis',(0.,0.,-1.));
#9273=DIRECTION('ref_axis',(-1.,0.,0.));
#9274=DIRECTION('center_axis',(0.,0.,-1.));
#9275=DIRECTION('ref_axis',(-1.,0.,0.));
#9276=DIRECTION('center_axis',(0.,0.,1.));
#9277=DIRECTION('ref_axis',(1.,0.,0.));
#9278=DIRECTION('',(0.,0.,-1.));
#9279=DIRECTION('center_axis',(0.,0.,-1.));
#9280=DIRECTION('ref_axis',(-1.,0.,0.));
#9281=DIRECTION('',(0.,0.,1.));
#9282=DIRECTION('center_axis',(0.,0.,-1.));
#9283=DIRECTION('ref_axis',(-1.,0.,0.));
#9284=DIRECTION('center_axis',(0.,0.,-1.));
#9285=DIRECTION('ref_axis',(-1.,0.,0.));
#9286=DIRECTION('',(0.,0.,1.));
#9287=DIRECTION('center_axis',(0.,0.,-1.));
#9288=DIRECTION('ref_axis',(-1.,0.,0.));
#9289=DIRECTION('center_axis',(0.,0.,-1.));
#9290=DIRECTION('ref_axis',(-1.,0.,0.));
#9291=DIRECTION('',(0.,0.,1.));
#9292=DIRECTION('center_axis',(0.,0.,1.));
#9293=DIRECTION('ref_axis',(-1.,0.,0.));
#9294=DIRECTION('center_axis',(0.,0.,1.));
#9295=DIRECTION('ref_axis',(-1.,0.,0.));
#9296=DIRECTION('center_axis',(0.,0.,-1.));
#9297=DIRECTION('ref_axis',(-0.707106781186547,-0.707106781186548,0.));
#9298=DIRECTION('',(0.,0.,-1.));
#9299=DIRECTION('center_axis',(0.,0.,-1.));
#9300=DIRECTION('ref_axis',(-0.707106781186549,0.707106781186546,0.));
#9301=DIRECTION('',(0.,0.,1.));
#9302=DIRECTION('center_axis',(-1.,0.,0.));
#9303=DIRECTION('ref_axis',(0.,1.,0.));
#9304=CARTESIAN_POINT('',(0.,0.,0.));
#9305=CARTESIAN_POINT('Origin',(-2.00000002980232,102.,0.));
#9306=CARTESIAN_POINT('',(-2.00000002980232,25.6156528761996,8.));
#9307=CARTESIAN_POINT('',(-1.99999918028494,25.500000538426,7.99852447119727));
#9308=CARTESIAN_POINT('Ctrl Pts',(-1.99999918527277,25.6156519130808,8.));
#9309=CARTESIAN_POINT('Ctrl Pts',(-1.99999918361786,25.5777920356389,8.));
#9310=CARTESIAN_POINT('Ctrl Pts',(-1.99999918195158,25.5391821583554,7.99953186634375));
#9311=CARTESIAN_POINT('Ctrl Pts',(-1.99999918028495,25.500000538419,7.99852447119708));
#9312=CARTESIAN_POINT('',(-1.9999996050099,25.500000538426,7.99999999999998));
#9313=CARTESIAN_POINT('',(-2.00000002980232,102.,8.));
#9314=CARTESIAN_POINT('',(-2.00000002980232,25.500000538426,-11.3000006446929));
#9315=CARTESIAN_POINT('Origin',(-2.00000060104618,26.000000538426,-22.5999986834555));
#9316=CARTESIAN_POINT('Ctrl Pts',(-1.99999918527277,25.6156519130808,8.));
#9317=CARTESIAN_POINT('Ctrl Pts',(-1.99999918361786,25.5777920356389,8.));
#9318=CARTESIAN_POINT('Ctrl Pts',(-1.99999918195158,25.5391821583554,7.99953186634375));
#9319=CARTESIAN_POINT('Ctrl Pts',(-1.99999918028495,25.500000538419,7.99852447119708));
#9320=CARTESIAN_POINT('',(-2.00000002980232,25.500000538426,-11.3000006446929));
#9321=CARTESIAN_POINT('Origin',(97.,85.,1.));
#9322=CARTESIAN_POINT('',(92.5908556289316,86.6047973096513,1.));
#9323=CARTESIAN_POINT('',(93.5305482497175,86.2627771663256,0.));
#9324=CARTESIAN_POINT('Origin',(93.5305482497175,86.2627771663256,1.));
#9325=CARTESIAN_POINT('',(98.1754580466065,81.5,0.));
#9326=CARTESIAN_POINT('Origin',(97.,85.,0.));
#9327=CARTESIAN_POINT('',(100.125048558021,81.5,1.));
#9328=CARTESIAN_POINT('Ctrl Pts',(100.125048558021,81.5,1.));
#9329=CARTESIAN_POINT('Ctrl Pts',(100.125048558021,81.5,0.942464699861508));
#9330=CARTESIAN_POINT('Ctrl Pts',(100.115513916196,81.5,0.874083868464141));
#9331=CARTESIAN_POINT('Ctrl Pts',(100.083526779551,81.5,0.75907097255181));
#9332=CARTESIAN_POINT('Ctrl Pts',(100.053806142308,81.5,0.691070833702571));
#9333=CARTESIAN_POINT('Ctrl Pts',(99.9413986719055,81.5,0.50194848546053));
#9334=CARTESIAN_POINT('Ctrl Pts',(99.8004462243455,81.5,0.374846522411563));
#9335=CARTESIAN_POINT('Ctrl Pts',(99.525305619061,81.5,0.208158602264992));
#9336=CARTESIAN_POINT('Ctrl Pts',(99.3417007738923,81.5,0.13888884478703));
#9337=CARTESIAN_POINT('Ctrl Pts',(98.8748640275875,81.5,0.0202088339187757));
#9338=CARTESIAN_POINT('Ctrl Pts',(98.4936131405262,81.5,-7.55329875837572E-16));
#9339=CARTESIAN_POINT('Ctrl Pts',(98.1754580466065,81.5,-4.70543742858709E-16));
#9340=CARTESIAN_POINT('Origin',(97.,85.,1.));
#9341=CARTESIAN_POINT('Origin',(48.9954260654457,49.4963790547707,0.));
#9342=CARTESIAN_POINT('',(101.999999970198,81.5,4.44089209850063E-15));
#9343=CARTESIAN_POINT('',(103.999999970198,81.5,4.44089209850063E-15));
#9344=CARTESIAN_POINT('',(94.4628299238781,85.9234543869793,-1.11022302462516E-15));
#9345=CARTESIAN_POINT('',(79.8663070639215,91.2361542317897,0.));
#9346=CARTESIAN_POINT('',(96.3682469819646,87.6250501184319,0.));
#9347=CARTESIAN_POINT('Origin',(97.,85.,0.));
#9348=CARTESIAN_POINT('',(97.9742237297711,87.6250501184455,0.));
#9349=CARTESIAN_POINT('',(71.2477137293521,87.6250501184455,0.));
#9350=CARTESIAN_POINT('',(99.6311393382006,85.9576564013119,-1.11022302462516E-15));
#9351=CARTESIAN_POINT('Origin',(97.,85.,0.));
#9352=CARTESIAN_POINT('',(101.196291325431,86.5273251367663,4.44089209850063E-15));
#9353=CARTESIAN_POINT('',(72.1982709917118,75.9729088826465,0.));
#9354=CARTESIAN_POINT('',(103.999999970198,80.,0.));
#9355=CARTESIAN_POINT('Origin',(94.9999999701977,80.,0.));
#9356=CARTESIAN_POINT('',(103.999999970198,-2.,0.));
#9357=CARTESIAN_POINT('',(103.999999970198,76.7481895273854,0.));
#9358=CARTESIAN_POINT('',(101.999999970198,-4.,0.));
#9359=CARTESIAN_POINT('Origin',(101.999999970198,-2.,0.));
#9360=CARTESIAN_POINT('',(-2.00000002980232,-4.,0.));
#9361=CARTESIAN_POINT('',(76.4977130178217,-4.,0.));
#9362=CARTESIAN_POINT('',(-4.00000002980232,-2.,0.));
#9363=CARTESIAN_POINT('Origin',(-2.00000002980232,-2.,0.));
#9364=CARTESIAN_POINT('',(-4.00000002980232,54.0000008046627,5.38900757351968E-8));
#9365=CARTESIAN_POINT('',(-4.00000002980232,22.7481895273854,0.));
#9366=CARTESIAN_POINT('',(-2.00000002980232,54.0000008046627,0.));
#9367=CARTESIAN_POINT('',(24.9999999850988,54.0000008046627,0.));
#9368=CARTESIAN_POINT('',(-2.00000002980232,-1.99999999999999,0.));
#9369=CARTESIAN_POINT('',(-2.00000002980232,75.7481895273854,0.));
#9370=CARTESIAN_POINT('',(101.999999970198,-1.99999999999999,0.));
#9371=CARTESIAN_POINT('',(23.4977130178217,-2.,0.));
#9372=CARTESIAN_POINT('',(101.999999970198,23.7481895273854,0.));
#9373=CARTESIAN_POINT('',(98.65,85.,0.));
#9374=CARTESIAN_POINT('Origin',(97.,85.,0.));
#9375=CARTESIAN_POINT('Origin',(93.7110758272493,86.1970705016398,10.));
#9376=CARTESIAN_POINT('',(92.5908556289316,86.6047973096513,6.40826486485878));
#9377=CARTESIAN_POINT('',(92.5908556289316,86.6047973096513,10.));
#9378=CARTESIAN_POINT('',(90.7510440717737,87.2744339531157,8.));
#9379=CARTESIAN_POINT('Origin',(90.7510440717737,87.2744339531157,6.));
#9380=CARTESIAN_POINT('',(86.0100903221815,89.,8.));
#9381=CARTESIAN_POINT('',(80.2289072785758,91.104178546717,8.));
#9382=CARTESIAN_POINT('',(86.0100903221815,89.,10.));
#9383=CARTESIAN_POINT('',(86.0100903221815,89.,-6.8));
#9384=CARTESIAN_POINT('',(93.7110758272493,86.1970705016398,10.));
#9385=CARTESIAN_POINT('',(80.2289072785758,91.104178546717,10.));
#9386=CARTESIAN_POINT('',(93.7110758272493,86.1970705016398,4.77083020049948));
#9387=CARTESIAN_POINT('',(93.7110758272493,86.1970705016398,10.));
#9388=CARTESIAN_POINT('',(94.4628299238781,85.9234543869793,2.73122239506237));
#9389=CARTESIAN_POINT('Origin',(96.5301536896071,85.1710100716628,4.77083020049948));
#9390=CARTESIAN_POINT('',(94.4628299238781,85.9234543869793,10.));
#9391=CARTESIAN_POINT('Origin',(55.0000008195639,2.00000002980232,10.0000013622628));
#9392=CARTESIAN_POINT('',(-1.99999911063697,2.00000002980232,8.));
#9393=CARTESIAN_POINT('',(0.700001860715568,2.00000029881895,8.));
#9394=CARTESIAN_POINT('',(52.5000003948808,2.00000002980232,8.));
#9395=CARTESIAN_POINT('',(-1.99999813928442,2.0000001807982,8.3000001234388));
#9396=CARTESIAN_POINT('',(-1.99999911063697,2.00000002980232,10.0000013622628));
#9397=CARTESIAN_POINT('',(1.00000186071557,2.00000031193237,8.29999998628458));
#9398=CARTESIAN_POINT('',(1.00000186071557,2.00000031193237,8.29999998628458));
#9399=CARTESIAN_POINT('Origin',(0.700001860715568,2.00000029881894,8.3));
#9400=CARTESIAN_POINT('Origin',(-1.99999911063697,25.5000005384261,10.0000013622627));
#9401=CARTESIAN_POINT('',(1.0000007772699,25.5000006695574,7.07011360797865));
#9402=CARTESIAN_POINT('',(0.91307522006926,25.5000006657582,7.07011361195271));
#9403=CARTESIAN_POINT('',(1.0000007772699,25.5000006695574,7.07011360797865));
#9404=CARTESIAN_POINT('',(0.998546132999831,25.5000006694966,7.0121464032225));
#9405=CARTESIAN_POINT('Ctrl Pts',(0.998546228534197,25.5000005384261,7.01214654115959));
#9406=CARTESIAN_POINT('Ctrl Pts',(0.970107613494926,25.5000005384261,7.03184294812877));
#9407=CARTESIAN_POINT('Ctrl Pts',(0.941589306593721,25.5000005384261,7.05117228596745));
#9408=CARTESIAN_POINT('Ctrl Pts',(0.913075304133084,25.5000005384261,7.07011373850035));
#9409=CARTESIAN_POINT('Ctrl Pts',(1.0000007772699,25.5000006695602,7.07011360797738));
#9410=CARTESIAN_POINT('Ctrl Pts',(1.000000776388,25.5000006695602,7.05082073016959));
#9411=CARTESIAN_POINT('Ctrl Pts',(0.999500659467911,25.5000006695383,7.03148333498834));
#9412=CARTESIAN_POINT('Ctrl Pts',(0.998546133000655,25.5000006694966,7.01214640323917));
#9413=CARTESIAN_POINT('Origin',(3.,30.,6.));
#9414=CARTESIAN_POINT('',(-2.00000002980232,34.3843471238004,8.));
#9415=CARTESIAN_POINT('Ctrl Pts',(-2.00000002980232,34.3843471238004,8.));
#9416=CARTESIAN_POINT('Ctrl Pts',(-2.00000002980232,33.8729970319205,8.));
#9417=CARTESIAN_POINT('Ctrl Pts',(-2.00000002980232,33.2682707867488,7.89590481225802));
#9418=CARTESIAN_POINT('Ctrl Pts',(-2.00000002980232,31.8996698246196,7.54603415825133));
#9419=CARTESIAN_POINT('Ctrl Pts',(-2.00000002980232,30.9012638214297,7.13026549905218));
#9420=CARTESIAN_POINT('Ctrl Pts',(-2.00000002980232,30.,7.13026549905218));
#9421=CARTESIAN_POINT('Ctrl Pts',(-2.00000002980232,29.0987361785703,7.13026549905218));
#9422=CARTESIAN_POINT('Ctrl Pts',(-2.00000002980232,28.1003301753804,7.54603415825133));
#9423=CARTESIAN_POINT('Ctrl Pts',(-2.00000002980232,26.8514459913533,7.86530028353916));
#9424=CARTESIAN_POINT('Ctrl Pts',(-2.00000002980232,26.4132276362731,7.95259458900015));
#9425=CARTESIAN_POINT('Ctrl Pts',(-2.00000002980232,26.0000005394046,7.98470456314563));
#9426=CARTESIAN_POINT('Ctrl Pts',(-2.00000002980232,25.8724572574391,7.99461536405237));
#9427=CARTESIAN_POINT('Ctrl Pts',(-2.00000002980232,25.7440830352827,8.));
#9428=CARTESIAN_POINT('Ctrl Pts',(-2.00000002980232,25.6156528761996,8.));
#9429=CARTESIAN_POINT('',(7.89617286653691,25.5000009710015,8.));
#9430=CARTESIAN_POINT('Origin',(3.,30.,8.));
#9431=CARTESIAN_POINT('',(4.17154055573545,25.5000008081926,6.));
#9432=CARTESIAN_POINT('Ctrl Pts',(7.89617286653691,25.5000009710015,8.));
#9433=CARTESIAN_POINT('Ctrl Pts',(7.51030159463954,25.5000009541345,8.));
#9434=CARTESIAN_POINT('Ctrl Pts',(7.05334658559865,25.5000009341604,7.92514494594602));
#9435=CARTESIAN_POINT('Ctrl Pts',(6.24583328793692,25.5000008988628,7.69013647058811));
#9436=CARTESIAN_POINT('Ctrl Pts',(5.74673951958946,25.5000008770467,7.46830285080597));
#9437=CARTESIAN_POINT('Ctrl Pts',(5.03323065676584,25.5000008458583,7.04827765224986));
#9438=CARTESIAN_POINT('Ctrl Pts',(4.66461155761249,25.5000008297454,6.79476829512265));
#9439=CARTESIAN_POINT('Ctrl Pts',(4.34514990582311,25.5000008157813,6.43566822387006));
#9440=CARTESIAN_POINT('Ctrl Pts',(4.26846763163625,25.5000008124294,6.33145877453966));
#9441=CARTESIAN_POINT('Ctrl Pts',(4.1935959126902,25.5000008091567,6.16387962482942));
#9442=CARTESIAN_POINT('Ctrl Pts',(4.17154055573545,25.5000008081926,6.07572581072809));
#9443=CARTESIAN_POINT('Ctrl Pts',(4.17154055573545,25.5000008081926,6.));
#9444=CARTESIAN_POINT('',(1.828459837667,25.5000007057733,6.));
#9445=CARTESIAN_POINT('Origin',(3.,30.,6.));
#9446=CARTESIAN_POINT('Ctrl Pts',(1.82845983766699,25.5000007057733,6.));
#9447=CARTESIAN_POINT('Ctrl Pts',(1.82845983766699,25.5000007057733,6.07572581072809));
#9448=CARTESIAN_POINT('Ctrl Pts',(1.80640448071222,25.5000007048092,6.16387962482942));
#9449=CARTESIAN_POINT('Ctrl Pts',(1.73153276176617,25.5000007015365,6.33145877453966));
#9450=CARTESIAN_POINT('Ctrl Pts',(1.65485048757931,25.5000006981846,6.43566822387006));
#9451=CARTESIAN_POINT('Ctrl Pts',(1.42358971792848,25.5000006880759,6.69562355307588));
#9452=CARTESIAN_POINT('Ctrl Pts',(1.21311457179335,25.5000006788757,6.8635375926962));
#9453=CARTESIAN_POINT('Ctrl Pts',(0.998546132999826,25.5000006694966,7.01214640322249));
#9454=CARTESIAN_POINT('Ctrl Pts',(0.913075220068137,25.5000006657606,7.07011361195103));
#9455=CARTESIAN_POINT('Ctrl Pts',(0.822690323099576,25.5000006618097,7.13015505228007));
#9456=CARTESIAN_POINT('Ctrl Pts',(0.732420107841897,25.5000006578639,7.18623354108984));
#9457=CARTESIAN_POINT('Ctrl Pts',(0.253260873812961,25.5000006369192,7.46830285080597));
#9458=CARTESIAN_POINT('Ctrl Pts',(-0.245832894534501,25.5000006151031,7.69013647058811));
#9459=CARTESIAN_POINT('Ctrl Pts',(-1.05334619219622,25.5000005798056,7.92514494594602));
#9460=CARTESIAN_POINT('Ctrl Pts',(-1.51030120123712,25.5000005598314,8.));
#9461=CARTESIAN_POINT('Ctrl Pts',(-1.93020665619451,25.5000005414768,8.));
#9462=CARTESIAN_POINT('Ctrl Pts',(-1.96486321667479,25.5000005399619,7.99952822416917));
#9463=CARTESIAN_POINT('Ctrl Pts',(-1.99999918028494,25.5000005384261,7.99852447119726));
#9464=CARTESIAN_POINT('Origin',(-2.00000060104618,26.000000538426,-22.5999986834555));
#9465=CARTESIAN_POINT('',(-1.99999915785266,24.9883529216892,7.99999999942628));
#9466=CARTESIAN_POINT('',(-2.00000002980232,102.,8.));
#9467=CARTESIAN_POINT('',(-1.99999908878134,25.5000005384261,10.0000001490116));
#9468=CARTESIAN_POINT('',(-2.00000057919048,25.500000538426,-22.5999986834555));
#9469=CARTESIAN_POINT('',(-1.99999806156364,2.0000001807982,10.0000013622627));
#9470=CARTESIAN_POINT('',(-1.99999896213088,22.6025759448056,10.0000001490116));
#9471=CARTESIAN_POINT('',(-1.99999955197284,2.00000018079814,-22.5999986834555));
#9472=CARTESIAN_POINT('',(-1.99999909046207,23.7604082139393,8.3000001234388));
#9473=CARTESIAN_POINT('',(-1.99999971289435,37.9999991327169,8.3000001234388));
#9474=CARTESIAN_POINT('Ctrl Pts',(-1.99999915785266,24.9883529214554,7.99999999897322));
#9475=CARTESIAN_POINT('Ctrl Pts',(-1.99999914803601,24.8425061042701,8.07527632984991));
#9476=CARTESIAN_POINT('Ctrl Pts',(-1.99999913853221,24.6898546533222,8.13720337224887));
#9477=CARTESIAN_POINT('Ctrl Pts',(-1.99999911509704,24.282811592729,8.26062845095411));
#9478=CARTESIAN_POINT('Ctrl Pts',(-1.99999910188173,24.0216597193583,8.3000001234388));
#9479=CARTESIAN_POINT('Ctrl Pts',(-1.99999909046207,23.7604082139393,8.3000001234388));
#9480=CARTESIAN_POINT('Origin',(-2.00000002980232,102.,0.));
#9481=CARTESIAN_POINT('',(-2.00000002980232,-1.99999999999999,8.));
#9482=CARTESIAN_POINT('',(-2.00000002980232,102.,8.));
#9483=CARTESIAN_POINT('',(-2.00000002980232,-1.99999999999999,0.));
#9484=CARTESIAN_POINT('',(-2.00000002980232,54.0000008046627,2.50000005389008));
#9485=CARTESIAN_POINT('',(-2.00000002980232,54.0000008046627,-11.799999973055));
#9486=CARTESIAN_POINT('',(-2.00000002980232,56.5000008419156,2.50000005389008));
#9487=CARTESIAN_POINT('',(-2.00000002980232,78.0000004023314,2.50000005389007));
#9488=CARTESIAN_POINT('',(-2.00000002980232,56.5000008419156,5.38900757351968E-8));
#9489=CARTESIAN_POINT('',(-2.00000002980232,56.5000008419156,-10.549999973055));
#9490=CARTESIAN_POINT('',(-2.00000002980232,102.,0.));
#9491=CARTESIAN_POINT('',(-2.00000002980232,75.7481895273854,0.));
#9492=CARTESIAN_POINT('',(-2.00000002980232,102.,8.));
#9493=CARTESIAN_POINT('',(-2.00000002980232,102.,2.));
#9494=CARTESIAN_POINT('',(-2.00000002980232,102.,8.));
#9495=CARTESIAN_POINT('Origin',(55.0000002254721,25.5000030299752,-22.6000012893857));
#9496=CARTESIAN_POINT('',(1.828459837667,25.5000007057733,2.));
#9497=CARTESIAN_POINT('',(1.82845983766699,25.5000007057733,2.));
#9498=CARTESIAN_POINT('',(4.17154055573545,25.5000008081926,2.));
#9499=CARTESIAN_POINT('Ctrl Pts',(4.17154055573543,25.5000008081926,2.));
#9500=CARTESIAN_POINT('Ctrl Pts',(4.06315437562566,25.5000008034549,2.));
#9501=CARTESIAN_POINT('Ctrl Pts',(3.93309271123248,25.5000007977697,1.99932496583042));
#9502=CARTESIAN_POINT('Ctrl Pts',(3.56698846245585,25.5000007817668,1.99684660322522));
#9503=CARTESIAN_POINT('Ctrl Pts',(3.25772665397713,25.5000007682485,1.99436701058369));
#9504=CARTESIAN_POINT('Ctrl Pts',(2.7422737394253,25.5000007457174,1.99436701058369));
#9505=CARTESIAN_POINT('Ctrl Pts',(2.43301193094658,25.5000007321991,1.99684660322522));
#9506=CARTESIAN_POINT('Ctrl Pts',(2.06690768216994,25.5000007161962,1.99932496583042));
#9507=CARTESIAN_POINT('Ctrl Pts',(1.93684601777676,25.500000710511,2.));
#9508=CARTESIAN_POINT('Ctrl Pts',(1.82845983766699,25.5000007057733,2.));
#9509=CARTESIAN_POINT('',(4.17154055573543,25.5000008081926,2.));
#9510=CARTESIAN_POINT('',(55.0000016244452,25.5000030299752,8.00000000000001));
#9511=CARTESIAN_POINT('',(52.5000006332993,25.5000029206967,8.));
#9512=CARTESIAN_POINT('',(55.0000017158814,25.5000030299752,10.0000012251085));
#9513=CARTESIAN_POINT('',(55.0000002254721,25.5000030299752,-22.6000012893857));
#9514=CARTESIAN_POINT('',(27.0000011805227,25.5000018060563,10.0000001490116));
#9515=CARTESIAN_POINT('Origin',(103.999999970198,-4.,0.));
#9516=CARTESIAN_POINT('',(-2.00000002980232,-4.00000005960464,10.0000012251085));
#9517=CARTESIAN_POINT('',(101.999999970198,-4.,10.));
#9518=CARTESIAN_POINT('',(103.999999970198,-4.,10.));
#9519=CARTESIAN_POINT('',(-2.00000002980232,-4.,0.));
#9520=CARTESIAN_POINT('',(101.999999970198,-4.,0.));
#9521=CARTESIAN_POINT('Origin',(103.999999970198,66.4226497308104,3.5));
#9522=CARTESIAN_POINT('',(101.999999970198,67.5773502691896,3.5));
#9523=CARTESIAN_POINT('',(101.999999970198,66.4226497308104,3.5));
#9524=CARTESIAN_POINT('',(101.999999970198,32.2113248654052,3.5));
#9525=CARTESIAN_POINT('',(103.999999970198,67.5773502691896,3.5));
#9526=CARTESIAN_POINT('',(103.999999970198,67.5773502691896,3.5));
#9527=CARTESIAN_POINT('',(103.999999970198,66.4226497308104,3.5));
#9528=CARTESIAN_POINT('',(103.999999970198,85.2113248654052,3.5));
#9529=CARTESIAN_POINT('',(103.999999970198,66.4226497308104,3.5));
#9530=CARTESIAN_POINT('Origin',(103.999999970198,65.8452994616208,2.5));
#9531=CARTESIAN_POINT('',(101.999999970198,65.8452994616208,2.5));
#9532=CARTESIAN_POINT('',(101.999999970198,56.8233711515528,-13.1264382152816));
#9533=CARTESIAN_POINT('',(103.999999970198,65.8452994616208,2.5));
#9534=CARTESIAN_POINT('',(103.999999970198,70.073371151553,9.8232349850061));
#9535=CARTESIAN_POINT('',(103.999999970198,65.8452994616208,2.5));
#9536=CARTESIAN_POINT('Origin',(103.999999970198,66.4226497308104,1.5));
#9537=CARTESIAN_POINT('',(101.999999970198,66.4226497308104,1.5));
#9538=CARTESIAN_POINT('',(101.999999970198,58.1945780408781,15.7514382152817));
#9539=CARTESIAN_POINT('',(103.999999970198,66.4226497308104,1.5));
#9540=CARTESIAN_POINT('',(103.999999970198,71.4445780408783,-7.1982349850061));
#9541=CARTESIAN_POINT('',(103.999999970198,66.4226497308104,1.5));
#9542=CARTESIAN_POINT('Origin',(103.999999970198,67.5773502691896,1.5));
#9543=CARTESIAN_POINT('',(101.999999970198,67.5773502691896,1.5));
#9544=CARTESIAN_POINT('',(101.999999970198,32.7886751345948,1.5));
#9545=CARTESIAN_POINT('',(103.999999970198,67.5773502691896,1.5));
#9546=CARTESIAN_POINT('',(103.999999970198,85.7886751345948,1.5));
#9547=CARTESIAN_POINT('',(103.999999970198,67.5773502691896,1.5));
#9548=CARTESIAN_POINT('Origin',(103.999999970198,68.1547005383793,2.5));
#9549=CARTESIAN_POINT('',(101.999999970198,68.1547005383793,2.5));
#9550=CARTESIAN_POINT('',(101.999999970198,58.8440970937164,-13.6264382152816));
#9551=CARTESIAN_POINT('',(103.999999970198,68.1547005383793,2.5));
#9552=CARTESIAN_POINT('',(103.999999970198,72.0940970937166,9.3232349850061));
#9553=CARTESIAN_POINT('',(103.999999970198,68.1547005383793,2.5));
#9554=CARTESIAN_POINT('Origin',(103.999999970198,67.5773502691896,3.5));
#9555=CARTESIAN_POINT('',(101.999999970198,59.6379537138522,17.2514382152817));
#9556=CARTESIAN_POINT('',(103.999999970198,72.8879537138524,-5.69823498500609));
#9557=CARTESIAN_POINT('Origin',(103.999999970198,50.4226497308104,3.5));
#9558=CARTESIAN_POINT('',(101.999999970198,51.5773502691896,3.5));
#9559=CARTESIAN_POINT('',(101.999999970198,50.4226497308104,3.5));
#9560=CARTESIAN_POINT('',(101.999999970198,24.2113248654052,3.5));
#9561=CARTESIAN_POINT('',(103.999999970198,51.5773502691896,3.5));
#9562=CARTESIAN_POINT('',(103.999999970198,51.5773502691896,3.5));
#9563=CARTESIAN_POINT('',(103.999999970198,50.4226497308104,3.5));
#9564=CARTESIAN_POINT('',(103.999999970198,77.2113248654052,3.5));
#9565=CARTESIAN_POINT('',(103.999999970198,50.4226497308104,3.5));
#9566=CARTESIAN_POINT('Origin',(103.999999970198,49.8452994616208,2.5));
#9567=CARTESIAN_POINT('',(101.999999970198,49.8452994616208,2.5));
#9568=CARTESIAN_POINT('',(101.999999970198,42.8233711515528,-9.66233660014387));
#9569=CARTESIAN_POINT('',(103.999999970198,49.8452994616208,2.5));
#9570=CARTESIAN_POINT('',(103.999999970198,56.073371151553,13.2873366001439));
#9571=CARTESIAN_POINT('',(103.999999970198,49.8452994616208,2.5));
#9572=CARTESIAN_POINT('Origin',(103.999999970198,50.4226497308104,1.5));
#9573=CARTESIAN_POINT('',(101.999999970198,50.4226497308104,1.5));
#9574=CARTESIAN_POINT('',(101.999999970198,44.1945780408781,12.2873366001439));
#9575=CARTESIAN_POINT('',(103.999999970198,50.4226497308104,1.5));
#9576=CARTESIAN_POINT('',(103.999999970198,57.4445780408783,-10.6623366001439));
#9577=CARTESIAN_POINT('',(103.999999970198,50.4226497308104,1.5));
#9578=CARTESIAN_POINT('Origin',(103.999999970198,51.5773502691896,1.5));
#9579=CARTESIAN_POINT('',(101.999999970198,51.5773502691896,1.5));
#9580=CARTESIAN_POINT('',(101.999999970198,24.7886751345948,1.5));
#9581=CARTESIAN_POINT('',(103.999999970198,51.5773502691896,1.5));
#9582=CARTESIAN_POINT('',(103.999999970198,77.7886751345948,1.5));
#9583=CARTESIAN_POINT('',(103.999999970198,51.5773502691896,1.5));
#9584=CARTESIAN_POINT('Origin',(103.999999970198,52.1547005383793,2.5));
#9585=CARTESIAN_POINT('',(101.999999970198,52.1547005383793,2.5));
#9586=CARTESIAN_POINT('',(101.999999970198,44.8440970937165,-10.1623366001439));
#9587=CARTESIAN_POINT('',(103.999999970198,52.1547005383793,2.5));
#9588=CARTESIAN_POINT('',(103.999999970198,58.0940970937167,12.7873366001439));
#9589=CARTESIAN_POINT('',(103.999999970198,52.1547005383793,2.5));
#9590=CARTESIAN_POINT('Origin',(103.999999970198,51.5773502691896,3.5));
#9591=CARTESIAN_POINT('',(101.999999970198,45.6379537138522,13.7873366001439));
#9592=CARTESIAN_POINT('',(103.999999970198,58.8879537138524,-9.16233660014386));
#9593=CARTESIAN_POINT('Origin',(103.999999970198,34.4226497308104,3.5));
#9594=CARTESIAN_POINT('',(101.999999970198,35.5773502691896,3.5));
#9595=CARTESIAN_POINT('',(101.999999970198,34.4226497308104,3.5));
#9596=CARTESIAN_POINT('',(101.999999970198,16.2113248654052,3.5));
#9597=CARTESIAN_POINT('',(103.999999970198,35.5773502691896,3.5));
#9598=CARTESIAN_POINT('',(103.999999970198,35.5773502691896,3.5));
#9599=CARTESIAN_POINT('',(103.999999970198,34.4226497308104,3.5));
#9600=CARTESIAN_POINT('',(103.999999970198,69.2113248654052,3.5));
#9601=CARTESIAN_POINT('',(103.999999970198,34.4226497308104,3.5));
#9602=CARTESIAN_POINT('Origin',(103.999999970198,33.8452994616208,2.5));
#9603=CARTESIAN_POINT('',(101.999999970198,33.8452994616208,2.5));
#9604=CARTESIAN_POINT('',(101.999999970198,28.8233711515529,-6.19823498500604));
#9605=CARTESIAN_POINT('',(103.999999970198,33.8452994616208,2.5));
#9606=CARTESIAN_POINT('',(103.999999970198,42.0733711515528,16.7514382152815));
#9607=CARTESIAN_POINT('',(103.999999970198,33.8452994616208,2.5));
#9608=CARTESIAN_POINT('Origin',(103.999999970198,34.4226497308104,1.5));
#9609=CARTESIAN_POINT('',(101.999999970198,34.4226497308104,1.5));
#9610=CARTESIAN_POINT('',(101.999999970198,30.1945780408783,8.82323498500604));
#9611=CARTESIAN_POINT('',(103.999999970198,34.4226497308104,1.5));
#9612=CARTESIAN_POINT('',(103.999999970198,43.4445780408782,-14.1264382152815));
#9613=CARTESIAN_POINT('',(103.999999970198,34.4226497308104,1.5));
#9614=CARTESIAN_POINT('Origin',(103.999999970198,35.5773502691896,1.5));
#9615=CARTESIAN_POINT('',(101.999999970198,35.5773502691896,1.5));
#9616=CARTESIAN_POINT('',(101.999999970198,16.7886751345948,1.5));
#9617=CARTESIAN_POINT('',(103.999999970198,35.5773502691896,1.5));
#9618=CARTESIAN_POINT('',(103.999999970198,69.7886751345948,1.5));
#9619=CARTESIAN_POINT('',(103.999999970198,35.5773502691896,1.5));
#9620=CARTESIAN_POINT('Origin',(103.999999970198,36.1547005383793,2.5));
#9621=CARTESIAN_POINT('',(101.999999970198,36.1547005383793,2.5));
#9622=CARTESIAN_POINT('',(101.999999970198,30.8440970937166,-6.69823498500604));
#9623=CARTESIAN_POINT('',(103.999999970198,36.1547005383793,2.5));
#9624=CARTESIAN_POINT('',(103.999999970198,44.0940970937165,16.2514382152815));
#9625=CARTESIAN_POINT('',(103.999999970198,36.1547005383793,2.5));
#9626=CARTESIAN_POINT('Origin',(103.999999970198,35.5773502691896,3.5));
#9627=CARTESIAN_POINT('',(101.999999970198,31.6379537138523,10.323234985006));
#9628=CARTESIAN_POINT('',(103.999999970198,44.8879537138522,-12.6264382152815));
#9629=CARTESIAN_POINT('Origin',(103.999999970198,18.4226497308104,3.5));
#9630=CARTESIAN_POINT('',(101.999999970198,19.5773502691896,3.5));
#9631=CARTESIAN_POINT('',(101.999999970198,18.4226497308104,3.5));
#9632=CARTESIAN_POINT('',(101.999999970198,8.21132486540519,3.5));
#9633=CARTESIAN_POINT('',(103.999999970198,19.5773502691896,3.5));
#9634=CARTESIAN_POINT('',(103.999999970198,19.5773502691896,3.5));
#9635=CARTESIAN_POINT('',(103.999999970198,18.4226497308104,3.5));
#9636=CARTESIAN_POINT('',(103.999999970198,61.2113248654052,3.5));
#9637=CARTESIAN_POINT('',(103.999999970198,18.4226497308104,3.5));
#9638=CARTESIAN_POINT('Origin',(103.999999970198,17.8452994616207,2.5));
#9639=CARTESIAN_POINT('',(101.999999970198,17.8452994616207,2.5));
#9640=CARTESIAN_POINT('',(101.999999970198,14.8233711515529,-2.73413336986831));
#9641=CARTESIAN_POINT('',(103.999999970198,17.8452994616207,2.5));
#9642=CARTESIAN_POINT('',(103.999999970198,28.0733711515529,20.2155398304193));
#9643=CARTESIAN_POINT('',(103.999999970198,17.8452994616207,2.5));
#9644=CARTESIAN_POINT('Origin',(103.999999970198,18.4226497308104,1.5));
#9645=CARTESIAN_POINT('',(101.999999970198,18.4226497308104,1.5));
#9646=CARTESIAN_POINT('',(101.999999970198,16.1945780408782,5.35913336986831));
#9647=CARTESIAN_POINT('',(103.999999970198,18.4226497308104,1.5));
#9648=CARTESIAN_POINT('',(103.999999970198,29.4445780408783,-17.5905398304193));
#9649=CARTESIAN_POINT('',(103.999999970198,18.4226497308104,1.5));
#9650=CARTESIAN_POINT('Origin',(103.999999970198,19.5773502691896,1.5));
#9651=CARTESIAN_POINT('',(101.999999970198,19.5773502691896,1.5));
#9652=CARTESIAN_POINT('',(101.999999970198,8.78867513459481,1.5));
#9653=CARTESIAN_POINT('',(103.999999970198,19.5773502691896,1.5));
#9654=CARTESIAN_POINT('',(103.999999970198,61.7886751345948,1.5));
#9655=CARTESIAN_POINT('',(103.999999970198,19.5773502691896,1.5));
#9656=CARTESIAN_POINT('Origin',(103.999999970198,20.1547005383793,2.5));
#9657=CARTESIAN_POINT('',(101.999999970198,20.1547005383793,2.5));
#9658=CARTESIAN_POINT('',(101.999999970198,16.8440970937166,-3.23413336986831));
#9659=CARTESIAN_POINT('',(103.999999970198,20.1547005383793,2.5));
#9660=CARTESIAN_POINT('',(103.999999970198,30.0940970937166,19.7155398304194));
#9661=CARTESIAN_POINT('',(103.999999970198,20.1547005383793,2.5));
#9662=CARTESIAN_POINT('Origin',(103.999999970198,19.5773502691896,3.5));
#9663=CARTESIAN_POINT('',(101.999999970198,17.6379537138523,6.85913336986831));
#9664=CARTESIAN_POINT('',(103.999999970198,30.8879537138523,-16.0905398304193));
#9665=CARTESIAN_POINT('Origin',(103.999999970198,2.42264973081037,1.5));
#9666=CARTESIAN_POINT('',(101.568643124605,2.13397459621556,2.));
#9667=CARTESIAN_POINT('',(101.504349749594,1.84529946162075,2.5));
#9668=CARTESIAN_POINT('Origin',(97.,3.,0.499999999999996));
#9669=CARTESIAN_POINT('',(100.999999970198,2.18136453659803,1.91791821548991));
#9670=CARTESIAN_POINT('Ctrl Pts',(100.999999970198,2.18136453659803,1.91791821548991));
#9671=CARTESIAN_POINT('Ctrl Pts',(101.181255244244,2.14997633418566,1.97228417682638));
#9672=CARTESIAN_POINT('Ctrl Pts',(101.387725049842,2.13397459621556,2.));
#9673=CARTESIAN_POINT('Ctrl Pts',(101.568643124605,2.13397459621556,2.));
#9674=CARTESIAN_POINT('',(100.999999970198,1.84529946162075,2.5));
#9675=CARTESIAN_POINT('',(100.999999970198,1.84529946162075,2.5));
#9676=CARTESIAN_POINT('',(103.999999970198,1.84529946162075,2.5));
#9677=CARTESIAN_POINT('Origin',(103.999999970198,2.42264973081037,1.5));
#9678=CARTESIAN_POINT('',(101.999999970198,1.84529946162075,2.5));
#9679=CARTESIAN_POINT('',(101.999999970198,2.42264973081037,1.5));
#9680=CARTESIAN_POINT('',(101.999999970198,2.19457804087824,1.89503175473055));
#9681=CARTESIAN_POINT('',(103.999999970198,1.84529946162075,2.5));
#9682=CARTESIAN_POINT('',(103.999999970198,1.84529946162075,2.5));
#9683=CARTESIAN_POINT('',(103.999999970198,2.42264973081037,1.5));
#9684=CARTESIAN_POINT('',(103.999999970198,15.4445780408782,-21.0546414455571));
#9685=CARTESIAN_POINT('',(103.999999970198,2.42264973081037,1.5));
#9686=CARTESIAN_POINT('Origin',(103.999999970198,1.84529946162075,2.5));
#9687=CARTESIAN_POINT('',(101.6140184944,2.42264973081037,3.5));
#9688=CARTESIAN_POINT('Origin',(97.,3.,4.5));
#9689=CARTESIAN_POINT('',(100.999999970198,2.42264973081037,3.5));
#9690=CARTESIAN_POINT('',(100.999999970198,2.42264973081037,3.5));
#9691=CARTESIAN_POINT('',(103.999999970198,2.42264973081037,3.5));
#9692=CARTESIAN_POINT('Origin',(103.999999970198,1.84529946162075,2.5));
#9693=CARTESIAN_POINT('',(101.999999970198,2.42264973081037,3.5));
#9694=CARTESIAN_POINT('',(101.999999970198,0.82337115155288,0.729968245269452));
#9695=CARTESIAN_POINT('',(103.999999970198,2.42264973081037,3.5));
#9696=CARTESIAN_POINT('',(103.999999970198,2.42264973081037,3.5));
#9697=CARTESIAN_POINT('',(103.999999970198,14.0733711515529,23.6796414455571));
#9698=CARTESIAN_POINT('Origin',(103.999999970198,2.42264973081037,3.5));
#9699=CARTESIAN_POINT('',(101.65,3.,3.5));
#9700=CARTESIAN_POINT('Origin',(97.,3.,3.5));
#9701=CARTESIAN_POINT('',(100.999999970198,3.57735026918962,3.5));
#9702=CARTESIAN_POINT('',(100.999999970198,3.57735026918962,3.5));
#9703=CARTESIAN_POINT('',(101.6140184944,3.57735026918962,3.5));
#9704=CARTESIAN_POINT('',(103.999999970198,3.57735026918962,3.5));
#9705=CARTESIAN_POINT('Origin',(97.,3.,3.5));
#9706=CARTESIAN_POINT('Origin',(103.999999970198,2.42264973081037,3.5));
#9707=CARTESIAN_POINT('',(101.999999970198,3.57735026918962,3.5));
#9708=CARTESIAN_POINT('',(101.999999970198,0.211324865405186,3.5));
#9709=CARTESIAN_POINT('',(103.999999970198,3.57735026918962,3.5));
#9710=CARTESIAN_POINT('',(103.999999970198,3.57735026918962,3.5));
#9711=CARTESIAN_POINT('',(103.999999970198,53.2113248654052,3.5));
#9712=CARTESIAN_POINT('Origin',(103.999999970198,4.15470053837925,2.5));
#9713=CARTESIAN_POINT('',(101.568643124605,3.86602540378444,2.));
#9714=CARTESIAN_POINT('',(100.999999970198,3.81863546340197,1.91791821548991));
#9715=CARTESIAN_POINT('Ctrl Pts',(101.568643124605,3.86602540378444,2.));
#9716=CARTESIAN_POINT('Ctrl Pts',(101.387725049842,3.86602540378444,2.));
#9717=CARTESIAN_POINT('Ctrl Pts',(101.181255244244,3.85002366581433,1.97228417682637));
#9718=CARTESIAN_POINT('Ctrl Pts',(100.999999970198,3.81863546340197,1.91791821548991));
#9719=CARTESIAN_POINT('',(101.504349749594,4.15470053837925,2.5));
#9720=CARTESIAN_POINT('Origin',(97.,3.,0.500000000000004));
#9721=CARTESIAN_POINT('',(100.999999970198,4.15470053837925,2.5));
#9722=CARTESIAN_POINT('',(103.999999970198,4.15470053837925,2.5));
#9723=CARTESIAN_POINT('',(100.999999970198,3.57735026918962,1.5));
#9724=CARTESIAN_POINT('Origin',(103.999999970198,3.57735026918962,3.5));
#9725=CARTESIAN_POINT('Origin',(97.,3.,4.5));
#9726=CARTESIAN_POINT('',(100.999999970198,4.15470053837925,2.5));
#9727=CARTESIAN_POINT('Origin',(103.999999970198,3.57735026918962,1.5));
#9728=CARTESIAN_POINT('',(101.999999970198,3.57735026918962,1.5));
#9729=CARTESIAN_POINT('',(101.999999970198,0.788675134594812,1.5));
#9730=CARTESIAN_POINT('',(103.999999970198,3.57735026918962,1.5));
#9731=CARTESIAN_POINT('',(103.999999970198,53.7886751345948,1.5));
#9732=CARTESIAN_POINT('',(103.999999970198,3.57735026918962,1.5));
#9733=CARTESIAN_POINT('Origin',(103.999999970198,4.15470053837925,2.5));
#9734=CARTESIAN_POINT('',(101.999999970198,4.15470053837925,2.5));
#9735=CARTESIAN_POINT('',(101.999999970198,2.84409709371657,0.229968245269452));
#9736=CARTESIAN_POINT('',(103.999999970198,4.15470053837925,2.5));
#9737=CARTESIAN_POINT('',(103.999999970198,16.0940970937166,23.1796414455571));
#9738=CARTESIAN_POINT('',(103.999999970198,4.15470053837925,2.5));
#9739=CARTESIAN_POINT('Origin',(103.999999970198,3.57735026918962,3.5));
#9740=CARTESIAN_POINT('',(101.999999970198,3.6379537138523,3.39503175473055));
#9741=CARTESIAN_POINT('',(103.999999970198,16.8879537138523,-19.5546414455571));
#9742=CARTESIAN_POINT('Origin',(100.999999970198,3.,2.5));
#9743=CARTESIAN_POINT('',(100.999999970198,3.,1.89142802169604));
#9744=CARTESIAN_POINT('Ctrl Pts',(100.999999970198,3.81863546340197,1.91791821548991));
#9745=CARTESIAN_POINT('Ctrl Pts',(100.999999970198,3.53754611736841,1.90125395674973));
#9746=CARTESIAN_POINT('Ctrl Pts',(100.999999970198,3.25611658856702,1.89142802169604));
#9747=CARTESIAN_POINT('Ctrl Pts',(100.999999970198,3.,1.89142802169604));
#9748=CARTESIAN_POINT('Ctrl Pts',(100.999999970198,3.,1.89142802169604));
#9749=CARTESIAN_POINT('Ctrl Pts',(100.999999970198,2.74388341143298,1.89142802169604));
#9750=CARTESIAN_POINT('Ctrl Pts',(100.999999970198,2.46245388263159,1.90125395674973));
#9751=CARTESIAN_POINT('Ctrl Pts',(100.999999970198,2.18136453659803,1.91791821548991));
#9752=CARTESIAN_POINT('Origin',(103.999999970198,12.1547005383793,7.5));
#9753=CARTESIAN_POINT('',(101.999999970198,11.5773502691896,6.5));
#9754=CARTESIAN_POINT('',(101.999999970198,12.1547005383793,7.5));
#9755=CARTESIAN_POINT('',(101.999999970198,8.76156533898603,1.62291743770057));
#9756=CARTESIAN_POINT('',(103.999999970198,11.5773502691896,6.5));
#9757=CARTESIAN_POINT('',(103.999999970198,11.5773502691896,6.5));
#9758=CARTESIAN_POINT('',(103.999999970198,12.1547005383793,7.5));
#9759=CARTESIAN_POINT('',(103.999999970198,22.011565338986,24.5725906379882));
#9760=CARTESIAN_POINT('',(103.999999970198,12.1547005383793,7.5));
#9761=CARTESIAN_POINT('Origin',(103.999999970198,11.5773502691896,8.5));
#9762=CARTESIAN_POINT('',(101.999999970198,11.8660254037844,8.));
#9763=CARTESIAN_POINT('',(101.999999970198,11.7204854685829,8.25208256229942));
#9764=CARTESIAN_POINT('',(103.999999970198,11.5773502691896,8.5));
#9765=CARTESIAN_POINT('',(103.999999970198,24.9704854685828,-14.6975906379882));
#9766=CARTESIAN_POINT('',(100.999999970198,11.5773502691896,8.5));
#9767=CARTESIAN_POINT('',(103.999999970198,11.5773502691896,8.5));
#9768=CARTESIAN_POINT('',(100.999999970198,11.8660254037844,8.));
#9769=CARTESIAN_POINT('',(100.999999970198,12.1547005383793,7.5));
#9770=CARTESIAN_POINT('',(76.9999999701977,11.8660254037844,8.));
#9771=CARTESIAN_POINT('Origin',(100.999999970198,11.,7.5));
#9772=CARTESIAN_POINT('',(100.999999970198,10.1339745962156,8.));
#9773=CARTESIAN_POINT('',(100.999999970198,30.5,8.));
#9774=CARTESIAN_POINT('',(100.999999970198,10.4226497308104,8.5));
#9775=CARTESIAN_POINT('',(100.999999970198,11.5773502691896,8.5));
#9776=CARTESIAN_POINT('',(100.999999970198,10.4226497308104,8.5));
#9777=CARTESIAN_POINT('Origin',(103.999999970198,11.5773502691896,6.5));
#9778=CARTESIAN_POINT('',(101.999999970198,10.4226497308104,6.5));
#9779=CARTESIAN_POINT('',(101.999999970198,4.78867513459481,6.5));
#9780=CARTESIAN_POINT('',(103.999999970198,10.4226497308104,6.5));
#9781=CARTESIAN_POINT('',(103.999999970198,10.4226497308104,6.5));
#9782=CARTESIAN_POINT('',(103.999999970198,57.7886751345948,6.5));
#9783=CARTESIAN_POINT('Origin',(103.999999970198,10.4226497308104,8.5));
#9784=CARTESIAN_POINT('',(103.999999970198,10.4226497308104,8.5));
#9785=CARTESIAN_POINT('',(103.999999970198,57.2113248654052,8.5));
#9786=CARTESIAN_POINT('',(103.999999970198,10.4226497308104,8.5));
#9787=CARTESIAN_POINT('Origin',(103.999999970198,9.84529946162075,7.5));
#9788=CARTESIAN_POINT('',(101.999999970198,10.1339745962156,8.));
#9789=CARTESIAN_POINT('',(101.999999970198,9.84529946162075,7.5));
#9790=CARTESIAN_POINT('',(101.999999970198,6.74083939682234,2.12291743770057));
#9791=CARTESIAN_POINT('',(76.9999999701977,10.1339745962156,8.));
#9792=CARTESIAN_POINT('',(103.999999970198,9.84529946162075,7.5));
#9793=CARTESIAN_POINT('',(103.999999970198,19.9908393968223,25.0725906379882));
#9794=CARTESIAN_POINT('',(103.999999970198,9.84529946162075,7.5));
#9795=CARTESIAN_POINT('Origin',(103.999999970198,10.4226497308104,6.5));
#9796=CARTESIAN_POINT('',(101.999999970198,10.2771097956088,6.75208256229942));
#9797=CARTESIAN_POINT('',(103.999999970198,23.5271097956088,-16.1975906379882));
#9798=CARTESIAN_POINT('Origin',(103.999999970198,28.1547005383793,7.5));
#9799=CARTESIAN_POINT('',(101.999999970198,27.5773502691896,6.5));
#9800=CARTESIAN_POINT('',(101.999999970198,28.1547005383793,7.5));
#9801=CARTESIAN_POINT('',(101.999999970198,22.7615653389861,-1.84118417743717));
#9802=CARTESIAN_POINT('',(103.999999970198,27.5773502691896,6.5));
#9803=CARTESIAN_POINT('',(103.999999970198,27.5773502691896,6.5));
#9804=CARTESIAN_POINT('',(103.999999970198,28.1547005383793,7.5));
#9805=CARTESIAN_POINT('',(103.999999970198,36.011565338986,21.1084890228504));
#9806=CARTESIAN_POINT('',(103.999999970198,28.1547005383793,7.5));
#9807=CARTESIAN_POINT('Origin',(103.999999970198,27.5773502691896,8.5));
#9808=CARTESIAN_POINT('',(101.999999970198,27.8660254037844,8.));
#9809=CARTESIAN_POINT('',(101.999999970198,25.7204854685829,11.7161841774372));
#9810=CARTESIAN_POINT('',(103.999999970198,27.5773502691896,8.5));
#9811=CARTESIAN_POINT('',(103.999999970198,38.9704854685828,-11.2334890228504));
#9812=CARTESIAN_POINT('',(100.999999970198,27.5773502691896,8.5));
#9813=CARTESIAN_POINT('',(103.999999970198,27.5773502691896,8.5));
#9814=CARTESIAN_POINT('',(100.999999970198,27.8660254037844,8.));
#9815=CARTESIAN_POINT('',(100.999999970198,28.1547005383793,7.5));
#9816=CARTESIAN_POINT('',(76.9999999701977,27.8660254037844,8.));
#9817=CARTESIAN_POINT('Origin',(100.999999970198,27.,7.5));
#9818=CARTESIAN_POINT('',(100.999999970198,26.1339745962156,8.));
#9819=CARTESIAN_POINT('',(100.999999970198,38.5,8.));
#9820=CARTESIAN_POINT('',(100.999999970198,26.4226497308104,8.5));
#9821=CARTESIAN_POINT('',(100.999999970198,27.5773502691896,8.5));
#9822=CARTESIAN_POINT('',(100.999999970198,26.4226497308104,8.5));
#9823=CARTESIAN_POINT('Origin',(103.999999970198,27.5773502691896,6.5));
#9824=CARTESIAN_POINT('',(101.999999970198,26.4226497308104,6.5));
#9825=CARTESIAN_POINT('',(101.999999970198,12.7886751345948,6.5));
#9826=CARTESIAN_POINT('',(103.999999970198,26.4226497308104,6.5));
#9827=CARTESIAN_POINT('',(103.999999970198,26.4226497308104,6.5));
#9828=CARTESIAN_POINT('',(103.999999970198,65.7886751345948,6.5));
#9829=CARTESIAN_POINT('Origin',(103.999999970198,26.4226497308104,8.5));
#9830=CARTESIAN_POINT('',(103.999999970198,26.4226497308104,8.5));
#9831=CARTESIAN_POINT('',(103.999999970198,65.2113248654052,8.5));
#9832=CARTESIAN_POINT('',(103.999999970198,26.4226497308104,8.5));
#9833=CARTESIAN_POINT('Origin',(103.999999970198,25.8452994616208,7.5));
#9834=CARTESIAN_POINT('',(101.999999970198,26.1339745962156,8.));
#9835=CARTESIAN_POINT('',(101.999999970198,25.8452994616208,7.5));
#9836=CARTESIAN_POINT('',(101.999999970198,20.7408393968224,-1.34118417743717));
#9837=CARTESIAN_POINT('',(76.9999999701977,26.1339745962156,8.));
#9838=CARTESIAN_POINT('',(103.999999970198,25.8452994616208,7.5));
#9839=CARTESIAN_POINT('',(103.999999970198,33.9908393968223,21.6084890228504));
#9840=CARTESIAN_POINT('',(103.999999970198,25.8452994616208,7.5));
#9841=CARTESIAN_POINT('Origin',(103.999999970198,26.4226497308104,6.5));
#9842=CARTESIAN_POINT('',(101.999999970198,24.2771097956088,10.2161841774372));
#9843=CARTESIAN_POINT('',(103.999999970198,37.5271097956087,-12.7334890228504));
#9844=CARTESIAN_POINT('Origin',(103.999999970198,44.1547005383793,7.5));
#9845=CARTESIAN_POINT('',(101.999999970198,43.5773502691896,6.5));
#9846=CARTESIAN_POINT('',(101.999999970198,44.1547005383793,7.5));
#9847=CARTESIAN_POINT('',(101.999999970198,36.7615653389859,-5.30528579257498));
#9848=CARTESIAN_POINT('',(103.999999970198,43.5773502691896,6.5));
#9849=CARTESIAN_POINT('',(103.999999970198,43.5773502691896,6.5));
#9850=CARTESIAN_POINT('',(103.999999970198,44.1547005383793,7.5));
#9851=CARTESIAN_POINT('',(103.999999970198,50.0115653389861,17.6443874077128));
#9852=CARTESIAN_POINT('',(103.999999970198,44.1547005383793,7.5));
#9853=CARTESIAN_POINT('Origin',(103.999999970198,43.5773502691896,8.5));
#9854=CARTESIAN_POINT('',(101.999999970198,43.8660254037844,8.));
#9855=CARTESIAN_POINT('',(101.999999970198,39.7204854685828,15.180285792575));
#9856=CARTESIAN_POINT('',(103.999999970198,43.5773502691896,8.5));
#9857=CARTESIAN_POINT('',(103.999999970198,52.970485468583,-7.76938740771274));
#9858=CARTESIAN_POINT('',(100.999999970198,43.5773502691896,8.5));
#9859=CARTESIAN_POINT('',(103.999999970198,43.5773502691896,8.5));
#9860=CARTESIAN_POINT('',(100.999999970198,43.8660254037844,8.));
#9861=CARTESIAN_POINT('',(100.999999970198,44.1547005383793,7.5));
#9862=CARTESIAN_POINT('',(76.9999999701977,43.8660254037844,8.));
#9863=CARTESIAN_POINT('Origin',(100.999999970198,43.,7.5));
#9864=CARTESIAN_POINT('',(100.999999970198,42.1339745962156,8.));
#9865=CARTESIAN_POINT('',(100.999999970198,46.5,8.));
#9866=CARTESIAN_POINT('',(100.999999970198,42.4226497308104,8.5));
#9867=CARTESIAN_POINT('',(100.999999970198,43.5773502691896,8.5));
#9868=CARTESIAN_POINT('',(100.999999970198,42.4226497308104,8.5));
#9869=CARTESIAN_POINT('Origin',(103.999999970198,43.5773502691896,6.5));
#9870=CARTESIAN_POINT('',(101.999999970198,42.4226497308104,6.5));
#9871=CARTESIAN_POINT('',(101.999999970198,20.7886751345948,6.5));
#9872=CARTESIAN_POINT('',(103.999999970198,42.4226497308104,6.5));
#9873=CARTESIAN_POINT('',(103.999999970198,42.4226497308104,6.5));
#9874=CARTESIAN_POINT('',(103.999999970198,73.7886751345948,6.5));
#9875=CARTESIAN_POINT('Origin',(103.999999970198,42.4226497308104,8.5));
#9876=CARTESIAN_POINT('',(103.999999970198,42.4226497308104,8.5));
#9877=CARTESIAN_POINT('',(103.999999970198,73.2113248654052,8.5));
#9878=CARTESIAN_POINT('',(103.999999970198,42.4226497308104,8.5));
#9879=CARTESIAN_POINT('Origin',(103.999999970198,41.8452994616208,7.5));
#9880=CARTESIAN_POINT('',(101.999999970198,42.1339745962156,8.));
#9881=CARTESIAN_POINT('',(101.999999970198,41.8452994616208,7.5));
#9882=CARTESIAN_POINT('',(101.999999970198,34.7408393968222,-4.80528579257497));
#9883=CARTESIAN_POINT('',(76.9999999701977,42.1339745962156,8.));
#9884=CARTESIAN_POINT('',(103.999999970198,41.8452994616208,7.5));
#9885=CARTESIAN_POINT('',(103.999999970198,47.9908393968224,18.1443874077128));
#9886=CARTESIAN_POINT('',(103.999999970198,41.8452994616208,7.5));
#9887=CARTESIAN_POINT('Origin',(103.999999970198,42.4226497308104,6.5));
#9888=CARTESIAN_POINT('',(101.999999970198,38.2771097956087,13.680285792575));
#9889=CARTESIAN_POINT('',(103.999999970198,51.5271097956089,-9.26938740771275));
#9890=CARTESIAN_POINT('Origin',(103.999999970198,60.1547005383793,7.5));
#9891=CARTESIAN_POINT('',(101.999999970198,59.5773502691896,6.5));
#9892=CARTESIAN_POINT('',(101.999999970198,60.1547005383793,7.5));
#9893=CARTESIAN_POINT('',(101.999999970198,50.7615653389859,-8.76938740771275));
#9894=CARTESIAN_POINT('',(103.999999970198,59.5773502691896,6.5));
#9895=CARTESIAN_POINT('',(103.999999970198,59.5773502691896,6.5));
#9896=CARTESIAN_POINT('',(103.999999970198,60.1547005383793,7.5));
#9897=CARTESIAN_POINT('',(103.999999970198,64.0115653389861,14.180285792575));
#9898=CARTESIAN_POINT('',(103.999999970198,60.1547005383793,7.5));
#9899=CARTESIAN_POINT('Origin',(103.999999970198,59.5773502691896,8.5));
#9900=CARTESIAN_POINT('',(101.999999970198,59.8660254037845,8.));
#9901=CARTESIAN_POINT('',(101.999999970198,53.7204854685828,18.6443874077128));
#9902=CARTESIAN_POINT('',(103.999999970198,59.5773502691896,8.5));
#9903=CARTESIAN_POINT('',(103.999999970198,66.970485468583,-4.30528579257497));
#9904=CARTESIAN_POINT('',(100.999999970198,59.5773502691896,8.5));
#9905=CARTESIAN_POINT('',(103.999999970198,59.5773502691896,8.5));
#9906=CARTESIAN_POINT('',(100.999999970198,59.8660254037844,8.));
#9907=CARTESIAN_POINT('',(100.999999970198,60.1547005383793,7.5));
#9908=CARTESIAN_POINT('',(76.9999999701977,59.8660254037845,8.));
#9909=CARTESIAN_POINT('Origin',(100.999999970198,59.,7.5));
#9910=CARTESIAN_POINT('',(100.999999970198,58.1339745962156,8.));
#9911=CARTESIAN_POINT('',(100.999999970198,54.5,8.));
#9912=CARTESIAN_POINT('',(100.999999970198,58.4226497308104,8.5));
#9913=CARTESIAN_POINT('',(100.999999970198,59.5773502691896,8.5));
#9914=CARTESIAN_POINT('',(100.999999970198,58.4226497308104,8.5));
#9915=CARTESIAN_POINT('Origin',(103.999999970198,59.5773502691896,6.5));
#9916=CARTESIAN_POINT('',(101.999999970198,58.4226497308104,6.5));
#9917=CARTESIAN_POINT('',(101.999999970198,28.7886751345948,6.5));
#9918=CARTESIAN_POINT('',(103.999999970198,58.4226497308104,6.5));
#9919=CARTESIAN_POINT('',(103.999999970198,58.4226497308104,6.5));
#9920=CARTESIAN_POINT('',(103.999999970198,81.7886751345948,6.5));
#9921=CARTESIAN_POINT('Origin',(103.999999970198,58.4226497308104,8.5));
#9922=CARTESIAN_POINT('',(103.999999970198,58.4226497308104,8.5));
#9923=CARTESIAN_POINT('',(103.999999970198,81.2113248654052,8.5));
#9924=CARTESIAN_POINT('',(103.999999970198,58.4226497308104,8.5));
#9925=CARTESIAN_POINT('Origin',(103.999999970198,57.8452994616208,7.5));
#9926=CARTESIAN_POINT('',(101.999999970198,58.1339745962156,8.));
#9927=CARTESIAN_POINT('',(101.999999970198,57.8452994616208,7.5));
#9928=CARTESIAN_POINT('',(101.999999970198,48.7408393968222,-8.26938740771275));
#9929=CARTESIAN_POINT('',(76.9999999701977,58.1339745962156,8.));
#9930=CARTESIAN_POINT('',(103.999999970198,57.8452994616208,7.5));
#9931=CARTESIAN_POINT('',(103.999999970198,61.9908393968224,14.680285792575));
#9932=CARTESIAN_POINT('',(103.999999970198,57.8452994616208,7.5));
#9933=CARTESIAN_POINT('Origin',(103.999999970198,58.4226497308104,6.5));
#9934=CARTESIAN_POINT('',(101.999999970198,52.2771097956087,17.1443874077128));
#9935=CARTESIAN_POINT('',(103.999999970198,65.5271097956089,-5.80528579257497));
#9936=CARTESIAN_POINT('Origin',(103.999999970198,76.1547005383793,7.5));
#9937=CARTESIAN_POINT('',(101.999999970198,75.5773502691896,6.5));
#9938=CARTESIAN_POINT('',(101.999999970198,76.1547005383793,7.5));
#9939=CARTESIAN_POINT('',(101.999999970198,64.7615653389859,-12.2334890228505));
#9940=CARTESIAN_POINT('',(103.999999970198,75.5773502691896,6.5));
#9941=CARTESIAN_POINT('',(103.999999970198,75.5773502691896,6.5));
#9942=CARTESIAN_POINT('',(103.999999970198,76.1547005383793,7.5));
#9943=CARTESIAN_POINT('',(103.999999970198,78.0115653389861,10.7161841774372));
#9944=CARTESIAN_POINT('',(103.999999970198,76.1547005383793,7.5));
#9945=CARTESIAN_POINT('Origin',(103.999999970198,75.5773502691896,8.5));
#9946=CARTESIAN_POINT('',(101.999999970198,75.8660254037844,8.));
#9947=CARTESIAN_POINT('',(101.999999970198,67.7204854685827,22.1084890228505));
#9948=CARTESIAN_POINT('',(103.999999970198,75.5773502691896,8.5));
#9949=CARTESIAN_POINT('',(103.999999970198,80.9704854685829,-0.841184177437196));
#9950=CARTESIAN_POINT('',(100.999999970198,75.5773502691896,8.5));
#9951=CARTESIAN_POINT('',(103.999999970198,75.5773502691896,8.5));
#9952=CARTESIAN_POINT('',(100.999999970198,75.8660254037844,8.));
#9953=CARTESIAN_POINT('',(100.999999970198,76.1547005383793,7.5));
#9954=CARTESIAN_POINT('',(76.9999999701977,75.8660254037844,8.));
#9955=CARTESIAN_POINT('Origin',(100.999999970198,75.,7.5));
#9956=CARTESIAN_POINT('',(100.999999970198,74.1339745962156,8.));
#9957=CARTESIAN_POINT('',(100.999999970198,62.5,8.));
#9958=CARTESIAN_POINT('',(100.999999970198,74.4226497308104,8.5));
#9959=CARTESIAN_POINT('',(100.999999970198,75.5773502691896,8.5));
#9960=CARTESIAN_POINT('',(100.999999970198,74.4226497308104,8.5));
#9961=CARTESIAN_POINT('Origin',(103.999999970198,75.5773502691896,6.5));
#9962=CARTESIAN_POINT('',(101.999999970198,74.4226497308104,6.5));
#9963=CARTESIAN_POINT('',(101.999999970198,36.7886751345948,6.5));
#9964=CARTESIAN_POINT('',(103.999999970198,74.4226497308104,6.5));
#9965=CARTESIAN_POINT('',(103.999999970198,74.4226497308104,6.5));
#9966=CARTESIAN_POINT('',(103.999999970198,89.7886751345948,6.5));
#9967=CARTESIAN_POINT('Origin',(103.999999970198,74.4226497308104,8.5));
#9968=CARTESIAN_POINT('',(103.999999970198,74.4226497308104,8.5));
#9969=CARTESIAN_POINT('',(103.999999970198,89.2113248654052,8.5));
#9970=CARTESIAN_POINT('',(103.999999970198,74.4226497308104,8.5));
#9971=CARTESIAN_POINT('Origin',(103.999999970198,73.8452994616208,7.5));
#9972=CARTESIAN_POINT('',(101.999999970198,74.1339745962156,8.));
#9973=CARTESIAN_POINT('',(101.999999970198,73.8452994616208,7.5));
#9974=CARTESIAN_POINT('',(101.999999970198,62.7408393968222,-11.7334890228505));
#9975=CARTESIAN_POINT('',(76.9999999701977,74.1339745962156,8.));
#9976=CARTESIAN_POINT('',(103.999999970198,73.8452994616208,7.5));
#9977=CARTESIAN_POINT('',(103.999999970198,75.9908393968224,11.2161841774372));
#9978=CARTESIAN_POINT('',(103.999999970198,73.8452994616208,7.5));
#9979=CARTESIAN_POINT('Origin',(103.999999970198,74.4226497308104,6.5));
#9980=CARTESIAN_POINT('',(101.999999970198,66.2771097956087,20.6084890228505));
#9981=CARTESIAN_POINT('',(103.999999970198,79.5271097956089,-2.3411841774372));
#9982=CARTESIAN_POINT('Origin',(103.999999970198,68.1547005383793,7.5));
#9983=CARTESIAN_POINT('',(101.999999970198,67.5773502691896,6.5));
#9984=CARTESIAN_POINT('',(101.999999970198,68.1547005383793,7.5));
#9985=CARTESIAN_POINT('',(101.999999970198,57.7615653389859,-10.5014382152816));
#9986=CARTESIAN_POINT('',(103.999999970198,67.5773502691896,6.5));
#9987=CARTESIAN_POINT('',(103.999999970198,67.5773502691896,6.5));
#9988=CARTESIAN_POINT('',(103.999999970198,68.1547005383793,7.5));
#9989=CARTESIAN_POINT('',(103.999999970198,71.0115653389861,12.4482349850061));
#9990=CARTESIAN_POINT('',(103.999999970198,68.1547005383793,7.5));
#9991=CARTESIAN_POINT('Origin',(103.999999970198,67.5773502691896,8.5));
#9992=CARTESIAN_POINT('',(101.999999970198,67.8660254037844,8.));
#9993=CARTESIAN_POINT('',(101.999999970198,60.7204854685828,20.3764382152817));
#9994=CARTESIAN_POINT('',(103.999999970198,67.5773502691896,8.5));
#9995=CARTESIAN_POINT('',(103.999999970198,73.9704854685829,-2.57323498500608));
#9996=CARTESIAN_POINT('',(100.999999970198,67.5773502691896,8.5));
#9997=CARTESIAN_POINT('',(103.999999970198,67.5773502691896,8.5));
#9998=CARTESIAN_POINT('',(100.999999970198,67.8660254037844,8.));
#9999=CARTESIAN_POINT('',(100.999999970198,68.1547005383793,7.5));
#10000=CARTESIAN_POINT('',(76.9999999701977,67.8660254037844,8.));
#10001=CARTESIAN_POINT('Origin',(100.999999970198,67.,7.5));
#10002=CARTESIAN_POINT('',(100.999999970198,66.1339745962156,8.));
#10003=CARTESIAN_POINT('',(100.999999970198,58.5,8.));
#10004=CARTESIAN_POINT('',(100.999999970198,66.4226497308104,8.5));
#10005=CARTESIAN_POINT('',(100.999999970198,67.5773502691896,8.5));
#10006=CARTESIAN_POINT('',(100.999999970198,66.4226497308104,8.5));
#10007=CARTESIAN_POINT('Origin',(103.999999970198,67.5773502691896,6.5));
#10008=CARTESIAN_POINT('',(101.999999970198,66.4226497308104,6.5));
#10009=CARTESIAN_POINT('',(101.999999970198,32.7886751345948,6.5));
#10010=CARTESIAN_POINT('',(103.999999970198,66.4226497308104,6.5));
#10011=CARTESIAN_POINT('',(103.999999970198,66.4226497308104,6.5));
#10012=CARTESIAN_POINT('',(103.999999970198,85.7886751345948,6.5));
#10013=CARTESIAN_POINT('Origin',(103.999999970198,66.4226497308104,8.5));
#10014=CARTESIAN_POINT('',(103.999999970198,66.4226497308104,8.5));
#10015=CARTESIAN_POINT('',(103.999999970198,85.2113248654052,8.5));
#10016=CARTESIAN_POINT('',(103.999999970198,66.4226497308104,8.5));
#10017=CARTESIAN_POINT('Origin',(103.999999970198,65.8452994616208,7.5));
#10018=CARTESIAN_POINT('',(101.999999970198,66.1339745962156,8.));
#10019=CARTESIAN_POINT('',(101.999999970198,65.8452994616208,7.5));
#10020=CARTESIAN_POINT('',(101.999999970198,55.7408393968222,-10.0014382152816));
#10021=CARTESIAN_POINT('',(76.9999999701977,66.1339745962156,8.));
#10022=CARTESIAN_POINT('',(103.999999970198,65.8452994616208,7.5));
#10023=CARTESIAN_POINT('',(103.999999970198,68.9908393968224,12.9482349850061));
#10024=CARTESIAN_POINT('',(103.999999970198,65.8452994616208,7.5));
#10025=CARTESIAN_POINT('Origin',(103.999999970198,66.4226497308104,6.5));
#10026=CARTESIAN_POINT('',(101.999999970198,59.2771097956087,18.8764382152817));
#10027=CARTESIAN_POINT('',(103.999999970198,72.5271097956089,-4.07323498500608));
#10028=CARTESIAN_POINT('Origin',(103.999999970198,52.1547005383793,7.5));
#10029=CARTESIAN_POINT('',(101.999999970198,51.5773502691896,6.5));
#10030=CARTESIAN_POINT('',(101.999999970198,52.1547005383793,7.5));
#10031=CARTESIAN_POINT('',(101.999999970198,43.7615653389859,-7.03733660014386));
#10032=CARTESIAN_POINT('',(103.999999970198,51.5773502691896,6.5));
#10033=CARTESIAN_POINT('',(103.999999970198,51.5773502691896,6.5));
#10034=CARTESIAN_POINT('',(103.999999970198,52.1547005383793,7.5));
#10035=CARTESIAN_POINT('',(103.999999970198,57.0115653389861,15.9123366001439));
#10036=CARTESIAN_POINT('',(103.999999970198,52.1547005383793,7.5));
#10037=CARTESIAN_POINT('Origin',(103.999999970198,51.5773502691896,8.5));
#10038=CARTESIAN_POINT('',(101.999999970198,51.8660254037844,8.));
#10039=CARTESIAN_POINT('',(101.999999970198,46.7204854685828,16.9123366001439));
#10040=CARTESIAN_POINT('',(103.999999970198,51.5773502691896,8.5));
#10041=CARTESIAN_POINT('',(103.999999970198,59.970485468583,-6.03733660014385));
#10042=CARTESIAN_POINT('',(100.999999970198,51.5773502691896,8.5));
#10043=CARTESIAN_POINT('',(103.999999970198,51.5773502691896,8.5));
#10044=CARTESIAN_POINT('',(100.999999970198,51.8660254037844,8.));
#10045=CARTESIAN_POINT('',(100.999999970198,52.1547005383793,7.5));
#10046=CARTESIAN_POINT('',(76.9999999701977,51.8660254037844,8.));
#10047=CARTESIAN_POINT('Origin',(100.999999970198,51.,7.5));
#10048=CARTESIAN_POINT('',(100.999999970198,50.1339745962156,8.));
#10049=CARTESIAN_POINT('',(100.999999970198,50.5,8.));
#10050=CARTESIAN_POINT('',(100.999999970198,50.4226497308104,8.5));
#10051=CARTESIAN_POINT('',(100.999999970198,51.5773502691896,8.5));
#10052=CARTESIAN_POINT('',(100.999999970198,50.4226497308104,8.5));
#10053=CARTESIAN_POINT('Origin',(103.999999970198,51.5773502691896,6.5));
#10054=CARTESIAN_POINT('',(101.999999970198,50.4226497308104,6.5));
#10055=CARTESIAN_POINT('',(101.999999970198,24.7886751345948,6.5));
#10056=CARTESIAN_POINT('',(103.999999970198,50.4226497308104,6.5));
#10057=CARTESIAN_POINT('',(103.999999970198,50.4226497308104,6.5));
#10058=CARTESIAN_POINT('',(103.999999970198,77.7886751345948,6.5));
#10059=CARTESIAN_POINT('Origin',(103.999999970198,50.4226497308104,8.5));
#10060=CARTESIAN_POINT('',(103.999999970198,50.4226497308104,8.5));
#10061=CARTESIAN_POINT('',(103.999999970198,77.2113248654052,8.5));
#10062=CARTESIAN_POINT('',(103.999999970198,50.4226497308104,8.5));
#10063=CARTESIAN_POINT('Origin',(103.999999970198,49.8452994616208,7.5));
#10064=CARTESIAN_POINT('',(101.999999970198,50.1339745962156,8.));
#10065=CARTESIAN_POINT('',(101.999999970198,49.8452994616208,7.5));
#10066=CARTESIAN_POINT('',(101.999999970198,41.7408393968222,-6.53733660014386));
#10067=CARTESIAN_POINT('',(76.9999999701977,50.1339745962156,8.));
#10068=CARTESIAN_POINT('',(103.999999970198,49.8452994616208,7.5));
#10069=CARTESIAN_POINT('',(103.999999970198,54.9908393968224,16.4123366001439));
#10070=CARTESIAN_POINT('',(103.999999970198,49.8452994616208,7.5));
#10071=CARTESIAN_POINT('Origin',(103.999999970198,50.4226497308104,6.5));
#10072=CARTESIAN_POINT('',(101.999999970198,45.2771097956087,15.4123366001439));
#10073=CARTESIAN_POINT('',(103.999999970198,58.5271097956089,-7.53733660014386));
#10074=CARTESIAN_POINT('Origin',(103.999999970198,36.1547005383793,7.5));
#10075=CARTESIAN_POINT('',(101.999999970198,35.5773502691896,6.5));
#10076=CARTESIAN_POINT('',(101.999999970198,36.1547005383793,7.5));
#10077=CARTESIAN_POINT('',(101.999999970198,29.7615653389861,-3.57323498500604));
#10078=CARTESIAN_POINT('',(103.999999970198,35.5773502691896,6.5));
#10079=CARTESIAN_POINT('',(103.999999970198,35.5773502691896,6.5));
#10080=CARTESIAN_POINT('',(103.999999970198,36.1547005383793,7.5));
#10081=CARTESIAN_POINT('',(103.999999970198,43.011565338986,19.3764382152815));
#10082=CARTESIAN_POINT('',(103.999999970198,36.1547005383793,7.5));
#10083=CARTESIAN_POINT('Origin',(103.999999970198,35.5773502691896,8.5));
#10084=CARTESIAN_POINT('',(101.999999970198,35.8660254037844,8.));
#10085=CARTESIAN_POINT('',(101.999999970198,32.7204854685829,13.448234985006));
#10086=CARTESIAN_POINT('',(103.999999970198,35.5773502691896,8.5));
#10087=CARTESIAN_POINT('',(103.999999970198,45.9704854685828,-9.50143821528154));
#10088=CARTESIAN_POINT('',(100.999999970198,35.5773502691896,8.5));
#10089=CARTESIAN_POINT('',(103.999999970198,35.5773502691896,8.5));
#10090=CARTESIAN_POINT('',(100.999999970198,35.8660254037844,8.));
#10091=CARTESIAN_POINT('',(100.999999970198,36.1547005383793,7.5));
#10092=CARTESIAN_POINT('',(76.9999999701977,35.8660254037844,8.));
#10093=CARTESIAN_POINT('Origin',(100.999999970198,35.,7.5));
#10094=CARTESIAN_POINT('',(100.999999970198,34.1339745962156,8.));
#10095=CARTESIAN_POINT('',(100.999999970198,42.5,8.));
#10096=CARTESIAN_POINT('',(100.999999970198,34.4226497308104,8.5));
#10097=CARTESIAN_POINT('',(100.999999970198,35.5773502691896,8.5));
#10098=CARTESIAN_POINT('',(100.999999970198,34.4226497308104,8.5));
#10099=CARTESIAN_POINT('Origin',(103.999999970198,35.5773502691896,6.5));
#10100=CARTESIAN_POINT('',(101.999999970198,34.4226497308104,6.5));
#10101=CARTESIAN_POINT('',(101.999999970198,16.7886751345948,6.5));
#10102=CARTESIAN_POINT('',(103.999999970198,34.4226497308104,6.5));
#10103=CARTESIAN_POINT('',(103.999999970198,34.4226497308104,6.5));
#10104=CARTESIAN_POINT('',(103.999999970198,69.7886751345948,6.5));
#10105=CARTESIAN_POINT('Origin',(103.999999970198,34.4226497308104,8.5));
#10106=CARTESIAN_POINT('',(103.999999970198,34.4226497308104,8.5));
#10107=CARTESIAN_POINT('',(103.999999970198,69.2113248654052,8.5));
#10108=CARTESIAN_POINT('',(103.999999970198,34.4226497308104,8.5));
#10109=CARTESIAN_POINT('Origin',(103.999999970198,33.8452994616208,7.5));
#10110=CARTESIAN_POINT('',(101.999999970198,34.1339745962156,8.));
#10111=CARTESIAN_POINT('',(101.999999970198,33.8452994616208,7.5));
#10112=CARTESIAN_POINT('',(101.999999970198,27.7408393968224,-3.07323498500605));
#10113=CARTESIAN_POINT('',(76.9999999701977,34.1339745962156,8.));
#10114=CARTESIAN_POINT('',(103.999999970198,33.8452994616208,7.5));
#10115=CARTESIAN_POINT('',(103.999999970198,40.9908393968223,19.8764382152815));
#10116=CARTESIAN_POINT('',(103.999999970198,33.8452994616208,7.5));
#10117=CARTESIAN_POINT('Origin',(103.999999970198,34.4226497308104,6.5));
#10118=CARTESIAN_POINT('',(101.999999970198,31.2771097956088,11.948234985006));
#10119=CARTESIAN_POINT('',(103.999999970198,44.5271097956087,-11.0014382152815));
#10120=CARTESIAN_POINT('Origin',(103.999999970198,20.1547005383793,7.5));
#10121=CARTESIAN_POINT('',(101.999999970198,19.5773502691896,6.5));
#10122=CARTESIAN_POINT('',(101.999999970198,20.1547005383793,7.5));
#10123=CARTESIAN_POINT('',(101.999999970198,15.761565338986,-0.109133369868307));
#10124=CARTESIAN_POINT('',(103.999999970198,19.5773502691896,6.5));
#10125=CARTESIAN_POINT('',(103.999999970198,19.5773502691896,6.5));
#10126=CARTESIAN_POINT('',(103.999999970198,20.1547005383793,7.5));
#10127=CARTESIAN_POINT('',(103.999999970198,29.0115653389861,22.8405398304194));
#10128=CARTESIAN_POINT('',(103.999999970198,20.1547005383793,7.5));
#10129=CARTESIAN_POINT('Origin',(103.999999970198,19.5773502691896,8.5));
#10130=CARTESIAN_POINT('',(101.999999970198,19.8660254037844,8.));
#10131=CARTESIAN_POINT('',(101.999999970198,18.7204854685828,9.98413336986831));
#10132=CARTESIAN_POINT('',(103.999999970198,19.5773502691896,8.5));
#10133=CARTESIAN_POINT('',(103.999999970198,31.9704854685829,-12.9655398304193));
#10134=CARTESIAN_POINT('',(100.999999970198,19.5773502691896,8.5));
#10135=CARTESIAN_POINT('',(103.999999970198,19.5773502691896,8.5));
#10136=CARTESIAN_POINT('',(100.999999970198,19.8660254037844,8.));
#10137=CARTESIAN_POINT('',(100.999999970198,20.1547005383793,7.5));
#10138=CARTESIAN_POINT('',(76.9999999701977,19.8660254037844,8.));
#10139=CARTESIAN_POINT('Origin',(100.999999970198,19.,7.5));
#10140=CARTESIAN_POINT('',(100.999999970198,18.1339745962156,8.));
#10141=CARTESIAN_POINT('',(100.999999970198,34.5,8.));
#10142=CARTESIAN_POINT('',(100.999999970198,18.4226497308104,8.5));
#10143=CARTESIAN_POINT('',(100.999999970198,19.5773502691896,8.5));
#10144=CARTESIAN_POINT('',(100.999999970198,18.4226497308104,8.5));
#10145=CARTESIAN_POINT('Origin',(103.999999970198,19.5773502691896,6.5));
#10146=CARTESIAN_POINT('',(101.999999970198,18.4226497308104,6.5));
#10147=CARTESIAN_POINT('',(101.999999970198,8.78867513459481,6.5));
#10148=CARTESIAN_POINT('',(103.999999970198,18.4226497308104,6.5));
#10149=CARTESIAN_POINT('',(103.999999970198,18.4226497308104,6.5));
#10150=CARTESIAN_POINT('',(103.999999970198,61.7886751345948,6.5));
#10151=CARTESIAN_POINT('Origin',(103.999999970198,18.4226497308104,8.5));
#10152=CARTESIAN_POINT('',(103.999999970198,18.4226497308104,8.5));
#10153=CARTESIAN_POINT('',(103.999999970198,61.2113248654052,8.5));
#10154=CARTESIAN_POINT('',(103.999999970198,18.4226497308104,8.5));
#10155=CARTESIAN_POINT('Origin',(103.999999970198,17.8452994616207,7.5));
#10156=CARTESIAN_POINT('',(101.999999970198,18.1339745962156,8.));
#10157=CARTESIAN_POINT('',(101.999999970198,17.8452994616207,7.5));
#10158=CARTESIAN_POINT('',(101.999999970198,13.7408393968223,0.390866630131694));
#10159=CARTESIAN_POINT('',(76.9999999701977,18.1339745962156,8.));
#10160=CARTESIAN_POINT('',(103.999999970198,17.8452994616207,7.5));
#10161=CARTESIAN_POINT('',(103.999999970198,26.9908393968224,23.3405398304193));
#10162=CARTESIAN_POINT('',(103.999999970198,17.8452994616207,7.5));
#10163=CARTESIAN_POINT('Origin',(103.999999970198,18.4226497308104,6.5));
#10164=CARTESIAN_POINT('',(101.999999970198,17.2771097956088,8.48413336986831));
#10165=CARTESIAN_POINT('',(103.999999970198,30.5271097956088,-14.4655398304193));
#10166=CARTESIAN_POINT('Origin',(103.999999970198,4.15470053837925,7.5));
#10167=CARTESIAN_POINT('',(101.999999970198,3.57735026918962,6.5));
#10168=CARTESIAN_POINT('',(101.999999970198,4.0205885121703,7.26771116349866));
#10169=CARTESIAN_POINT('',(101.999999970198,1.76156533898602,3.35496824526945));
#10170=CARTESIAN_POINT('',(103.999999970198,3.57735026918962,6.5));
#10171=CARTESIAN_POINT('',(103.999999970198,3.57735026918962,6.5));
#10172=CARTESIAN_POINT('',(103.999999970198,4.15470053837925,7.5));
#10173=CARTESIAN_POINT('',(103.999999970198,15.011565338986,26.3046414455571));
#10174=CARTESIAN_POINT('',(100.999999970198,4.15470053837925,7.5));
#10175=CARTESIAN_POINT('',(103.999999970198,4.15470053837925,7.5));
#10176=CARTESIAN_POINT('',(100.999999970198,3.57735026918962,6.5));
#10177=CARTESIAN_POINT('',(100.999999970198,3.57735026918962,6.5));
#10178=CARTESIAN_POINT('',(101.678015328576,3.57735026918962,6.5));
#10179=CARTESIAN_POINT('',(103.999999970198,3.57735026918962,6.5));
#10180=CARTESIAN_POINT('Ctrl Pts',(101.999999967282,4.02058851602142,7.26771116337043));
#10181=CARTESIAN_POINT('Ctrl Pts',(101.901206043137,3.94121003209137,7.13022359617578));
#10182=CARTESIAN_POINT('Ctrl Pts',(101.82262732733,3.85156886411017,6.97496053878253));
#10183=CARTESIAN_POINT('Ctrl Pts',(101.731642808528,3.70975724881312,6.72933561598464));
#10184=CARTESIAN_POINT('Ctrl Pts',(101.699956216374,3.64440904507279,6.61614920692301));
#10185=CARTESIAN_POINT('Ctrl Pts',(101.678015328575,3.57735026918963,6.5));
#10186=CARTESIAN_POINT('Origin',(103.999999970198,3.57735026918962,6.5));
#10187=CARTESIAN_POINT('',(101.713508326896,3.,6.5));
#10188=CARTESIAN_POINT('Origin',(97.,3.,6.5));
#10189=CARTESIAN_POINT('',(100.999999970198,2.42264973081037,6.5));
#10190=CARTESIAN_POINT('',(100.999999970198,2.42264973081037,6.5));
#10191=CARTESIAN_POINT('',(101.678015328576,2.42264973081037,6.5));
#10192=CARTESIAN_POINT('',(103.999999970198,2.42264973081037,6.5));
#10193=CARTESIAN_POINT('Origin',(97.,3.,6.5));
#10194=CARTESIAN_POINT('Origin',(103.999999970198,1.84529946162075,7.5));
#10195=CARTESIAN_POINT('',(103.999999970198,1.84529946162075,7.5));
#10196=CARTESIAN_POINT('',(103.999999970198,2.42264973081037,8.5));
#10197=CARTESIAN_POINT('',(103.999999970198,12.9908393968223,26.8046414455571));
#10198=CARTESIAN_POINT('',(100.999999970198,1.84529946162075,7.5));
#10199=CARTESIAN_POINT('',(103.999999970198,1.84529946162075,7.5));
#10200=CARTESIAN_POINT('',(100.999999970198,2.42264973081037,8.5));
#10201=CARTESIAN_POINT('',(100.999999970198,2.42264973081037,8.5));
#10202=CARTESIAN_POINT('',(103.999999970198,2.42264973081037,8.5));
#10203=CARTESIAN_POINT('Origin',(103.999999970198,2.42264973081037,6.5));
#10204=CARTESIAN_POINT('',(101.999999970198,1.97941148782971,7.26771116349866));
#10205=CARTESIAN_POINT('',(101.999999970198,2.42264973081037,6.5));
#10206=CARTESIAN_POINT('',(101.999999970198,3.27710979560879,5.02003175473055));
#10207=CARTESIAN_POINT('Ctrl Pts',(101.678015328575,2.42264973081037,6.5));
#10208=CARTESIAN_POINT('Ctrl Pts',(101.699956216374,2.35559095492721,6.61614920692301));
#10209=CARTESIAN_POINT('Ctrl Pts',(101.731642808528,2.29024275118687,6.72933561598464));
#10210=CARTESIAN_POINT('Ctrl Pts',(101.82262732733,2.14843113588982,6.97496053878254));
#10211=CARTESIAN_POINT('Ctrl Pts',(101.901206043137,2.05878996790863,7.13022359617578));
#10212=CARTESIAN_POINT('Ctrl Pts',(101.999999967282,1.97941148397858,7.26771116337043));
#10213=CARTESIAN_POINT('',(100.999999970198,1.84529946162075,7.5));
#10214=CARTESIAN_POINT('',(103.999999970198,2.42264973081037,6.5));
#10215=CARTESIAN_POINT('',(103.999999970198,16.5271097956088,-17.9296414455571));
#10216=CARTESIAN_POINT('',(103.999999970198,2.42264973081037,6.5));
#10217=CARTESIAN_POINT('Origin',(103.999999970198,3.57735026918962,6.5));
#10218=CARTESIAN_POINT('',(101.999999970198,0.788675134594812,6.5));
#10219=CARTESIAN_POINT('',(103.999999970198,53.7886751345948,6.5));
#10220=CARTESIAN_POINT('Origin',(103.999999970198,3.57735026918962,8.5));
#10221=CARTESIAN_POINT('',(103.999999970198,3.57735026918962,8.5));
#10222=CARTESIAN_POINT('',(103.999999970198,17.9704854685828,-16.4296414455571));
#10223=CARTESIAN_POINT('',(100.999999970198,3.57735026918962,8.5));
#10224=CARTESIAN_POINT('',(103.999999970198,3.57735026918962,8.5));
#10225=CARTESIAN_POINT('',(100.999999970198,4.15470053837925,7.5));
#10226=CARTESIAN_POINT('Origin',(103.999999970198,2.42264973081037,8.5));
#10227=CARTESIAN_POINT('',(103.999999970198,53.2113248654052,8.5));
#10228=CARTESIAN_POINT('',(100.999999970198,3.57735026918962,8.5));
#10229=CARTESIAN_POINT('Origin',(100.999999970198,3.,7.5));
#10230=CARTESIAN_POINT('Origin',(103.999999970198,10.4226497308104,3.5));
#10231=CARTESIAN_POINT('',(101.999999970198,11.5773502691896,3.5));
#10232=CARTESIAN_POINT('',(101.999999970198,10.4226497308104,3.5));
#10233=CARTESIAN_POINT('',(101.999999970198,4.21132486540519,3.5));
#10234=CARTESIAN_POINT('',(103.999999970198,11.5773502691896,3.5));
#10235=CARTESIAN_POINT('',(103.999999970198,11.5773502691896,3.5));
#10236=CARTESIAN_POINT('',(103.999999970198,10.4226497308104,3.5));
#10237=CARTESIAN_POINT('',(103.999999970198,57.2113248654052,3.5));
#10238=CARTESIAN_POINT('',(103.999999970198,10.4226497308104,3.5));
#10239=CARTESIAN_POINT('Origin',(103.999999970198,9.84529946162075,2.5));
#10240=CARTESIAN_POINT('',(101.999999970198,9.84529946162075,2.5));
#10241=CARTESIAN_POINT('',(101.999999970198,7.82337115155288,-1.00208256229942));
#10242=CARTESIAN_POINT('',(103.999999970198,9.84529946162075,2.5));
#10243=CARTESIAN_POINT('',(103.999999970198,21.0733711515529,21.9475906379882));
#10244=CARTESIAN_POINT('',(103.999999970198,9.84529946162075,2.5));
#10245=CARTESIAN_POINT('Origin',(103.999999970198,10.4226497308104,1.5));
#10246=CARTESIAN_POINT('',(101.999999970198,10.4226497308104,1.5));
#10247=CARTESIAN_POINT('',(101.999999970198,9.19457804087825,3.62708256229942));
#10248=CARTESIAN_POINT('',(103.999999970198,10.4226497308104,1.5));
#10249=CARTESIAN_POINT('',(103.999999970198,22.4445780408782,-19.3225906379882));
#10250=CARTESIAN_POINT('',(103.999999970198,10.4226497308104,1.5));
#10251=CARTESIAN_POINT('Origin',(103.999999970198,11.5773502691896,1.5));
#10252=CARTESIAN_POINT('',(101.999999970198,11.5773502691896,1.5));
#10253=CARTESIAN_POINT('',(101.999999970198,4.78867513459481,1.5));
#10254=CARTESIAN_POINT('',(103.999999970198,11.5773502691896,1.5));
#10255=CARTESIAN_POINT('',(103.999999970198,57.7886751345948,1.5));
#10256=CARTESIAN_POINT('',(103.999999970198,11.5773502691896,1.5));
#10257=CARTESIAN_POINT('Origin',(103.999999970198,12.1547005383793,2.5));
#10258=CARTESIAN_POINT('',(101.999999970198,12.1547005383793,2.5));
#10259=CARTESIAN_POINT('',(101.999999970198,9.84409709371658,-1.50208256229942));
#10260=CARTESIAN_POINT('',(103.999999970198,12.1547005383793,2.5));
#10261=CARTESIAN_POINT('',(103.999999970198,23.0940970937165,21.4475906379882));
#10262=CARTESIAN_POINT('',(103.999999970198,12.1547005383793,2.5));
#10263=CARTESIAN_POINT('Origin',(103.999999970198,11.5773502691896,3.5));
#10264=CARTESIAN_POINT('',(101.999999970198,10.6379537138523,5.12708256229942));
#10265=CARTESIAN_POINT('',(103.999999970198,23.8879537138523,-17.8225906379882));
#10266=CARTESIAN_POINT('Origin',(103.999999970198,26.4226497308104,3.5));
#10267=CARTESIAN_POINT('',(101.999999970198,27.5773502691896,3.5));
#10268=CARTESIAN_POINT('',(101.999999970198,26.4226497308104,3.5));
#10269=CARTESIAN_POINT('',(101.999999970198,12.2113248654052,3.5));
#10270=CARTESIAN_POINT('',(103.999999970198,27.5773502691896,3.5));
#10271=CARTESIAN_POINT('',(103.999999970198,27.5773502691896,3.5));
#10272=CARTESIAN_POINT('',(103.999999970198,26.4226497308104,3.5));
#10273=CARTESIAN_POINT('',(103.999999970198,65.2113248654052,3.5));
#10274=CARTESIAN_POINT('',(103.999999970198,26.4226497308104,3.5));
#10275=CARTESIAN_POINT('Origin',(103.999999970198,25.8452994616208,2.5));
#10276=CARTESIAN_POINT('',(101.999999970198,25.8452994616208,2.5));
#10277=CARTESIAN_POINT('',(101.999999970198,21.8233711515529,-4.46618417743717));
#10278=CARTESIAN_POINT('',(103.999999970198,25.8452994616208,2.5));
#10279=CARTESIAN_POINT('',(103.999999970198,35.0733711515528,18.4834890228504));
#10280=CARTESIAN_POINT('',(103.999999970198,25.8452994616208,2.5));
#10281=CARTESIAN_POINT('Origin',(103.999999970198,26.4226497308104,1.5));
#10282=CARTESIAN_POINT('',(101.999999970198,26.4226497308104,1.5));
#10283=CARTESIAN_POINT('',(101.999999970198,23.1945780408783,7.09118417743716));
#10284=CARTESIAN_POINT('',(103.999999970198,26.4226497308104,1.5));
#10285=CARTESIAN_POINT('',(103.999999970198,36.4445780408782,-15.8584890228504));
#10286=CARTESIAN_POINT('',(103.999999970198,26.4226497308104,1.5));
#10287=CARTESIAN_POINT('Origin',(103.999999970198,27.5773502691896,1.5));
#10288=CARTESIAN_POINT('',(101.999999970198,27.5773502691896,1.5));
#10289=CARTESIAN_POINT('',(101.999999970198,12.7886751345948,1.5));
#10290=CARTESIAN_POINT('',(103.999999970198,27.5773502691896,1.5));
#10291=CARTESIAN_POINT('',(103.999999970198,65.7886751345948,1.5));
#10292=CARTESIAN_POINT('',(103.999999970198,27.5773502691896,1.5));
#10293=CARTESIAN_POINT('Origin',(103.999999970198,28.1547005383793,2.5));
#10294=CARTESIAN_POINT('',(101.999999970198,28.1547005383793,2.5));
#10295=CARTESIAN_POINT('',(101.999999970198,23.8440970937166,-4.96618417743717));
#10296=CARTESIAN_POINT('',(103.999999970198,28.1547005383793,2.5));
#10297=CARTESIAN_POINT('',(103.999999970198,37.0940970937165,17.9834890228504));
#10298=CARTESIAN_POINT('',(103.999999970198,28.1547005383793,2.5));
#10299=CARTESIAN_POINT('Origin',(103.999999970198,27.5773502691896,3.5));
#10300=CARTESIAN_POINT('',(101.999999970198,24.6379537138523,8.59118417743716));
#10301=CARTESIAN_POINT('',(103.999999970198,37.8879537138522,-14.3584890228504));
#10302=CARTESIAN_POINT('Origin',(103.999999970198,42.4226497308104,3.5));
#10303=CARTESIAN_POINT('',(101.999999970198,43.5773502691896,3.5));
#10304=CARTESIAN_POINT('',(101.999999970198,42.4226497308104,3.5));
#10305=CARTESIAN_POINT('',(101.999999970198,20.2113248654052,3.5));
#10306=CARTESIAN_POINT('',(103.999999970198,43.5773502691896,3.5));
#10307=CARTESIAN_POINT('',(103.999999970198,43.5773502691896,3.5));
#10308=CARTESIAN_POINT('',(103.999999970198,42.4226497308104,3.5));
#10309=CARTESIAN_POINT('',(103.999999970198,73.2113248654052,3.5));
#10310=CARTESIAN_POINT('',(103.999999970198,42.4226497308104,3.5));
#10311=CARTESIAN_POINT('Origin',(103.999999970198,41.8452994616208,2.5));
#10312=CARTESIAN_POINT('',(101.999999970198,41.8452994616208,2.5));
#10313=CARTESIAN_POINT('',(101.999999970198,35.8233711515528,-7.93028579257498));
#10314=CARTESIAN_POINT('',(103.999999970198,41.8452994616208,2.5));
#10315=CARTESIAN_POINT('',(103.999999970198,49.073371151553,15.0193874077128));
#10316=CARTESIAN_POINT('',(103.999999970198,41.8452994616208,2.5));
#10317=CARTESIAN_POINT('Origin',(103.999999970198,42.4226497308104,1.5));
#10318=CARTESIAN_POINT('',(101.999999970198,42.4226497308104,1.5));
#10319=CARTESIAN_POINT('',(101.999999970198,37.1945780408782,10.555285792575));
#10320=CARTESIAN_POINT('',(103.999999970198,42.4226497308104,1.5));
#10321=CARTESIAN_POINT('',(103.999999970198,50.4445780408784,-12.3943874077128));
#10322=CARTESIAN_POINT('',(103.999999970198,42.4226497308104,1.5));
#10323=CARTESIAN_POINT('Origin',(103.999999970198,43.5773502691896,1.5));
#10324=CARTESIAN_POINT('',(101.999999970198,43.5773502691896,1.5));
#10325=CARTESIAN_POINT('',(101.999999970198,20.7886751345948,1.5));
#10326=CARTESIAN_POINT('',(103.999999970198,43.5773502691896,1.5));
#10327=CARTESIAN_POINT('',(103.999999970198,73.7886751345948,1.5));
#10328=CARTESIAN_POINT('',(103.999999970198,43.5773502691896,1.5));
#10329=CARTESIAN_POINT('Origin',(103.999999970198,44.1547005383793,2.5));
#10330=CARTESIAN_POINT('',(101.999999970198,44.1547005383793,2.5));
#10331=CARTESIAN_POINT('',(101.999999970198,37.8440970937165,-8.43028579257498));
#10332=CARTESIAN_POINT('',(103.999999970198,44.1547005383793,2.5));
#10333=CARTESIAN_POINT('',(103.999999970198,51.0940970937167,14.5193874077128));
#10334=CARTESIAN_POINT('',(103.999999970198,44.1547005383793,2.5));
#10335=CARTESIAN_POINT('Origin',(103.999999970198,43.5773502691896,3.5));
#10336=CARTESIAN_POINT('',(101.999999970198,38.6379537138522,12.055285792575));
#10337=CARTESIAN_POINT('',(103.999999970198,51.8879537138524,-10.8943874077127));
#10338=CARTESIAN_POINT('Origin',(103.999999970198,58.4226497308104,3.5));
#10339=CARTESIAN_POINT('',(101.999999970198,59.5773502691896,3.5));
#10340=CARTESIAN_POINT('',(101.999999970198,58.4226497308104,3.5));
#10341=CARTESIAN_POINT('',(101.999999970198,28.2113248654052,3.5));
#10342=CARTESIAN_POINT('',(103.999999970198,59.5773502691896,3.5));
#10343=CARTESIAN_POINT('',(103.999999970198,59.5773502691896,3.5));
#10344=CARTESIAN_POINT('',(103.999999970198,58.4226497308104,3.5));
#10345=CARTESIAN_POINT('',(103.999999970198,81.2113248654052,3.5));
#10346=CARTESIAN_POINT('',(103.999999970198,58.4226497308104,3.5));
#10347=CARTESIAN_POINT('Origin',(103.999999970198,57.8452994616208,2.5));
#10348=CARTESIAN_POINT('',(101.999999970198,57.8452994616208,2.5));
#10349=CARTESIAN_POINT('',(101.999999970198,49.8233711515528,-11.3943874077128));
#10350=CARTESIAN_POINT('',(103.999999970198,57.8452994616208,2.5));
#10351=CARTESIAN_POINT('',(103.999999970198,63.073371151553,11.555285792575));
#10352=CARTESIAN_POINT('',(103.999999970198,57.8452994616208,2.5));
#10353=CARTESIAN_POINT('Origin',(103.999999970198,58.4226497308104,1.5));
#10354=CARTESIAN_POINT('',(101.999999970198,58.4226497308104,1.5));
#10355=CARTESIAN_POINT('',(101.999999970198,51.1945780408781,14.0193874077128));
#10356=CARTESIAN_POINT('',(103.999999970198,58.4226497308104,1.5));
#10357=CARTESIAN_POINT('',(103.999999970198,64.4445780408783,-8.93028579257498));
#10358=CARTESIAN_POINT('',(103.999999970198,58.4226497308104,1.5));
#10359=CARTESIAN_POINT('Origin',(103.999999970198,59.5773502691896,1.5));
#10360=CARTESIAN_POINT('',(101.999999970198,59.5773502691896,1.5));
#10361=CARTESIAN_POINT('',(101.999999970198,28.7886751345948,1.5));
#10362=CARTESIAN_POINT('',(103.999999970198,59.5773502691896,1.5));
#10363=CARTESIAN_POINT('',(103.999999970198,81.7886751345948,1.5));
#10364=CARTESIAN_POINT('',(103.999999970198,59.5773502691896,1.5));
#10365=CARTESIAN_POINT('Origin',(103.999999970198,60.1547005383793,2.5));
#10366=CARTESIAN_POINT('',(101.999999970198,60.1547005383793,2.5));
#10367=CARTESIAN_POINT('',(101.999999970198,51.8440970937165,-11.8943874077128));
#10368=CARTESIAN_POINT('',(103.999999970198,60.1547005383793,2.5));
#10369=CARTESIAN_POINT('',(103.999999970198,65.0940970937167,11.055285792575));
#10370=CARTESIAN_POINT('',(103.999999970198,60.1547005383793,2.5));
#10371=CARTESIAN_POINT('Origin',(103.999999970198,59.5773502691896,3.5));
#10372=CARTESIAN_POINT('',(101.999999970198,52.6379537138522,15.5193874077128));
#10373=CARTESIAN_POINT('',(103.999999970198,65.8879537138524,-7.43028579257498));
#10374=CARTESIAN_POINT('Origin',(103.999999970198,74.4226497308104,3.5));
#10375=CARTESIAN_POINT('',(101.999999970198,75.5773502691896,3.5));
#10376=CARTESIAN_POINT('',(101.999999970198,74.4226497308104,3.5));
#10377=CARTESIAN_POINT('',(101.999999970198,36.2113248654052,3.5));
#10378=CARTESIAN_POINT('',(103.999999970198,75.5773502691896,3.5));
#10379=CARTESIAN_POINT('',(103.999999970198,75.5773502691896,3.5));
#10380=CARTESIAN_POINT('',(103.999999970198,74.4226497308104,3.5));
#10381=CARTESIAN_POINT('',(103.999999970198,89.2113248654052,3.5));
#10382=CARTESIAN_POINT('',(103.999999970198,74.4226497308104,3.5));
#10383=CARTESIAN_POINT('Origin',(103.999999970198,73.8452994616208,2.5));
#10384=CARTESIAN_POINT('',(101.999999970198,73.8452994616208,2.5));
#10385=CARTESIAN_POINT('',(101.999999970198,63.8233711515527,-14.8584890228505));
#10386=CARTESIAN_POINT('',(103.999999970198,73.8452994616208,2.5));
#10387=CARTESIAN_POINT('',(103.999999970198,77.0733711515529,8.09118417743722));
#10388=CARTESIAN_POINT('',(103.999999970198,73.8452994616208,2.5));
#10389=CARTESIAN_POINT('Origin',(103.999999970198,74.4226497308104,1.5));
#10390=CARTESIAN_POINT('',(101.999999970198,74.4226497308104,1.5));
#10391=CARTESIAN_POINT('',(101.999999970198,65.1945780408781,17.4834890228505));
#10392=CARTESIAN_POINT('',(103.999999970198,74.4226497308104,1.5));
#10393=CARTESIAN_POINT('',(103.999999970198,78.4445780408783,-5.46618417743721));
#10394=CARTESIAN_POINT('',(103.999999970198,74.4226497308104,1.5));
#10395=CARTESIAN_POINT('Origin',(103.999999970198,75.5773502691896,1.5));
#10396=CARTESIAN_POINT('',(101.999999970198,75.5773502691896,1.5));
#10397=CARTESIAN_POINT('',(101.999999970198,36.7886751345948,1.5));
#10398=CARTESIAN_POINT('',(103.999999970198,75.5773502691896,1.5));
#10399=CARTESIAN_POINT('',(103.999999970198,89.7886751345948,1.5));
#10400=CARTESIAN_POINT('',(103.999999970198,75.5773502691896,1.5));
#10401=CARTESIAN_POINT('Origin',(103.999999970198,76.1547005383793,2.5));
#10402=CARTESIAN_POINT('',(101.999999970198,76.1547005383793,2.5));
#10403=CARTESIAN_POINT('',(101.999999970198,65.8440970937164,-15.3584890228505));
#10404=CARTESIAN_POINT('',(103.999999970198,76.1547005383793,2.5));
#10405=CARTESIAN_POINT('',(103.999999970198,79.0940970937166,7.59118417743721));
#10406=CARTESIAN_POINT('',(103.999999970198,76.1547005383793,2.5));
#10407=CARTESIAN_POINT('Origin',(103.999999970198,75.5773502691896,3.5));
#10408=CARTESIAN_POINT('',(101.999999970198,66.6379537138522,18.9834890228505));
#10409=CARTESIAN_POINT('',(103.999999970198,79.8879537138524,-3.96618417743721));
#10410=CARTESIAN_POINT('Origin',(97.,3.,0.));
#10411=CARTESIAN_POINT('',(99.65,3.,0.));
#10412=CARTESIAN_POINT('Origin',(97.,3.,0.));
#10413=CARTESIAN_POINT('Origin',(101.65,3.,0.));
#10414=CARTESIAN_POINT('Origin',(97.,3.,2.));
#10415=CARTESIAN_POINT('Origin',(97.,3.,2.));
#10416=CARTESIAN_POINT('',(101.65,3.,6.));
#10417=CARTESIAN_POINT('',(101.65,3.,2.));
#10418=CARTESIAN_POINT('Origin',(97.,3.,6.));
#10419=CARTESIAN_POINT('Origin',(49.9999999701977,50.,8.));
#10420=CARTESIAN_POINT('',(55.0000026516629,2.00000267234737,8.));
#10421=CARTESIAN_POINT('',(25.5000012581857,2.00000138286135,8.));
#10422=CARTESIAN_POINT('',(55.0000016025896,26.0000014454522,8.00000000000001));
#10423=CARTESIAN_POINT('',(2.13397610200586,102.,8.));
#10424=CARTESIAN_POINT('',(101.999999970198,102.,8.));
#10425=CARTESIAN_POINT('',(2.13397610200587,100.,8.));
#10426=CARTESIAN_POINT('',(2.13397610200587,77.,8.));
#10427=CARTESIAN_POINT('',(3.86602634178425,100.,8.));
#10428=CARTESIAN_POINT('',(26.5000005960465,100.,8.));
#10429=CARTESIAN_POINT('',(3.86602634178427,102.,8.));
#10430=CARTESIAN_POINT('',(3.86602634178425,77.,8.));
#10431=CARTESIAN_POINT('',(10.3561983242281,102.,8.));
#10432=CARTESIAN_POINT('',(101.999999970198,102.,8.));
#10433=CARTESIAN_POINT('',(10.3561983242281,100.,8.));
#10434=CARTESIAN_POINT('',(10.3561983242281,77.,8.));
#10435=CARTESIAN_POINT('',(12.0882485640065,100.,8.));
#10436=CARTESIAN_POINT('',(30.6111117071576,100.,8.));
#10437=CARTESIAN_POINT('',(12.0882485640065,102.,8.));
#10438=CARTESIAN_POINT('',(12.0882485640065,77.,8.));
#10439=CARTESIAN_POINT('',(18.5784205464503,102.,8.));
#10440=CARTESIAN_POINT('',(101.999999970198,102.,8.));
#10441=CARTESIAN_POINT('',(18.5784205464503,100.,8.));
#10442=CARTESIAN_POINT('',(18.5784205464503,77.,8.));
#10443=CARTESIAN_POINT('',(20.3104707862287,100.,8.));
#10444=CARTESIAN_POINT('',(34.7222228182687,100.,8.));
#10445=CARTESIAN_POINT('',(20.3104707862287,102.,8.));
#10446=CARTESIAN_POINT('',(20.3104707862287,77.,8.));
#10447=CARTESIAN_POINT('',(26.8006427686725,102.,8.));
#10448=CARTESIAN_POINT('',(101.999999970198,102.,8.));
#10449=CARTESIAN_POINT('',(26.8006427686725,100.,8.));
#10450=CARTESIAN_POINT('',(26.8006427686725,77.,8.));
#10451=CARTESIAN_POINT('',(28.5326930084509,100.,8.));
#10452=CARTESIAN_POINT('',(38.8333339293798,100.,8.));
#10453=CARTESIAN_POINT('',(28.5326930084509,102.,8.));
#10454=CARTESIAN_POINT('',(28.5326930084509,77.,8.));
#10455=CARTESIAN_POINT('',(35.0228649908948,102.,8.));
#10456=CARTESIAN_POINT('',(101.999999970198,102.,8.));
#10457=CARTESIAN_POINT('',(35.0228649908948,100.,8.));
#10458=CARTESIAN_POINT('',(35.0228649908948,77.,8.));
#10459=CARTESIAN_POINT('',(36.7549152306731,100.,8.));
#10460=CARTESIAN_POINT('',(42.9444450404909,100.,8.));
#10461=CARTESIAN_POINT('',(36.7549152306731,102.,8.));
#10462=CARTESIAN_POINT('',(36.7549152306731,77.,8.));
#10463=CARTESIAN_POINT('',(43.245087213117,102.,8.));
#10464=CARTESIAN_POINT('',(101.999999970198,102.,8.));
#10465=CARTESIAN_POINT('',(43.245087213117,100.,8.));
#10466=CARTESIAN_POINT('',(43.245087213117,77.,8.));
#10467=CARTESIAN_POINT('',(44.9771374528954,100.,8.));
#10468=CARTESIAN_POINT('',(47.055556151602,100.,8.));
#10469=CARTESIAN_POINT('',(44.9771374528954,102.,8.));
#10470=CARTESIAN_POINT('',(44.9771374528953,77.,8.));
#10471=CARTESIAN_POINT('',(51.4673094353392,102.,8.));
#10472=CARTESIAN_POINT('',(101.999999970198,102.,8.));
#10473=CARTESIAN_POINT('',(51.4673094353392,100.,8.));
#10474=CARTESIAN_POINT('',(51.4673094353392,77.,8.));
#10475=CARTESIAN_POINT('',(53.1993596751176,100.,8.));
#10476=CARTESIAN_POINT('',(51.1666672627131,100.,8.));
#10477=CARTESIAN_POINT('',(53.1993596751176,102.,8.));
#10478=CARTESIAN_POINT('',(53.1993596751176,77.,8.));
#10479=CARTESIAN_POINT('',(59.6895316575614,102.,8.));
#10480=CARTESIAN_POINT('',(101.999999970198,102.,8.));
#10481=CARTESIAN_POINT('',(59.6895316575614,100.,8.));
#10482=CARTESIAN_POINT('',(59.6895316575614,77.,8.));
#10483=CARTESIAN_POINT('',(61.4215818973398,100.,8.));
#10484=CARTESIAN_POINT('',(55.2777783738242,100.,8.));
#10485=CARTESIAN_POINT('',(61.4215818973398,102.,8.));
#10486=CARTESIAN_POINT('',(61.4215818973398,77.,8.));
#10487=CARTESIAN_POINT('',(67.9117538797836,102.,8.));
#10488=CARTESIAN_POINT('',(101.999999970198,102.,8.));
#10489=CARTESIAN_POINT('',(67.9117538797836,100.,8.));
#10490=CARTESIAN_POINT('',(67.9117538797836,77.,8.));
#10491=CARTESIAN_POINT('',(69.643804119562,100.,8.));
#10492=CARTESIAN_POINT('',(59.3888894849353,100.,8.));
#10493=CARTESIAN_POINT('',(69.643804119562,102.,8.));
#10494=CARTESIAN_POINT('',(69.643804119562,77.,8.));
#10495=CARTESIAN_POINT('',(76.1339761020059,102.,8.));
#10496=CARTESIAN_POINT('',(101.999999970198,102.,8.));
#10497=CARTESIAN_POINT('',(76.1339761020059,100.,8.));
#10498=CARTESIAN_POINT('',(76.1339761020059,77.,8.));
#10499=CARTESIAN_POINT('',(77.8660263417842,100.,8.));
#10500=CARTESIAN_POINT('',(63.5000005960465,100.,8.));
#10501=CARTESIAN_POINT('',(77.8660263417842,102.,8.));
#10502=CARTESIAN_POINT('',(77.8660263417842,77.,8.));
#10503=CARTESIAN_POINT('',(82.0000012218952,102.,8.));
#10504=CARTESIAN_POINT('',(101.999999970198,102.,8.));
#10505=CARTESIAN_POINT('',(82.,91.,8.));
#10506=CARTESIAN_POINT('',(82.,75.,8.));
#10507=CARTESIAN_POINT('',(84.,89.,8.));
#10508=CARTESIAN_POINT('Origin',(84.,91.,8.));
#10509=CARTESIAN_POINT('',(65.9999999850988,89.,8.));
#10510=CARTESIAN_POINT('',(101.999999970198,80.6156528082252,8.));
#10511=CARTESIAN_POINT('Origin',(97.,85.,8.));
#10512=CARTESIAN_POINT('',(101.999999970198,-2.,8.));
#10513=CARTESIAN_POINT('',(101.999999970198,-2.,8.));
#10514=CARTESIAN_POINT('',(101.999999970198,-2.,8.));
#10515=CARTESIAN_POINT('',(101.999999970198,-2.,8.));
#10516=CARTESIAN_POINT('',(101.999999970198,-2.,8.));
#10517=CARTESIAN_POINT('',(101.999999970198,-2.,8.));
#10518=CARTESIAN_POINT('',(101.999999970198,-2.,8.));
#10519=CARTESIAN_POINT('',(101.999999970198,-2.,8.));
#10520=CARTESIAN_POINT('',(101.999999970198,-2.,8.));
#10521=CARTESIAN_POINT('',(101.999999970198,7.38434719177476,8.));
#10522=CARTESIAN_POINT('',(101.999999970198,-2.,8.));
#10523=CARTESIAN_POINT('',(92.6156528422125,-2.,8.));
#10524=CARTESIAN_POINT('Origin',(97.,3.,8.));
#10525=CARTESIAN_POINT('',(-2.00000002980232,-2.,8.));
#10526=CARTESIAN_POINT('Origin',(97.,3.,6.));
#10527=CARTESIAN_POINT('Origin',(103.65,3.,6.));
#10528=CARTESIAN_POINT('',(101.999999970198,-1.38434719177475,8.));
#10529=CARTESIAN_POINT('Ctrl Pts',(101.999999970198,-1.38434719177476,8.));
#10530=CARTESIAN_POINT('Ctrl Pts',(101.999999970198,-0.872997080795279,
8.));
#10531=CARTESIAN_POINT('Ctrl Pts',(101.999999970198,-0.2682708142273,7.8959048014512));
#10532=CARTESIAN_POINT('Ctrl Pts',(101.999999970198,0.779894680362032,7.62795060210936));
#10533=CARTESIAN_POINT('Ctrl Pts',(101.999999970198,1.38368974017759,7.41309061346554));
#10534=CARTESIAN_POINT('Ctrl Pts',(101.999999970198,1.97941149077358,7.2677111651983));
#10535=CARTESIAN_POINT('',(101.384347157788,-2.,8.));
#10536=CARTESIAN_POINT('Origin',(97.,3.,8.));
#10537=CARTESIAN_POINT('Ctrl Pts',(92.6156528422125,-2.,8.));
#10538=CARTESIAN_POINT('Ctrl Pts',(93.1270029436422,-2.,8.));
#10539=CARTESIAN_POINT('Ctrl Pts',(93.731729199512,-2.,7.89590480685461));
#10540=CARTESIAN_POINT('Ctrl Pts',(95.1003301726844,-2.,7.54603413670317));
#10541=CARTESIAN_POINT('Ctrl Pts',(96.0987361734222,-2.,7.13026545554575));
#10542=CARTESIAN_POINT('Ctrl Pts',(97.,-2.,7.13026545554575));
#10543=CARTESIAN_POINT('Ctrl Pts',(97.9012638265778,-2.,7.13026545554575));
#10544=CARTESIAN_POINT('Ctrl Pts',(98.8996698273156,-2.,7.54603413670317));
#10545=CARTESIAN_POINT('Ctrl Pts',(100.268270800488,-2.,7.89590480685461));
#10546=CARTESIAN_POINT('Ctrl Pts',(100.872997056358,-2.,8.));
#10547=CARTESIAN_POINT('Ctrl Pts',(101.384347157788,-2.,8.));
#10548=CARTESIAN_POINT('Ctrl Pts',(101.999999970198,4.02058850922643,7.2677111651983));
#10549=CARTESIAN_POINT('Ctrl Pts',(101.999999970198,4.61631025982241,7.41309061346554));
#10550=CARTESIAN_POINT('Ctrl Pts',(101.999999970198,5.22010531963797,7.62795060210936));
#10551=CARTESIAN_POINT('Ctrl Pts',(101.999999970198,6.2682708142273,7.8959048014512));
#10552=CARTESIAN_POINT('Ctrl Pts',(101.999999970198,6.87299708079528,8.));
#10553=CARTESIAN_POINT('Ctrl Pts',(101.999999970198,7.38434719177476,8.));
#10554=CARTESIAN_POINT('Origin',(101.999999970198,-2.,0.));
#10555=CARTESIAN_POINT('',(101.999999970198,81.4999999976672,7.92382297024914));
#10556=CARTESIAN_POINT('Ctrl Pts',(101.999999970198,80.6156528082253,8.));
#10557=CARTESIAN_POINT('Ctrl Pts',(101.999999970198,80.8935425898824,8.));
#10558=CARTESIAN_POINT('Ctrl Pts',(101.999999970198,81.1995774825459,7.97278269825768));
#10559=CARTESIAN_POINT('Ctrl Pts',(101.999999970198,81.4999999953344,7.92382297024915));
#10560=CARTESIAN_POINT('',(101.999999970198,81.5,-6.8));
#10561=CARTESIAN_POINT('',(101.999999970198,-1.99999999999999,8.));
#10562=CARTESIAN_POINT('',(101.999999970198,-1.99999999999999,2.));
#10563=CARTESIAN_POINT('',(101.999999970198,-2.,8.));
#10564=CARTESIAN_POINT('Origin',(12.3769236340675,104.,2.50000351001853));
#10565=CARTESIAN_POINT('',(11.7995705961131,102.,3.50000150914011));
#10566=CARTESIAN_POINT('',(12.3769236340675,102.,2.50000351001853));
#10567=CARTESIAN_POINT('',(24.1211908639121,102.,-17.8415257778584));
#10568=CARTESIAN_POINT('',(11.7995705961131,104.,3.50000150914011));
#10569=CARTESIAN_POINT('',(11.7995705961131,104.,3.50000150914011));
#10570=CARTESIAN_POINT('',(12.3769236340675,104.,2.50000351001853));
#10571=CARTESIAN_POINT('',(10.8710557828138,104.,5.10822541100767));
#10572=CARTESIAN_POINT('',(12.3769236340675,104.,2.50000351001853));
#10573=CARTESIAN_POINT('Origin',(11.7995764820718,104.,1.50000211263713));
#10574=CARTESIAN_POINT('',(11.7995764820718,102.,1.50000211263713));
#10575=CARTESIAN_POINT('',(22.7497555913762,102.,20.466397587231));
#10576=CARTESIAN_POINT('',(11.7995764820718,104.,1.50000211263713));
#10577=CARTESIAN_POINT('',(9.49989067201543,104.,-2.48319762368314));
#10578=CARTESIAN_POINT('',(11.7995764820718,104.,1.50000211263713));
#10579=CARTESIAN_POINT('Origin',(10.6448762921217,104.,1.49999871437731));
#10580=CARTESIAN_POINT('',(10.6448762921217,102.,1.49999871437731));
#10581=CARTESIAN_POINT('',(56.3224359235308,102.,1.50013314253198));
#10582=CARTESIAN_POINT('',(10.6448762921217,104.,1.49999871437731));
#10583=CARTESIAN_POINT('',(3.32243592398985,104.,1.49997716458011));
#10584=CARTESIAN_POINT('',(10.6448762921217,104.,1.49999871437731));
#10585=CARTESIAN_POINT('Origin',(10.0675232541673,104.,2.49999671349889));
#10586=CARTESIAN_POINT('',(10.0675232541673,102.,2.49999671349889));
#10587=CARTESIAN_POINT('',(22.1004670029891,102.,-18.3415315739388));
#10588=CARTESIAN_POINT('',(10.0675232541673,104.,2.49999671349889));
#10589=CARTESIAN_POINT('',(8.85033192189083,104.,4.60821961492723));
#10590=CARTESIAN_POINT('',(10.0675232541673,104.,2.49999671349889));
#10591=CARTESIAN_POINT('Origin',(10.6448704061631,104.,3.49999811088029));
#10592=CARTESIAN_POINT('',(10.6448704061631,102.,3.49999811088029));
#10593=CARTESIAN_POINT('',(21.3063759394696,102.,21.9663928867835));
#10594=CARTESIAN_POINT('',(10.6448704061631,104.,3.49999811088029));
#10595=CARTESIAN_POINT('',(8.05651102010883,104.,-0.983202324130681));
#10596=CARTESIAN_POINT('',(10.6448704061631,104.,3.49999811088029));
#10597=CARTESIAN_POINT('Origin',(11.7995705961131,104.,3.50000150914011));
#10598=CARTESIAN_POINT('',(56.8997801325472,102.,3.50013423816474));
#10599=CARTESIAN_POINT('',(3.89978013300623,104.,3.49997826021302));
#10600=CARTESIAN_POINT('Origin',(28.821368078512,104.,2.50000351001853));
#10601=CARTESIAN_POINT('',(28.2440150405576,102.,3.50000150914011));
#10602=CARTESIAN_POINT('',(28.821368078512,102.,2.50000351001853));
#10603=CARTESIAN_POINT('',(38.5100587968235,102.,-14.2811870189986));
#10604=CARTESIAN_POINT('',(28.2440150405576,104.,3.50000150914011));
#10605=CARTESIAN_POINT('',(28.2440150405576,104.,3.50000150914011));
#10606=CARTESIAN_POINT('',(28.821368078512,104.,2.50000351001853));
#10607=CARTESIAN_POINT('',(25.2599237157252,104.,8.66856416986739));
#10608=CARTESIAN_POINT('',(28.821368078512,104.,2.50000351001853));
#10609=CARTESIAN_POINT('Origin',(28.2440209265163,104.,1.50000211263713));
#10610=CARTESIAN_POINT('',(28.2440209265163,102.,1.50000211263713));
#10611=CARTESIAN_POINT('',(37.1386654361714,102.,16.9060830262087));
#10612=CARTESIAN_POINT('',(28.2440209265163,104.,1.50000211263713));
#10613=CARTESIAN_POINT('',(23.8888005168106,104.,-6.04351218470546));
#10614=CARTESIAN_POINT('',(28.2440209265163,104.,1.50000211263713));
#10615=CARTESIAN_POINT('Origin',(27.0893207365662,104.,1.49999871437731));
#10616=CARTESIAN_POINT('',(27.0893207365662,102.,1.49999871437731));
#10617=CARTESIAN_POINT('',(64.5446581458242,102.,1.50010894469458));
#10618=CARTESIAN_POINT('',(27.0893207365662,104.,1.49999871437731));
#10619=CARTESIAN_POINT('',(11.5446581462833,104.,1.49995296674272));
#10620=CARTESIAN_POINT('',(27.0893207365662,104.,1.49999871437731));
#10621=CARTESIAN_POINT('Origin',(26.5119676986118,104.,2.49999671349889));
#10622=CARTESIAN_POINT('',(26.5119676986118,102.,2.49999671349889));
#10623=CARTESIAN_POINT('',(36.4893349359005,102.,-14.7811928150791));
#10624=CARTESIAN_POINT('',(26.5119676986118,104.,2.49999671349889));
#10625=CARTESIAN_POINT('',(23.2391998548022,104.,8.16855837378695));
#10626=CARTESIAN_POINT('',(26.5119676986118,104.,2.49999671349889));
#10627=CARTESIAN_POINT('Origin',(27.0893148506075,104.,3.49999811088029));
#10628=CARTESIAN_POINT('',(27.0893148506075,102.,3.49999811088029));
#10629=CARTESIAN_POINT('',(35.6952857842648,102.,18.4060783257612));
#10630=CARTESIAN_POINT('',(27.0893148506075,104.,3.49999811088029));
#10631=CARTESIAN_POINT('',(22.445420864904,104.,-4.54351688515301));
#10632=CARTESIAN_POINT('',(27.0893148506075,104.,3.49999811088029));
#10633=CARTESIAN_POINT('Origin',(28.2440150405576,104.,3.50000150914011));
#10634=CARTESIAN_POINT('',(65.1220023548406,102.,3.50011004032736));
#10635=CARTESIAN_POINT('',(12.1220023552997,104.,3.49995406237565));
#10636=CARTESIAN_POINT('Origin',(45.2658125229564,104.,2.50000351001853));
#10637=CARTESIAN_POINT('',(44.688459485002,102.,3.50000150914011));
#10638=CARTESIAN_POINT('',(45.2658125229564,102.,2.50000351001853));
#10639=CARTESIAN_POINT('',(52.8989267297349,102.,-10.7208482601389));
#10640=CARTESIAN_POINT('',(44.688459485002,104.,3.50000150914011));
#10641=CARTESIAN_POINT('',(44.688459485002,104.,3.50000150914011));
#10642=CARTESIAN_POINT('',(45.2658125229564,104.,2.50000351001853));
#10643=CARTESIAN_POINT('',(39.6487916486365,104.,12.2289029287271));
#10644=CARTESIAN_POINT('',(45.2658125229564,104.,2.50000351001853));
#10645=CARTESIAN_POINT('Origin',(44.6884653709607,104.,1.50000211263713));
#10646=CARTESIAN_POINT('',(44.6884653709607,102.,1.50000211263713));
#10647=CARTESIAN_POINT('',(51.5275752809666,102.,13.3457684651864));
#10648=CARTESIAN_POINT('',(44.6884653709607,104.,1.50000211263713));
#10649=CARTESIAN_POINT('',(38.2777103616058,104.,-9.60382674572779));
#10650=CARTESIAN_POINT('',(44.6884653709607,104.,1.50000211263713));
#10651=CARTESIAN_POINT('Origin',(43.5337651810106,104.,1.49999871437731));
#10652=CARTESIAN_POINT('',(43.5337651810106,102.,1.49999871437731));
#10653=CARTESIAN_POINT('',(72.7668803681177,102.,1.50008474685719));
#10654=CARTESIAN_POINT('',(43.5337651810106,104.,1.49999871437731));
#10655=CARTESIAN_POINT('',(19.7668803685767,104.,1.49992876890532));
#10656=CARTESIAN_POINT('',(43.5337651810106,104.,1.49999871437731));
#10657=CARTESIAN_POINT('Origin',(42.9564121430562,104.,2.49999671349889));
#10658=CARTESIAN_POINT('',(42.9564121430562,102.,2.49999671349889));
#10659=CARTESIAN_POINT('',(50.8782028688119,102.,-11.2208540562194));
#10660=CARTESIAN_POINT('',(42.9564121430562,104.,2.49999671349889));
#10661=CARTESIAN_POINT('',(37.6280677877136,104.,11.7288971326467));
#10662=CARTESIAN_POINT('',(42.9564121430562,104.,2.49999671349889));
#10663=CARTESIAN_POINT('Origin',(43.5337592950519,104.,3.49999811088029));
#10664=CARTESIAN_POINT('',(43.5337592950519,102.,3.49999811088029));
#10665=CARTESIAN_POINT('',(50.08419562906,102.,14.8457637647388));
#10666=CARTESIAN_POINT('',(43.5337592950519,104.,3.49999811088029));
#10667=CARTESIAN_POINT('',(36.8343307096992,104.,-8.10383144617532));
#10668=CARTESIAN_POINT('',(43.5337592950519,104.,3.49999811088029));
#10669=CARTESIAN_POINT('Origin',(44.688459485002,104.,3.50000150914011));
#10670=CARTESIAN_POINT('',(73.3442245771341,102.,3.50008584248999));
#10671=CARTESIAN_POINT('',(20.3442245775931,104.,3.49992986453828));
#10672=CARTESIAN_POINT('Origin',(61.7102569674009,104.,2.50000351001853));
#10673=CARTESIAN_POINT('',(61.1329039294465,102.,3.50000150914011));
#10674=CARTESIAN_POINT('',(61.7102569674009,102.,2.50000351001853));
#10675=CARTESIAN_POINT('',(67.2877946626462,102.,-7.16050950127921));
#10676=CARTESIAN_POINT('',(61.1329039294465,104.,3.50000150914011));
#10677=CARTESIAN_POINT('',(61.1329039294465,104.,3.50000150914011));
#10678=CARTESIAN_POINT('',(61.7102569674009,104.,2.50000351001853));
#10679=CARTESIAN_POINT('',(54.0376595815479,104.,15.7892416875868));
#10680=CARTESIAN_POINT('',(61.7102569674009,104.,2.50000351001853));
#10681=CARTESIAN_POINT('Origin',(61.1329098154051,104.,1.50000211263713));
#10682=CARTESIAN_POINT('',(61.1329098154051,102.,1.50000211263713));
#10683=CARTESIAN_POINT('',(65.9164851257618,102.,9.78545390416406));
#10684=CARTESIAN_POINT('',(61.1329098154051,104.,1.50000211263713));
#10685=CARTESIAN_POINT('',(52.666620206401,104.,-13.1641413067501));
#10686=CARTESIAN_POINT('',(61.1329098154051,104.,1.50000211263713));
#10687=CARTESIAN_POINT('Origin',(59.9782096254551,104.,1.49999871437731));
#10688=CARTESIAN_POINT('',(59.9782096254551,102.,1.49999871437731));
#10689=CARTESIAN_POINT('',(80.9891025904111,102.,1.50006054901979));
#10690=CARTESIAN_POINT('',(59.9782096254551,104.,1.49999871437731));
#10691=CARTESIAN_POINT('',(27.9891025908702,104.,1.49990457106792));
#10692=CARTESIAN_POINT('',(59.9782096254551,104.,1.49999871437731));
#10693=CARTESIAN_POINT('Origin',(59.4008565875007,104.,2.49999671349889));
#10694=CARTESIAN_POINT('',(59.4008565875007,102.,2.49999671349889));
#10695=CARTESIAN_POINT('',(65.2670708017232,102.,-7.66051529735963));
#10696=CARTESIAN_POINT('',(59.4008565875007,104.,2.49999671349889));
#10697=CARTESIAN_POINT('',(52.016935720625,104.,15.2892358915064));
#10698=CARTESIAN_POINT('',(59.4008565875007,104.,2.49999671349889));
#10699=CARTESIAN_POINT('Origin',(59.9782037394964,104.,3.49999811088029));
#10700=CARTESIAN_POINT('',(59.9782037394964,102.,3.49999811088029));
#10701=CARTESIAN_POINT('',(64.4731054738551,102.,11.2854492037165));
#10702=CARTESIAN_POINT('',(59.9782037394964,104.,3.49999811088029));
#10703=CARTESIAN_POINT('',(51.2232405544944,104.,-11.6641460071976));
#10704=CARTESIAN_POINT('',(59.9782037394964,104.,3.49999811088029));
#10705=CARTESIAN_POINT('Origin',(61.1329039294465,104.,3.50000150914011));
#10706=CARTESIAN_POINT('',(81.5664467994275,102.,3.50006164465262));
#10707=CARTESIAN_POINT('',(28.5664467998865,104.,3.49990566670091));
#10708=CARTESIAN_POINT('Origin',(68.2004259617186,104.,8.49999811088029));
#10709=CARTESIAN_POINT('',(67.6230788097229,102.,7.49999671349889));
#10710=CARTESIAN_POINT('',(70.5850323202662,102.,12.6302855514771));
#10711=CARTESIAN_POINT('',(67.6230788097229,104.,7.49999671349889));
#10712=CARTESIAN_POINT('',(67.6230788097229,104.,7.49999671349889));
#10713=CARTESIAN_POINT('',(68.2004259617186,104.,8.49999811088029));
#10714=CARTESIAN_POINT('',(57.3351674009055,104.,-10.3193096594371));
#10715=CARTESIAN_POINT('',(68.2004259617186,100.,8.49999811088029));
#10716=CARTESIAN_POINT('',(68.2004259617186,104.,8.49999811088029));
#10717=CARTESIAN_POINT('',(67.6230788097229,100.,7.49999671349889));
#10718=CARTESIAN_POINT('Origin',(68.777778999673,100.,7.50000011175871));
#10719=CARTESIAN_POINT('',(69.3551261516687,100.,8.50000150914011));
#10720=CARTESIAN_POINT('',(68.2004259617186,100.,8.49999811088029));
#10721=CARTESIAN_POINT('',(69.3551261516687,100.,8.50000150914011));
#10722=CARTESIAN_POINT('Origin',(69.9324791896231,104.,7.50000351001853));
#10723=CARTESIAN_POINT('',(69.3551261516687,104.,8.50000150914011));
#10724=CARTESIAN_POINT('',(69.3551261516687,104.,8.50000150914011));
#10725=CARTESIAN_POINT('',(69.9324791896231,104.,7.50000351001853));
#10726=CARTESIAN_POINT('',(62.3146289814407,104.,20.6944174387666));
#10727=CARTESIAN_POINT('',(69.9324791896231,102.,7.50000351001853));
#10728=CARTESIAN_POINT('',(69.9324791896231,104.,7.50000351001853));
#10729=CARTESIAN_POINT('',(75.564764062539,102.,-2.25533375009943));
#10730=CARTESIAN_POINT('Origin',(67.6230788097229,104.,7.49999671349889));
#10731=CARTESIAN_POINT('',(68.2004318476773,102.,6.49999871437731));
#10732=CARTESIAN_POINT('',(73.544040201616,102.,-2.75533954617986));
#10733=CARTESIAN_POINT('',(68.2004318476773,104.,6.49999871437731));
#10734=CARTESIAN_POINT('',(68.2004318476773,104.,6.49999871437731));
#10735=CARTESIAN_POINT('',(60.2939051205177,104.,20.1944116426862));
#10736=CARTESIAN_POINT('Origin',(69.3551261516687,104.,8.50000150914011));
#10737=CARTESIAN_POINT('',(32.6775505535827,104.,8.49989356776057));
#10738=CARTESIAN_POINT('Origin',(69.3551320376274,104.,6.50000211263713));
#10739=CARTESIAN_POINT('',(69.3551320376274,102.,6.50000211263713));
#10740=CARTESIAN_POINT('',(72.0284119721728,102.,11.1302902519246));
#10741=CARTESIAN_POINT('',(69.3551320376274,104.,6.50000211263713));
#10742=CARTESIAN_POINT('',(58.7785470528121,104.,-11.8193049589895));
#10743=CARTESIAN_POINT('',(69.3551320376274,104.,6.50000211263713));
#10744=CARTESIAN_POINT('Origin',(68.2004318476773,104.,6.49999871437731));
#10745=CARTESIAN_POINT('',(85.1002063441073,102.,6.50004845007944));
#10746=CARTESIAN_POINT('',(32.1002063445663,104.,6.49989247212757));
#10747=CARTESIAN_POINT('Origin',(59.9782037394964,104.,8.49999811088029));
#10748=CARTESIAN_POINT('',(59.4008565875007,102.,7.49999671349889));
#10749=CARTESIAN_POINT('',(63.3905773978686,102.,14.4104428319882));
#10750=CARTESIAN_POINT('',(59.4008565875007,104.,7.49999671349889));
#10751=CARTESIAN_POINT('',(59.4008565875007,104.,7.49999671349889));
#10752=CARTESIAN_POINT('',(59.9782037394964,104.,8.49999811088029));
#10753=CARTESIAN_POINT('',(50.1407124785079,104.,-8.53915237892591));
#10754=CARTESIAN_POINT('',(59.9782037394964,100.,8.49999811088029));
#10755=CARTESIAN_POINT('',(59.9782037394964,104.,8.49999811088029));
#10756=CARTESIAN_POINT('',(59.4008565875007,100.,7.49999671349889));
#10757=CARTESIAN_POINT('Origin',(60.5555567774508,100.,7.50000011175871));
#10758=CARTESIAN_POINT('',(61.1329039294465,100.,8.50000150914011));
#10759=CARTESIAN_POINT('',(59.9782037394964,100.,8.49999811088029));
#10760=CARTESIAN_POINT('',(61.1329039294465,100.,8.50000150914011));
#10761=CARTESIAN_POINT('Origin',(61.7102569674009,104.,7.50000351001853));
#10762=CARTESIAN_POINT('',(61.1329039294465,104.,8.50000150914011));
#10763=CARTESIAN_POINT('',(61.1329039294465,104.,8.50000150914011));
#10764=CARTESIAN_POINT('',(61.7102569674009,104.,7.50000351001853));
#10765=CARTESIAN_POINT('',(55.120195014985,104.,18.9142480593367));
#10766=CARTESIAN_POINT('',(61.7102569674009,102.,7.50000351001853));
#10767=CARTESIAN_POINT('',(61.7102569674009,104.,7.50000351001853));
#10768=CARTESIAN_POINT('',(68.3703300960833,102.,-4.03550312952929));
#10769=CARTESIAN_POINT('Origin',(59.4008565875007,104.,7.49999671349889));
#10770=CARTESIAN_POINT('',(59.9782096254551,102.,6.49999871437731));
#10771=CARTESIAN_POINT('',(66.3496062351603,102.,-4.53550892560972));
#10772=CARTESIAN_POINT('',(59.9782096254551,104.,6.49999871437731));
#10773=CARTESIAN_POINT('',(59.9782096254551,104.,6.49999871437731));
#10774=CARTESIAN_POINT('',(53.099471154062,104.,18.4142422632563));
#10775=CARTESIAN_POINT('Origin',(61.1329039294465,104.,8.50000150914011));
#10776=CARTESIAN_POINT('',(28.566439442436,104.,8.49990566667925));
#10777=CARTESIAN_POINT('Origin',(61.1329098154051,104.,6.50000211263713));
#10778=CARTESIAN_POINT('',(61.1329098154051,102.,6.50000211263713));
#10779=CARTESIAN_POINT('',(64.8339570497753,102.,12.9104475324358));
#10780=CARTESIAN_POINT('',(61.1329098154051,104.,6.50000211263713));
#10781=CARTESIAN_POINT('',(51.5840921304145,104.,-10.0391476784784));
#10782=CARTESIAN_POINT('',(61.1329098154051,104.,6.50000211263713));
#10783=CARTESIAN_POINT('Origin',(59.9782096254551,104.,6.49999871437731));
#10784=CARTESIAN_POINT('',(80.9890952329606,102.,6.50006054899814));
#10785=CARTESIAN_POINT('',(27.9890952334196,104.,6.49990457104627));
#10786=CARTESIAN_POINT('Origin',(53.4880347451786,104.,2.50000351001853));
#10787=CARTESIAN_POINT('',(52.9106817072243,102.,3.50000150914011));
#10788=CARTESIAN_POINT('',(53.4880347451786,102.,2.50000351001853));
#10789=CARTESIAN_POINT('',(60.0933606961905,102.,-8.94067888070907));
#10790=CARTESIAN_POINT('',(52.9106817072243,104.,3.50000150914011));
#10791=CARTESIAN_POINT('',(52.9106817072243,104.,3.50000150914011));
#10792=CARTESIAN_POINT('',(53.4880347451786,104.,2.50000351001853));
#10793=CARTESIAN_POINT('',(46.8432256150923,104.,14.009072308157));
#10794=CARTESIAN_POINT('',(53.4880347451786,104.,2.50000351001853));
#10795=CARTESIAN_POINT('Origin',(52.9106875931829,104.,1.50000211263713));
#10796=CARTESIAN_POINT('',(52.9106875931829,102.,1.50000211263713));
#10797=CARTESIAN_POINT('',(58.7220302033642,102.,11.5656111846752));
#10798=CARTESIAN_POINT('',(52.9106875931829,104.,1.50000211263713));
#10799=CARTESIAN_POINT('',(45.4721652840034,104.,-11.3839840262389));
#10800=CARTESIAN_POINT('',(52.9106875931829,104.,1.50000211263713));
#10801=CARTESIAN_POINT('Origin',(51.7559874032328,104.,1.49999871437731));
#10802=CARTESIAN_POINT('',(51.7559874032328,102.,1.49999871437731));
#10803=CARTESIAN_POINT('',(76.8779914792644,102.,1.50007264793849));
#10804=CARTESIAN_POINT('',(51.7559874032328,104.,1.49999871437731));
#10805=CARTESIAN_POINT('',(23.8779914797234,104.,1.49991666998662));
#10806=CARTESIAN_POINT('',(51.7559874032328,104.,1.49999871437731));
#10807=CARTESIAN_POINT('Origin',(51.1786343652785,104.,2.49999671349889));
#10808=CARTESIAN_POINT('',(51.1786343652785,102.,2.49999671349889));
#10809=CARTESIAN_POINT('',(58.0726368352676,102.,-9.44068467678949));
#10810=CARTESIAN_POINT('',(51.1786343652785,104.,2.49999671349889));
#10811=CARTESIAN_POINT('',(44.8225017541693,104.,13.5090665120765));
#10812=CARTESIAN_POINT('',(51.1786343652785,104.,2.49999671349889));
#10813=CARTESIAN_POINT('Origin',(51.7559815172742,104.,3.49999811088029));
#10814=CARTESIAN_POINT('',(51.7559815172742,102.,3.49999811088029));
#10815=CARTESIAN_POINT('',(57.2786505514576,102.,13.0656064842277));
#10816=CARTESIAN_POINT('',(51.7559815172742,104.,3.49999811088029));
#10817=CARTESIAN_POINT('',(44.0287856320968,104.,-9.88398872668649));
#10818=CARTESIAN_POINT('',(51.7559815172742,104.,3.49999811088029));
#10819=CARTESIAN_POINT('Origin',(52.9106817072243,104.,3.50000150914011));
#10820=CARTESIAN_POINT('',(77.4553356882808,102.,3.5000737435713));
#10821=CARTESIAN_POINT('',(24.4553356887398,104.,3.49991776561959));
#10822=CARTESIAN_POINT('Origin',(35.3115370728297,104.,8.49999811088029));
#10823=CARTESIAN_POINT('',(34.734189920834,102.,7.49999671349889));
#10824=CARTESIAN_POINT('',(41.8072126306759,102.,19.7509146735217));
#10825=CARTESIAN_POINT('',(34.734189920834,104.,7.49999671349889));
#10826=CARTESIAN_POINT('',(34.734189920834,104.,7.49999671349889));
#10827=CARTESIAN_POINT('',(35.3115370728297,104.,8.49999811088029));
#10828=CARTESIAN_POINT('',(28.5573477113151,104.,-3.19868053739243));
#10829=CARTESIAN_POINT('',(35.3115370728297,100.,8.49999811088029));
#10830=CARTESIAN_POINT('',(35.3115370728297,104.,8.49999811088029));
#10831=CARTESIAN_POINT('',(34.734189920834,100.,7.49999671349889));
#10832=CARTESIAN_POINT('Origin',(35.8888901107841,100.,7.50000011175871));
#10833=CARTESIAN_POINT('',(36.4662372627798,100.,8.50000150914011));
#10834=CARTESIAN_POINT('',(35.3115370728297,100.,8.49999811088029));
#10835=CARTESIAN_POINT('',(36.4662372627798,100.,8.50000150914011));
#10836=CARTESIAN_POINT('Origin',(37.0435903007342,104.,7.50000351001853));
#10837=CARTESIAN_POINT('',(36.4662372627798,104.,8.50000150914011));
#10838=CARTESIAN_POINT('',(36.4662372627798,104.,8.50000150914011));
#10839=CARTESIAN_POINT('',(37.0435903007342,104.,7.50000351001853));
#10840=CARTESIAN_POINT('',(33.5368931156179,104.,13.5737399210472));
#10841=CARTESIAN_POINT('',(37.0435903007342,102.,7.50000351001853));
#10842=CARTESIAN_POINT('',(37.0435903007342,104.,7.50000351001853));
#10843=CARTESIAN_POINT('',(46.7870281967162,102.,-9.37601126781887));
#10844=CARTESIAN_POINT('Origin',(34.734189920834,104.,7.49999671349889));
#10845=CARTESIAN_POINT('',(35.3115429587884,102.,6.49999871437731));
#10846=CARTESIAN_POINT('',(44.7663043357932,102.,-9.87601706389929));
#10847=CARTESIAN_POINT('',(35.3115429587884,104.,6.49999871437731));
#10848=CARTESIAN_POINT('',(35.3115429587884,104.,6.49999871437731));
#10849=CARTESIAN_POINT('',(31.516169254695,104.,13.0737341249667));
#10850=CARTESIAN_POINT('Origin',(36.4662372627798,104.,8.50000150914011));
#10851=CARTESIAN_POINT('',(16.2331061089958,104.,8.49994196343531));
#10852=CARTESIAN_POINT('Origin',(36.4662431487385,104.,6.50000211263713));
#10853=CARTESIAN_POINT('',(36.4662431487385,102.,6.50000211263713));
#10854=CARTESIAN_POINT('',(43.2505922825825,102.,18.2509193739693));
#10855=CARTESIAN_POINT('',(36.4662431487385,104.,6.50000211263713));
#10856=CARTESIAN_POINT('',(30.0007273632217,104.,-4.69867583694489));
#10857=CARTESIAN_POINT('',(36.4662431487385,104.,6.50000211263713));
#10858=CARTESIAN_POINT('Origin',(35.3115429587884,104.,6.49999871437731));
#10859=CARTESIAN_POINT('',(68.6557618995204,102.,6.50009684575423));
#10860=CARTESIAN_POINT('',(15.6557618999794,104.,6.49994086780237));
#10861=CARTESIAN_POINT('Origin',(18.8670926283853,104.,8.49999811088029));
#10862=CARTESIAN_POINT('',(18.2897454763896,102.,7.49999671349889));
#10863=CARTESIAN_POINT('',(27.4183027858807,102.,23.311229234544));
#10864=CARTESIAN_POINT('',(18.2897454763896,104.,7.49999671349889));
#10865=CARTESIAN_POINT('',(18.2897454763896,104.,7.49999671349889));
#10866=CARTESIAN_POINT('',(18.8670926283853,104.,8.49999811088029));
#10867=CARTESIAN_POINT('',(14.1684378665199,104.,0.361634023629893));
#10868=CARTESIAN_POINT('',(18.8670926283853,100.,8.49999811088029));
#10869=CARTESIAN_POINT('',(18.8670926283853,104.,8.49999811088029));
#10870=CARTESIAN_POINT('',(18.2897454763896,100.,7.49999671349889));
#10871=CARTESIAN_POINT('Origin',(19.4444456663397,100.,7.50000011175871));
#10872=CARTESIAN_POINT('',(20.0217928183354,100.,8.50000150914011));
#10873=CARTESIAN_POINT('',(18.8670926283853,100.,8.49999811088029));
#10874=CARTESIAN_POINT('',(20.0217928183354,100.,8.50000150914011));
#10875=CARTESIAN_POINT('Origin',(20.5991458562897,104.,7.50000351001853));
#10876=CARTESIAN_POINT('',(20.0217928183354,104.,8.50000150914011));
#10877=CARTESIAN_POINT('',(20.0217928183354,104.,8.50000150914011));
#10878=CARTESIAN_POINT('',(20.5991458562897,104.,7.50000351001853));
#10879=CARTESIAN_POINT('',(19.1480251827066,104.,10.0134011621874));
#10880=CARTESIAN_POINT('',(20.5991458562897,102.,7.50000351001853));
#10881=CARTESIAN_POINT('',(20.5991458562897,104.,7.50000351001853));
#10882=CARTESIAN_POINT('',(32.3981602638049,102.,-12.9363500266786));
#10883=CARTESIAN_POINT('Origin',(18.2897454763896,104.,7.49999671349889));
#10884=CARTESIAN_POINT('',(18.8670985143439,102.,6.49999871437731));
#10885=CARTESIAN_POINT('',(30.3774364028819,102.,-13.436355822759));
#10886=CARTESIAN_POINT('',(18.8670985143439,104.,6.49999871437731));
#10887=CARTESIAN_POINT('',(18.8670985143439,104.,6.49999871437731));
#10888=CARTESIAN_POINT('',(17.1273013217836,104.,9.513395366107));
#10889=CARTESIAN_POINT('Origin',(20.0217928183354,104.,8.50000150914011));
#10890=CARTESIAN_POINT('',(8.01088388670239,104.,8.49996616127268));
#10891=CARTESIAN_POINT('Origin',(20.021798704294,104.,6.50000211263713));
#10892=CARTESIAN_POINT('',(20.021798704294,102.,6.50000211263713));
#10893=CARTESIAN_POINT('',(28.8616824377873,102.,21.8112339349916));
#10894=CARTESIAN_POINT('',(20.021798704294,104.,6.50000211263713));
#10895=CARTESIAN_POINT('',(15.6118175184265,104.,-1.13836127592256));
#10896=CARTESIAN_POINT('',(20.021798704294,104.,6.50000211263713));
#10897=CARTESIAN_POINT('Origin',(18.8670985143439,104.,6.49999871437731));
#10898=CARTESIAN_POINT('',(60.433539677227,102.,6.50012104359163));
#10899=CARTESIAN_POINT('',(7.43353967768601,104.,6.49996506563976));
#10900=CARTESIAN_POINT('Origin',(2.42264818394084,104.,8.49999811088029));
#10901=CARTESIAN_POINT('',(1.84530103194513,102.,7.49999671349889));
#10902=CARTESIAN_POINT('',(13.0293929410855,102.,26.8715437955664));
#10903=CARTESIAN_POINT('',(1.84530103194513,104.,7.49999671349889));
#10904=CARTESIAN_POINT('',(1.84530103194513,104.,7.49999671349889));
#10905=CARTESIAN_POINT('',(2.42264818394084,104.,8.49999811088029));
#10906=CARTESIAN_POINT('',(-0.220471978275277,104.,3.92194858465221));
#10907=CARTESIAN_POINT('',(2.42264818394084,100.,8.49999811088029));
#10908=CARTESIAN_POINT('',(2.42264818394084,104.,8.49999811088029));
#10909=CARTESIAN_POINT('',(1.84530103194513,100.,7.49999671349889));
#10910=CARTESIAN_POINT('Origin',(3.00000122189521,100.,7.50000011175871));
#10911=CARTESIAN_POINT('',(3.57734837389092,100.,8.50000150914011));
#10912=CARTESIAN_POINT('',(2.42264818394084,100.,8.49999811088029));
#10913=CARTESIAN_POINT('',(3.57734837389092,100.,8.50000150914011));
#10914=CARTESIAN_POINT('Origin',(4.1547014118453,104.,7.50000351001853));
#10915=CARTESIAN_POINT('',(3.57734837389092,104.,8.50000150914011));
#10916=CARTESIAN_POINT('',(3.57734837389092,104.,8.50000150914011));
#10917=CARTESIAN_POINT('',(4.1547014118453,104.,7.50000351001853));
#10918=CARTESIAN_POINT('',(4.7591572497952,104.,6.45306240332773));
#10919=CARTESIAN_POINT('',(4.1547014118453,102.,7.50000351001853));
#10920=CARTESIAN_POINT('',(4.1547014118453,104.,7.50000351001853));
#10921=CARTESIAN_POINT('',(18.0092923308935,102.,-16.4966887855383));
#10922=CARTESIAN_POINT('Origin',(1.84530103194513,104.,7.49999671349889));
#10923=CARTESIAN_POINT('',(2.42265406989951,102.,6.49999871437731));
#10924=CARTESIAN_POINT('',(15.9885684699705,102.,-16.9966945816187));
#10925=CARTESIAN_POINT('',(2.42265406989951,104.,6.49999871437731));
#10926=CARTESIAN_POINT('',(2.42265406989951,104.,6.49999871437731));
#10927=CARTESIAN_POINT('',(2.73843338887222,104.,5.95305660724729));
#10928=CARTESIAN_POINT('Origin',(3.57734837389092,104.,8.50000150914011));
#10929=CARTESIAN_POINT('',(-0.211338335591043,104.,8.49999035911006));
#10930=CARTESIAN_POINT('Origin',(3.57735425984959,104.,6.50000211263713));
#10931=CARTESIAN_POINT('',(3.57735425984959,102.,6.50000211263713));
#10932=CARTESIAN_POINT('',(14.4727725929921,102.,25.3715484960139));
#10933=CARTESIAN_POINT('',(3.57735425984959,104.,6.50000211263713));
#10934=CARTESIAN_POINT('',(1.22290767363133,104.,2.42195328509976));
#10935=CARTESIAN_POINT('',(3.57735425984959,104.,6.50000211263713));
#10936=CARTESIAN_POINT('Origin',(2.42265406989951,104.,6.49999871437731));
#10937=CARTESIAN_POINT('',(52.2113174549335,102.,6.50014524142902));
#10938=CARTESIAN_POINT('',(-0.788682544607426,104.,6.49998926347716));
#10939=CARTESIAN_POINT('Origin',(10.6448704061631,104.,8.49999811088029));
#10940=CARTESIAN_POINT('',(10.0675232541673,102.,7.49999671349889));
#10941=CARTESIAN_POINT('',(20.2238478634831,102.,25.0913865150552));
#10942=CARTESIAN_POINT('',(10.0675232541673,104.,7.49999671349889));
#10943=CARTESIAN_POINT('',(10.0675232541673,104.,7.49999671349889));
#10944=CARTESIAN_POINT('',(10.6448704061631,104.,8.49999811088029));
#10945=CARTESIAN_POINT('',(6.97398294412231,104.,2.14179130414105));
#10946=CARTESIAN_POINT('',(10.6448704061631,100.,8.49999811088029));
#10947=CARTESIAN_POINT('',(10.6448704061631,104.,8.49999811088029));
#10948=CARTESIAN_POINT('',(10.0675232541673,100.,7.49999671349889));
#10949=CARTESIAN_POINT('Origin',(11.2222234441174,100.,7.50000011175871));
#10950=CARTESIAN_POINT('',(11.7995705961131,100.,8.50000150914011));
#10951=CARTESIAN_POINT('',(10.6448704061631,100.,8.49999811088029));
#10952=CARTESIAN_POINT('',(11.7995705961131,100.,8.50000150914011));
#10953=CARTESIAN_POINT('Origin',(12.3769236340675,104.,7.50000351001853));
#10954=CARTESIAN_POINT('',(11.7995705961131,104.,8.50000150914011));
#10955=CARTESIAN_POINT('',(11.7995705961131,104.,8.50000150914011));
#10956=CARTESIAN_POINT('',(12.3769236340675,104.,7.50000351001853));
#10957=CARTESIAN_POINT('',(11.9535912162509,104.,8.23323178275759));
#10958=CARTESIAN_POINT('',(12.3769236340675,102.,7.50000351001853));
#10959=CARTESIAN_POINT('',(12.3769236340675,104.,7.50000351001853));
#10960=CARTESIAN_POINT('',(25.2037262973492,102.,-14.7165194061084));
#10961=CARTESIAN_POINT('Origin',(10.0675232541673,104.,7.49999671349889));
#10962=CARTESIAN_POINT('',(10.6448762921217,102.,6.49999871437731));
#10963=CARTESIAN_POINT('',(23.1830024364262,102.,-15.2165252021889));
#10964=CARTESIAN_POINT('',(10.6448762921217,104.,6.49999871437731));
#10965=CARTESIAN_POINT('',(10.6448762921217,104.,6.49999871437731));
#10966=CARTESIAN_POINT('',(9.93286735532791,104.,7.73322598667714));
#10967=CARTESIAN_POINT('Origin',(11.7995705961131,104.,8.50000150914011));
#10968=CARTESIAN_POINT('',(3.89977277555567,104.,8.49997826019137));
#10969=CARTESIAN_POINT('Origin',(11.7995764820718,104.,6.50000211263713));
#10970=CARTESIAN_POINT('',(11.7995764820718,102.,6.50000211263713));
#10971=CARTESIAN_POINT('',(21.6672275153897,102.,23.5913912155028));
#10972=CARTESIAN_POINT('',(11.7995764820718,104.,6.50000211263713));
#10973=CARTESIAN_POINT('',(8.41736259602892,104.,0.641796004588597));
#10974=CARTESIAN_POINT('',(11.7995764820718,104.,6.50000211263713));
#10975=CARTESIAN_POINT('Origin',(10.6448762921217,104.,6.49999871437731));
#10976=CARTESIAN_POINT('',(56.3224285660802,102.,6.50013314251033));
#10977=CARTESIAN_POINT('',(3.32242856653929,104.,6.49997716455846));
#10978=CARTESIAN_POINT('Origin',(27.0893148506075,104.,8.49999811088029));
#10979=CARTESIAN_POINT('',(26.5119676986118,102.,7.49999671349889));
#10980=CARTESIAN_POINT('',(34.6127577082783,102.,21.5310719540329));
#10981=CARTESIAN_POINT('',(26.5119676986118,104.,7.49999671349889));
#10982=CARTESIAN_POINT('',(26.5119676986118,104.,7.49999671349889));
#10983=CARTESIAN_POINT('',(27.0893148506075,104.,8.49999811088029));
#10984=CARTESIAN_POINT('',(21.3628927889175,104.,-1.41852325688127));
#10985=CARTESIAN_POINT('',(27.0893148506075,100.,8.49999811088029));
#10986=CARTESIAN_POINT('',(27.0893148506075,104.,8.49999811088029));
#10987=CARTESIAN_POINT('',(26.5119676986118,100.,7.49999671349889));
#10988=CARTESIAN_POINT('Origin',(27.6666678885619,100.,7.50000011175871));
#10989=CARTESIAN_POINT('',(28.2440150405576,100.,8.50000150914011));
#10990=CARTESIAN_POINT('',(27.0893148506075,100.,8.49999811088029));
#10991=CARTESIAN_POINT('',(28.2440150405576,100.,8.50000150914011));
#10992=CARTESIAN_POINT('Origin',(28.821368078512,104.,7.50000351001853));
#10993=CARTESIAN_POINT('',(28.2440150405576,104.,8.50000150914011));
#10994=CARTESIAN_POINT('',(28.2440150405576,104.,8.50000150914011));
#10995=CARTESIAN_POINT('',(28.821368078512,104.,7.50000351001853));
#10996=CARTESIAN_POINT('',(26.3424591491623,104.,11.7935705416173));
#10997=CARTESIAN_POINT('',(28.821368078512,102.,7.50000351001853));
#10998=CARTESIAN_POINT('',(28.821368078512,104.,7.50000351001853));
#10999=CARTESIAN_POINT('',(39.5925942302606,102.,-11.1561806472487));
#11000=CARTESIAN_POINT('Origin',(26.5119676986118,104.,7.49999671349889));
#11001=CARTESIAN_POINT('',(27.0893207365662,102.,6.49999871437731));
#11002=CARTESIAN_POINT('',(37.5718703693376,102.,-11.6561864433292));
#11003=CARTESIAN_POINT('',(27.0893207365662,104.,6.49999871437731));
#11004=CARTESIAN_POINT('',(27.0893207365662,104.,6.49999871437731));
#11005=CARTESIAN_POINT('',(24.3217352882393,104.,11.2935647455369));
#11006=CARTESIAN_POINT('Origin',(28.2440150405576,104.,8.50000150914011));
#11007=CARTESIAN_POINT('',(12.1219949978491,104.,8.499954062354));
#11008=CARTESIAN_POINT('Origin',(28.2440209265163,104.,6.50000211263713));
#11009=CARTESIAN_POINT('',(28.2440209265163,102.,6.50000211263713));
#11010=CARTESIAN_POINT('',(36.0561373601849,102.,20.0310766544804));
#11011=CARTESIAN_POINT('',(28.2440209265163,104.,6.50000211263713));
#11012=CARTESIAN_POINT('',(22.8062724408241,104.,-2.91851855643373));
#11013=CARTESIAN_POINT('',(28.2440209265163,104.,6.50000211263713));
#11014=CARTESIAN_POINT('Origin',(27.0893207365662,104.,6.49999871437731));
#11015=CARTESIAN_POINT('',(64.5446507883737,102.,6.50010894467293));
#11016=CARTESIAN_POINT('',(11.5446507888327,104.,6.49995296672106));
#11017=CARTESIAN_POINT('Origin',(43.5337592950519,104.,8.49999811088029));
#11018=CARTESIAN_POINT('',(42.9564121430562,102.,7.49999671349889));
#11019=CARTESIAN_POINT('',(49.0016675530735,102.,17.9707573930106));
#11020=CARTESIAN_POINT('',(42.9564121430562,104.,7.49999671349889));
#11021=CARTESIAN_POINT('',(42.9564121430562,104.,7.49999671349889));
#11022=CARTESIAN_POINT('',(43.5337592950519,104.,8.49999811088029));
#11023=CARTESIAN_POINT('',(35.7518026337127,104.,-4.97883781790359));
#11024=CARTESIAN_POINT('',(43.5337592950519,100.,8.49999811088029));
#11025=CARTESIAN_POINT('',(43.5337592950519,104.,8.49999811088029));
#11026=CARTESIAN_POINT('',(42.9564121430562,100.,7.49999671349889));
#11027=CARTESIAN_POINT('Origin',(44.1111123330063,100.,7.50000011175871));
#11028=CARTESIAN_POINT('',(44.688459485002,100.,8.50000150914011));
#11029=CARTESIAN_POINT('',(43.5337592950519,100.,8.49999811088029));
#11030=CARTESIAN_POINT('',(44.688459485002,100.,8.50000150914011));
#11031=CARTESIAN_POINT('Origin',(45.2658125229564,104.,7.50000351001853));
#11032=CARTESIAN_POINT('',(44.688459485002,104.,8.50000150914011));
#11033=CARTESIAN_POINT('',(44.688459485002,104.,8.50000150914011));
#11034=CARTESIAN_POINT('',(45.2658125229564,104.,7.50000351001853));
#11035=CARTESIAN_POINT('',(40.7313270820736,104.,15.353909300477));
#11036=CARTESIAN_POINT('',(45.2658125229564,102.,7.50000351001853));
#11037=CARTESIAN_POINT('',(45.2658125229564,104.,7.50000351001853));
#11038=CARTESIAN_POINT('',(53.9814621631719,102.,-7.59584188838901));
#11039=CARTESIAN_POINT('Origin',(42.9564121430562,104.,7.49999671349889));
#11040=CARTESIAN_POINT('',(43.5337651810106,102.,6.49999871437731));
#11041=CARTESIAN_POINT('',(51.9607383022489,102.,-8.09584768446943));
#11042=CARTESIAN_POINT('',(43.5337651810106,104.,6.49999871437731));
#11043=CARTESIAN_POINT('',(43.5337651810106,104.,6.49999871437731));
#11044=CARTESIAN_POINT('',(38.7106032211507,104.,14.8539035043966));
#11045=CARTESIAN_POINT('Origin',(44.688459485002,104.,8.50000150914011));
#11046=CARTESIAN_POINT('',(20.3442172201425,104.,8.49992986451663));
#11047=CARTESIAN_POINT('Origin',(44.6884653709607,104.,6.50000211263713));
#11048=CARTESIAN_POINT('',(44.6884653709607,102.,6.50000211263713));
#11049=CARTESIAN_POINT('',(50.4450472049801,102.,16.4707620934581));
#11050=CARTESIAN_POINT('',(44.6884653709607,104.,6.50000211263713));
#11051=CARTESIAN_POINT('',(37.1951822856193,104.,-6.47883311745605));
#11052=CARTESIAN_POINT('',(44.6884653709607,104.,6.50000211263713));
#11053=CARTESIAN_POINT('Origin',(43.5337651810106,104.,6.49999871437731));
#11054=CARTESIAN_POINT('',(72.7668730106671,102.,6.50008474683553));
#11055=CARTESIAN_POINT('',(19.7668730111262,104.,6.49992876888367));
#11056=CARTESIAN_POINT('Origin',(69.9324791896231,104.,2.50000351001853));
#11057=CARTESIAN_POINT('',(69.3551261516687,102.,3.50000150914011));
#11058=CARTESIAN_POINT('',(69.9324791896231,102.,2.50000351001853));
#11059=CARTESIAN_POINT('',(74.4822286291019,102.,-5.38034012184935));
#11060=CARTESIAN_POINT('',(69.3551261516687,104.,3.50000150914011));
#11061=CARTESIAN_POINT('',(69.3551261516687,104.,3.50000150914011));
#11062=CARTESIAN_POINT('',(69.9324791896231,104.,2.50000351001853));
#11063=CARTESIAN_POINT('',(61.2320935480036,104.,17.5694110670167));
#11064=CARTESIAN_POINT('',(69.9324791896231,104.,2.50000351001853));
#11065=CARTESIAN_POINT('Origin',(69.3551320376274,104.,1.50000211263713));
#11066=CARTESIAN_POINT('',(69.3551320376274,102.,1.50000211263713));
#11067=CARTESIAN_POINT('',(73.1109400481594,102.,8.00529662365289));
#11068=CARTESIAN_POINT('',(69.3551320376274,104.,1.50000211263713));
#11069=CARTESIAN_POINT('',(59.8610751287986,104.,-14.9442985872613));
#11070=CARTESIAN_POINT('',(69.3551320376274,104.,1.50000211263713));
#11071=CARTESIAN_POINT('Origin',(68.2004318476773,104.,1.49999871437731));
#11072=CARTESIAN_POINT('',(68.2004318476773,102.,1.49999871437731));
#11073=CARTESIAN_POINT('',(85.1002137015578,102.,1.50004845010109));
#11074=CARTESIAN_POINT('',(68.2004318476773,104.,1.49999871437731));
#11075=CARTESIAN_POINT('',(32.1002137020169,104.,1.49989247214923));
#11076=CARTESIAN_POINT('',(68.2004318476773,104.,1.49999871437731));
#11077=CARTESIAN_POINT('Origin',(67.6230788097229,104.,2.49999671349889));
#11078=CARTESIAN_POINT('',(67.6230788097229,102.,2.49999671349889));
#11079=CARTESIAN_POINT('',(72.4615047681789,102.,-5.88034591792978));
#11080=CARTESIAN_POINT('',(67.6230788097229,104.,2.49999671349889));
#11081=CARTESIAN_POINT('',(59.2113696870807,104.,17.0694052709362));
#11082=CARTESIAN_POINT('',(67.6230788097229,104.,2.49999671349889));
#11083=CARTESIAN_POINT('Origin',(68.2004259617186,104.,3.49999811088029));
#11084=CARTESIAN_POINT('',(68.2004259617186,102.,3.49999811088029));
#11085=CARTESIAN_POINT('',(71.6675603962528,102.,9.50529192320534));
#11086=CARTESIAN_POINT('',(68.2004259617186,104.,3.49999811088029));
#11087=CARTESIAN_POINT('',(58.417695476892,104.,-13.4443032877088));
#11088=CARTESIAN_POINT('',(68.2004259617186,104.,3.49999811088029));
#11089=CARTESIAN_POINT('Origin',(69.3551261516687,104.,3.50000150914011));
#11090=CARTESIAN_POINT('',(85.6775579105742,102.,3.50004954573393));
#11091=CARTESIAN_POINT('',(32.6775579110333,104.,3.49989356778222));
#11092=CARTESIAN_POINT('Origin',(76.4226481839408,104.,8.49999811088029));
#11093=CARTESIAN_POINT('',(75.8453010319451,102.,7.49999671349889));
#11094=CARTESIAN_POINT('',(77.7794872426638,102.,10.8501282709659));
#11095=CARTESIAN_POINT('',(75.8453010319451,104.,7.49999671349889));
#11096=CARTESIAN_POINT('',(75.8453010319451,104.,7.49999671349889));
#11097=CARTESIAN_POINT('',(76.4226481839408,104.,8.49999811088029));
#11098=CARTESIAN_POINT('',(64.5296223233031,104.,-12.0994669399482));
#11099=CARTESIAN_POINT('',(76.4226481839408,100.,8.49999811088029));
#11100=CARTESIAN_POINT('',(76.4226481839408,104.,8.49999811088029));
#11101=CARTESIAN_POINT('',(75.8453010319451,100.,7.49999671349889));
#11102=CARTESIAN_POINT('Origin',(77.0000012218952,100.,7.50000011175871));
#11103=CARTESIAN_POINT('',(77.5773483738909,100.,8.50000150914011));
#11104=CARTESIAN_POINT('',(76.4226481839408,100.,8.49999811088029));
#11105=CARTESIAN_POINT('',(77.5773483738909,100.,8.50000150914011));
#11106=CARTESIAN_POINT('Origin',(78.1547014118453,104.,7.50000351001853));
#11107=CARTESIAN_POINT('',(77.5773483738909,104.,8.50000150914011));
#11108=CARTESIAN_POINT('',(77.5773483738909,104.,8.50000150914011));
#11109=CARTESIAN_POINT('',(78.1547014118453,104.,7.50000351001853));
#11110=CARTESIAN_POINT('',(69.5090629478964,104.,22.4745868181965));
#11111=CARTESIAN_POINT('',(78.1547014118453,102.,7.50000351001853));
#11112=CARTESIAN_POINT('',(78.1547014118453,104.,7.50000351001853));
#11113=CARTESIAN_POINT('',(82.7591980289947,102.,-0.475164370669566));
#11114=CARTESIAN_POINT('Origin',(77.5773542598496,104.,6.50000211263713));
#11115=CARTESIAN_POINT('',(77.5773542598496,102.,6.50000211263713));
#11116=CARTESIAN_POINT('',(79.2228668945704,102.,9.35013297141347));
#11117=CARTESIAN_POINT('',(77.5773542598496,104.,6.50000211263713));
#11118=CARTESIAN_POINT('',(65.9730019752096,104.,-13.5994622395007));
#11119=CARTESIAN_POINT('',(77.5773542598496,104.,6.50000211263713));
#11120=CARTESIAN_POINT('Origin',(76.4226540698995,104.,6.49999871437731));
#11121=CARTESIAN_POINT('',(76.4226540698995,102.,6.49999871437731));
#11122=CARTESIAN_POINT('',(89.211317455254,102.,6.50003635116074));
#11123=CARTESIAN_POINT('',(76.4226540698995,104.,6.49999871437731));
#11124=CARTESIAN_POINT('',(36.211317455713,104.,6.49988037320888));
#11125=CARTESIAN_POINT('',(76.4226540698995,104.,6.49999871437731));
#11126=CARTESIAN_POINT('Origin',(75.8453010319451,104.,7.49999671349889));
#11127=CARTESIAN_POINT('',(80.7384741680717,102.,-0.975170166749999));
#11128=CARTESIAN_POINT('',(67.4883390869734,104.,21.974581022116));
#11129=CARTESIAN_POINT('Origin',(77.5773483738909,104.,8.50000150914011));
#11130=CARTESIAN_POINT('',(36.7886616647294,104.,8.49988146884188));
#11131=CARTESIAN_POINT('Origin',(78.1547014118453,104.,2.50000351001853));
#11132=CARTESIAN_POINT('',(77.5773483738909,102.,3.50000150914011));
#11133=CARTESIAN_POINT('',(78.1547014118453,102.,2.50000351001853));
#11134=CARTESIAN_POINT('',(81.6766625955576,102.,-3.60017074241949));
#11135=CARTESIAN_POINT('',(77.5773483738909,104.,3.50000150914011));
#11136=CARTESIAN_POINT('',(77.5773483738909,104.,3.50000150914011));
#11137=CARTESIAN_POINT('',(78.1547014118453,104.,2.50000351001853));
#11138=CARTESIAN_POINT('',(68.4265275144593,104.,19.3495804464466));
#11139=CARTESIAN_POINT('',(78.1547014118453,104.,2.50000351001853));
#11140=CARTESIAN_POINT('Origin',(77.5773542598496,104.,1.50000211263713));
#11141=CARTESIAN_POINT('',(77.5773542598496,102.,1.50000211263713));
#11142=CARTESIAN_POINT('',(80.305394970557,102.,6.22513934314173));
#11143=CARTESIAN_POINT('',(77.5773542598496,104.,1.50000211263713));
#11144=CARTESIAN_POINT('',(67.0555300511962,104.,-16.7244558677724));
#11145=CARTESIAN_POINT('',(77.5773542598496,104.,1.50000211263713));
#11146=CARTESIAN_POINT('Origin',(76.4226540698995,104.,1.49999871437731));
#11147=CARTESIAN_POINT('',(76.4226540698995,102.,1.49999871437731));
#11148=CARTESIAN_POINT('',(89.2113248127046,102.,1.50003635118239));
#11149=CARTESIAN_POINT('',(76.4226540698995,104.,1.49999871437731));
#11150=CARTESIAN_POINT('',(36.2113248131636,104.,1.49988037323053));
#11151=CARTESIAN_POINT('',(76.4226540698995,104.,1.49999871437731));
#11152=CARTESIAN_POINT('Origin',(75.8453010319451,104.,2.49999671349889));
#11153=CARTESIAN_POINT('',(75.8453010319451,102.,2.49999671349889));
#11154=CARTESIAN_POINT('',(79.6559387346346,102.,-4.10017653849992));
#11155=CARTESIAN_POINT('',(75.8453010319451,104.,2.49999671349889));
#11156=CARTESIAN_POINT('',(66.4058036535364,104.,18.8495746503661));
#11157=CARTESIAN_POINT('',(75.8453010319451,104.,2.49999671349889));
#11158=CARTESIAN_POINT('Origin',(76.4226481839408,104.,3.49999811088029));
#11159=CARTESIAN_POINT('',(76.4226481839408,102.,3.49999811088029));
#11160=CARTESIAN_POINT('',(78.8620153186504,102.,7.72513464269418));
#11161=CARTESIAN_POINT('',(76.4226481839408,104.,3.49999811088029));
#11162=CARTESIAN_POINT('',(65.6121503992896,104.,-15.22446056822));
#11163=CARTESIAN_POINT('',(76.4226481839408,104.,3.49999811088029));
#11164=CARTESIAN_POINT('Origin',(77.5773483738909,104.,3.50000150914011));
#11165=CARTESIAN_POINT('',(89.7886690217209,102.,3.50003744681525));
#11166=CARTESIAN_POINT('',(36.78866902218,104.,3.49988146886353));
#11167=CARTESIAN_POINT('Origin',(51.7559815172742,104.,8.49999811088029));
#11168=CARTESIAN_POINT('',(51.1786343652785,102.,7.49999671349889));
#11169=CARTESIAN_POINT('',(56.196122475471,102.,16.1906001124994));
#11170=CARTESIAN_POINT('',(51.1786343652785,104.,7.49999671349889));
#11171=CARTESIAN_POINT('',(51.1786343652785,104.,7.49999671349889));
#11172=CARTESIAN_POINT('',(51.7559815172742,104.,8.49999811088029));
#11173=CARTESIAN_POINT('',(42.9462575561103,104.,-6.75899509841475));
#11174=CARTESIAN_POINT('',(51.7559815172742,100.,8.49999811088029));
#11175=CARTESIAN_POINT('',(51.7559815172742,104.,8.49999811088029));
#11176=CARTESIAN_POINT('',(51.1786343652785,100.,7.49999671349889));
#11177=CARTESIAN_POINT('Origin',(52.3333345552285,100.,7.50000011175871));
#11178=CARTESIAN_POINT('',(52.9106817072243,100.,8.50000150914011));
#11179=CARTESIAN_POINT('',(51.7559815172742,100.,8.49999811088029));
#11180=CARTESIAN_POINT('',(52.9106817072243,100.,8.50000150914011));
#11181=CARTESIAN_POINT('Origin',(53.4880347451786,104.,7.50000351001853));
#11182=CARTESIAN_POINT('',(52.9106817072243,104.,8.50000150914011));
#11183=CARTESIAN_POINT('',(52.9106817072243,104.,8.50000150914011));
#11184=CARTESIAN_POINT('',(53.4880347451786,104.,7.50000351001853));
#11185=CARTESIAN_POINT('',(47.9257610485293,104.,17.1340786799069));
#11186=CARTESIAN_POINT('',(53.4880347451786,102.,7.50000351001853));
#11187=CARTESIAN_POINT('',(53.4880347451786,104.,7.50000351001853));
#11188=CARTESIAN_POINT('',(61.1758961296276,102.,-5.81567250895915));
#11189=CARTESIAN_POINT('Origin',(51.1786343652785,104.,7.49999671349889));
#11190=CARTESIAN_POINT('',(51.7559874032328,102.,6.49999871437731));
#11191=CARTESIAN_POINT('',(59.1551722687046,102.,-6.31567830503957));
#11192=CARTESIAN_POINT('',(51.7559874032328,104.,6.49999871437731));
#11193=CARTESIAN_POINT('',(51.7559874032328,104.,6.49999871437731));
#11194=CARTESIAN_POINT('',(45.9050371876064,104.,16.6340728838264));
#11195=CARTESIAN_POINT('Origin',(52.9106817072243,104.,8.50000150914011));
#11196=CARTESIAN_POINT('',(24.4553283312893,104.,8.49991776559794));
#11197=CARTESIAN_POINT('Origin',(52.9106875931829,104.,6.50000211263713));
#11198=CARTESIAN_POINT('',(52.9106875931829,102.,6.50000211263713));
#11199=CARTESIAN_POINT('',(57.6395021273777,102.,14.690604812947));
#11200=CARTESIAN_POINT('',(52.9106875931829,104.,6.50000211263713));
#11201=CARTESIAN_POINT('',(44.3896372080169,104.,-8.25899039796721));
#11202=CARTESIAN_POINT('',(52.9106875931829,104.,6.50000211263713));
#11203=CARTESIAN_POINT('Origin',(51.7559874032328,104.,6.49999871437731));
#11204=CARTESIAN_POINT('',(76.8779841218138,102.,6.50007264791683));
#11205=CARTESIAN_POINT('',(23.8779841222729,104.,6.49991666996497));
#11206=CARTESIAN_POINT('Origin',(37.0435903007342,104.,2.50000351001853));
#11207=CARTESIAN_POINT('',(36.4662372627798,102.,3.50000150914011));
#11208=CARTESIAN_POINT('',(37.0435903007342,102.,2.50000351001853));
#11209=CARTESIAN_POINT('',(45.7044927632792,102.,-12.5010176395688));
#11210=CARTESIAN_POINT('',(36.4662372627798,104.,3.50000150914011));
#11211=CARTESIAN_POINT('',(36.4662372627798,104.,3.50000150914011));
#11212=CARTESIAN_POINT('',(37.0435903007342,104.,2.50000351001853));
#11213=CARTESIAN_POINT('',(32.4543576821809,104.,10.4487335492972));
#11214=CARTESIAN_POINT('',(37.0435903007342,104.,2.50000351001853));
#11215=CARTESIAN_POINT('Origin',(36.4662431487385,104.,1.50000211263713));
#11216=CARTESIAN_POINT('',(36.4662431487385,102.,1.50000211263713));
#11217=CARTESIAN_POINT('',(44.333120358569,102.,15.1259257456975));
#11218=CARTESIAN_POINT('',(36.4662431487385,104.,1.50000211263713));
#11219=CARTESIAN_POINT('',(31.0832554392082,104.,-7.82366946521662));
#11220=CARTESIAN_POINT('',(36.4662431487385,104.,1.50000211263713));
#11221=CARTESIAN_POINT('Origin',(35.3115429587884,104.,1.49999871437731));
#11222=CARTESIAN_POINT('',(35.3115429587884,102.,1.49999871437731));
#11223=CARTESIAN_POINT('',(68.655769256971,102.,1.50009684577588));
#11224=CARTESIAN_POINT('',(35.3115429587884,104.,1.49999871437731));
#11225=CARTESIAN_POINT('',(15.65576925743,104.,1.49994086782402));
#11226=CARTESIAN_POINT('',(35.3115429587884,104.,1.49999871437731));
#11227=CARTESIAN_POINT('Origin',(34.734189920834,104.,2.49999671349889));
#11228=CARTESIAN_POINT('',(34.734189920834,102.,2.49999671349889));
#11229=CARTESIAN_POINT('',(43.6837689023562,102.,-13.0010234356492));
#11230=CARTESIAN_POINT('',(34.734189920834,104.,2.49999671349889));
#11231=CARTESIAN_POINT('',(30.4336338212579,104.,9.9487277532168));
#11232=CARTESIAN_POINT('',(34.734189920834,104.,2.49999671349889));
#11233=CARTESIAN_POINT('Origin',(35.3115370728297,104.,3.49999811088029));
#11234=CARTESIAN_POINT('',(35.3115370728297,102.,3.49999811088029));
#11235=CARTESIAN_POINT('',(42.8897407066624,102.,16.62592104525));
#11236=CARTESIAN_POINT('',(35.3115370728297,104.,3.49999811088029));
#11237=CARTESIAN_POINT('',(29.6398757873016,104.,-6.32367416566416));
#11238=CARTESIAN_POINT('',(35.3115370728297,104.,3.49999811088029));
#11239=CARTESIAN_POINT('Origin',(36.4662372627798,104.,3.50000150914011));
#11240=CARTESIAN_POINT('',(69.2331134659873,102.,3.50009794140868));
#11241=CARTESIAN_POINT('',(16.2331134664464,104.,3.49994196345697));
#11242=CARTESIAN_POINT('Origin',(20.5991458562897,104.,2.50000351001853));
#11243=CARTESIAN_POINT('',(20.0217928183354,102.,3.50000150914011));
#11244=CARTESIAN_POINT('',(20.5991458562897,102.,2.50000351001853));
#11245=CARTESIAN_POINT('',(31.3156248303678,102.,-16.0613563984285));
#11246=CARTESIAN_POINT('',(20.0217928183354,104.,3.50000150914011));
#11247=CARTESIAN_POINT('',(20.0217928183354,104.,3.50000150914011));
#11248=CARTESIAN_POINT('',(20.5991458562897,104.,2.50000351001853));
#11249=CARTESIAN_POINT('',(18.0654897492695,104.,6.88839479043753));
#11250=CARTESIAN_POINT('',(20.5991458562897,104.,2.50000351001853));
#11251=CARTESIAN_POINT('Origin',(20.021798704294,104.,1.50000211263713));
#11252=CARTESIAN_POINT('',(20.021798704294,102.,1.50000211263713));
#11253=CARTESIAN_POINT('',(29.9442105137738,102.,18.6862403067199));
#11254=CARTESIAN_POINT('',(20.021798704294,104.,1.50000211263713));
#11255=CARTESIAN_POINT('',(16.694345594413,104.,-4.2633549041943));
#11256=CARTESIAN_POINT('',(20.021798704294,104.,1.50000211263713));
#11257=CARTESIAN_POINT('Origin',(18.8670985143439,104.,1.49999871437731));
#11258=CARTESIAN_POINT('',(18.8670985143439,102.,1.49999871437731));
#11259=CARTESIAN_POINT('',(60.4335470346775,102.,1.50012104361328));
#11260=CARTESIAN_POINT('',(18.8670985143439,104.,1.49999871437731));
#11261=CARTESIAN_POINT('',(7.43354703513657,104.,1.49996506566142));
#11262=CARTESIAN_POINT('',(18.8670985143439,104.,1.49999871437731));
#11263=CARTESIAN_POINT('Origin',(18.2897454763896,104.,2.49999671349889));
#11264=CARTESIAN_POINT('',(18.2897454763896,102.,2.49999671349889));
#11265=CARTESIAN_POINT('',(29.2949009694448,102.,-16.5613621945089));
#11266=CARTESIAN_POINT('',(18.2897454763896,104.,2.49999671349889));
#11267=CARTESIAN_POINT('',(16.0447658883465,104.,6.38838899435708));
#11268=CARTESIAN_POINT('',(18.2897454763896,104.,2.49999671349889));
#11269=CARTESIAN_POINT('Origin',(18.8670926283853,104.,3.49999811088029));
#11270=CARTESIAN_POINT('',(18.8670926283853,102.,3.49999811088029));
#11271=CARTESIAN_POINT('',(28.5008308618672,102.,20.1862356062723));
#11272=CARTESIAN_POINT('',(18.8670926283853,104.,3.49999811088029));
#11273=CARTESIAN_POINT('',(15.2509659425064,104.,-2.76335960464184));
#11274=CARTESIAN_POINT('',(18.8670926283853,104.,3.49999811088029));
#11275=CARTESIAN_POINT('Origin',(20.0217928183354,104.,3.50000150914011));
#11276=CARTESIAN_POINT('',(61.0108912436939,102.,3.50012213924605));
#11277=CARTESIAN_POINT('',(8.01089124415294,104.,3.49996616129434));
#11278=CARTESIAN_POINT('Origin',(4.1547014118453,104.,2.50000351001853));
#11279=CARTESIAN_POINT('',(3.57734837389092,102.,3.50000150914011));
#11280=CARTESIAN_POINT('',(4.1547014118453,102.,2.50000351001853));
#11281=CARTESIAN_POINT('',(16.9267568974564,102.,-19.6216951572882));
#11282=CARTESIAN_POINT('',(3.57734837389092,104.,3.50000150914011));
#11283=CARTESIAN_POINT('',(3.57734837389092,104.,3.50000150914011));
#11284=CARTESIAN_POINT('',(4.1547014118453,104.,2.50000351001853));
#11285=CARTESIAN_POINT('',(3.67662181635812,104.,3.32805603157781));
#11286=CARTESIAN_POINT('',(4.1547014118453,104.,2.50000351001853));
#11287=CARTESIAN_POINT('Origin',(3.57735425984959,104.,1.50000211263713));
#11288=CARTESIAN_POINT('',(3.57735425984959,102.,1.50000211263713));
#11289=CARTESIAN_POINT('',(15.5553006689786,102.,22.2465548677422));
#11290=CARTESIAN_POINT('',(3.57735425984959,104.,1.50000211263713));
#11291=CARTESIAN_POINT('',(2.30543574961785,104.,-0.703040343171977));
#11292=CARTESIAN_POINT('',(3.57735425984959,104.,1.50000211263713));
#11293=CARTESIAN_POINT('Origin',(2.42265406989951,104.,1.49999871437731));
#11294=CARTESIAN_POINT('',(2.42265406989951,102.,1.49999871437731));
#11295=CARTESIAN_POINT('',(52.2113248123841,102.,1.50014524145068));
#11296=CARTESIAN_POINT('',(2.42265406989951,104.,1.49999871437731));
#11297=CARTESIAN_POINT('',(-0.788675187156866,104.,1.49998926349881));
#11298=CARTESIAN_POINT('',(2.42265406989951,104.,1.49999871437731));
#11299=CARTESIAN_POINT('Origin',(1.84530103194513,104.,2.49999671349889));
#11300=CARTESIAN_POINT('',(1.84530103194513,102.,2.49999671349889));
#11301=CARTESIAN_POINT('',(14.9060330365334,102.,-20.1217009533686));
#11302=CARTESIAN_POINT('',(1.84530103194513,104.,2.49999671349889));
#11303=CARTESIAN_POINT('',(1.65589795543514,104.,2.82805023549737));
#11304=CARTESIAN_POINT('',(1.84530103194513,104.,2.49999671349889));
#11305=CARTESIAN_POINT('Origin',(2.42264818394084,104.,3.49999811088029));
#11306=CARTESIAN_POINT('',(2.42264818394084,102.,3.49999811088029));
#11307=CARTESIAN_POINT('',(14.111921017072,102.,23.7465501672946));
#11308=CARTESIAN_POINT('',(2.42264818394084,104.,3.49999811088029));
#11309=CARTESIAN_POINT('',(0.862056097711239,104.,0.796954956380478));
#11310=CARTESIAN_POINT('',(2.42264818394084,104.,3.49999811088029));
#11311=CARTESIAN_POINT('Origin',(3.57734837389092,104.,3.50000150914011));
#11312=CARTESIAN_POINT('',(52.7886690214005,102.,3.50014633708342));
#11313=CARTESIAN_POINT('',(-0.211330978140491,104.,3.49999035913171));
#11314=CARTESIAN_POINT('Origin',(101.999999970198,102.,0.));
#11315=CARTESIAN_POINT('',(82.0000012218952,102.,0.));
#11316=CARTESIAN_POINT('',(75.4977130178217,102.,0.));
#11317=CARTESIAN_POINT('',(82.0000012218952,102.,-6.8));
#11318=CARTESIAN_POINT('Origin',(97.,85.,10.));
#11319=CARTESIAN_POINT('',(99.6311393382006,85.9576564013119,2.84469417207366));
#11320=CARTESIAN_POINT('',(97.9742237297711,87.6250501184455,2.84469417207366));
#11321=CARTESIAN_POINT('Origin',(97.,85.,2.84469417207366));
#11322=CARTESIAN_POINT('',(99.6311393382006,85.9576564013119,10.));
#11323=CARTESIAN_POINT('',(97.9742237297711,87.6250501184455,10.));
#11324=CARTESIAN_POINT('Origin',(97.,85.,10.));
#11325=CARTESIAN_POINT('',(96.3682469820815,87.6250501184455,2.73122239506237));
#11326=CARTESIAN_POINT('',(96.3682469820815,87.6250501184455,10.));
#11327=CARTESIAN_POINT('Origin',(97.,85.,2.73122239506237));
#11328=CARTESIAN_POINT('Origin',(101.196291325431,86.5273251367663,10.));
#11329=CARTESIAN_POINT('',(101.196291325431,86.5273251367663,10.));
#11330=CARTESIAN_POINT('',(100.288924172751,86.1970705016398,10.));
#11331=CARTESIAN_POINT('',(72.7227318581522,76.1637970270683,10.));
#11332=CARTESIAN_POINT('',(101.196291325431,86.5273251367663,-11.8));
#11333=CARTESIAN_POINT('',(100.288924172751,86.1970705016398,4.77083020049948));
#11334=CARTESIAN_POINT('Origin',(97.469846310393,85.1710100716628,4.77083020049948));
#11335=CARTESIAN_POINT('',(100.288924172751,86.1970705016398,10.));
#11336=CARTESIAN_POINT('Origin',(97.,85.,10.));
#11337=CARTESIAN_POINT('Origin',(97.,85.,10.));
#11338=CARTESIAN_POINT('',(96.9810075573956,81.5000515307902,4.77083020049948));
#11339=CARTESIAN_POINT('Origin',(97.,85.,4.77083020049948));
#11340=CARTESIAN_POINT('Origin',(97.,85.,4.77083020049948));
#11341=CARTESIAN_POINT('Origin',(93.5000013932586,87.6250501184455,6.40826487190742));
#11342=CARTESIAN_POINT('Ctrl Pts',(97.974223734611,87.6250501184455,2.8446941740845));
#11343=CARTESIAN_POINT('Ctrl Pts',(97.6766543640954,87.6250501184455,2.72106249074151));
#11344=CARTESIAN_POINT('Ctrl Pts',(97.3131121452587,87.6250501184455,2.65324620119872));
#11345=CARTESIAN_POINT('Ctrl Pts',(97.,87.6250501184455,2.65324620119872));
#11346=CARTESIAN_POINT('Ctrl Pts',(96.7999762622851,87.6250501184455,2.65324620119872));
#11347=CARTESIAN_POINT('Ctrl Pts',(96.5788253457533,87.6250501184455,2.67807605975596));
#11348=CARTESIAN_POINT('Ctrl Pts',(96.3682469820814,87.6250501184455,2.7312223950624));
#11349=CARTESIAN_POINT('Ctrl Pts',(96.9910464199151,83.3500242930868,2.));
#11350=CARTESIAN_POINT('Ctrl Pts',(98.6410221268282,83.3410707130019,2.));
#11351=CARTESIAN_POINT('Ctrl Pts',(98.6499757069132,84.9910464199151,2.));
#11352=CARTESIAN_POINT('Ctrl Pts',(98.6589292869981,86.6410221268282,2.));
#11353=CARTESIAN_POINT('Ctrl Pts',(97.0089535800849,86.6499757069132,2.));
#11354=CARTESIAN_POINT('Ctrl Pts',(95.3589778731718,86.6589292869981,2.));
#11355=CARTESIAN_POINT('Ctrl Pts',(95.3500242930868,85.0089535800849,2.));
#11356=CARTESIAN_POINT('Ctrl Pts',(95.3410707130019,83.3589778731718,2.));
#11357=CARTESIAN_POINT('Ctrl Pts',(96.9910464199151,83.3500242930868,2.));
#11358=CARTESIAN_POINT('Ctrl Pts',(96.9810075573956,81.5000515307902,2.76782041700589));
#11359=CARTESIAN_POINT('Ctrl Pts',(100.480956026605,81.4810590881858,2.76782041700589));
#11360=CARTESIAN_POINT('Ctrl Pts',(100.49994846921,84.9810075573956,2.76782041700589));
#11361=CARTESIAN_POINT('Ctrl Pts',(100.518940911814,88.4809560266054,2.76782041700589));
#11362=CARTESIAN_POINT('Ctrl Pts',(97.0189924426044,88.4999484692098,2.76782041700589));
#11363=CARTESIAN_POINT('Ctrl Pts',(93.5190439733946,88.5189409118142,2.76782041700589));
#11364=CARTESIAN_POINT('Ctrl Pts',(93.5000515307902,85.0189924426044,2.76782041700589));
#11365=CARTESIAN_POINT('Ctrl Pts',(93.4810590881858,81.5190439733946,2.76782041700589));
#11366=CARTESIAN_POINT('Ctrl Pts',(96.9810075573956,81.5000515307902,2.76782041700589));
#11367=CARTESIAN_POINT('Ctrl Pts',(96.9810075573956,81.5000515307902,4.77083020049948));
#11368=CARTESIAN_POINT('Ctrl Pts',(100.480956026605,81.4810590881858,4.77083020049948));
#11369=CARTESIAN_POINT('Ctrl Pts',(100.49994846921,84.9810075573956,4.77083020049948));
#11370=CARTESIAN_POINT('Ctrl Pts',(100.518940911814,88.4809560266054,4.77083020049948));
#11371=CARTESIAN_POINT('Ctrl Pts',(97.0189924426044,88.4999484692098,4.77083020049948));
#11372=CARTESIAN_POINT('Ctrl Pts',(93.5190439733946,88.5189409118142,4.77083020049948));
#11373=CARTESIAN_POINT('Ctrl Pts',(93.5000515307902,85.0189924426044,4.77083020049948));
#11374=CARTESIAN_POINT('Ctrl Pts',(93.4810590881858,81.5190439733946,4.77083020049948));
#11375=CARTESIAN_POINT('Ctrl Pts',(96.9810075573956,81.5000515307902,4.77083020049948));
#11376=CARTESIAN_POINT('',(96.9910464199151,83.3500242930868,2.));
#11377=CARTESIAN_POINT('Origin',(96.9972867939137,84.5000073615415,4.77083020049948));
#11378=CARTESIAN_POINT('',(98.65,85.,2.));
#11379=CARTESIAN_POINT('Origin',(97.,85.,2.));
#11380=CARTESIAN_POINT('Origin',(97.,85.,2.));
#11381=CARTESIAN_POINT('Origin',(94.9999999701977,80.,-11.8));
#11382=CARTESIAN_POINT('',(103.999999970198,80.,10.));
#11383=CARTESIAN_POINT('Origin',(94.9999999701977,80.,10.));
#11384=CARTESIAN_POINT('',(103.999999970198,80.,-11.8));
#11385=CARTESIAN_POINT('Origin',(48.9954260654457,49.4963790547707,0.));
#11386=CARTESIAN_POINT('',(-2.00000002980232,104.,0.));
#11387=CARTESIAN_POINT('',(-4.00000002980232,102.,0.));
#11388=CARTESIAN_POINT('Origin',(-2.00000002980232,102.,0.));
#11389=CARTESIAN_POINT('',(82.0000012218952,104.000001549721,0.));
#11390=CARTESIAN_POINT('',(22.4977130178217,104.,0.));
#11391=CARTESIAN_POINT('',(82.,75.,0.));
#11392=CARTESIAN_POINT('',(-4.00000002980232,56.5000008419156,5.38900757351968E-8));
#11393=CARTESIAN_POINT('',(24.9999999850988,56.5000008419156,0.));
#11394=CARTESIAN_POINT('',(-4.00000002980232,22.7481895273854,0.));
#11395=CARTESIAN_POINT('Origin',(101.999999970198,-2.,0.));
#11396=CARTESIAN_POINT('',(103.999999970198,-1.99999999999999,10.));
#11397=CARTESIAN_POINT('',(103.999999970198,-2.,0.));
#11398=CARTESIAN_POINT('Origin',(101.999999970198,-2.,10.));
#11399=CARTESIAN_POINT('Origin',(-2.00000002980232,-2.,0.));
#11400=CARTESIAN_POINT('',(-2.00000002980232,-2.,8.));
#11401=CARTESIAN_POINT('Origin',(103.999999970198,104.,0.));
#11402=CARTESIAN_POINT('',(103.999999970198,81.5000012144446,10.));
#11403=CARTESIAN_POINT('Origin',(-4.00000002980232,104.,0.));
#11404=CARTESIAN_POINT('',(-2.00000002980232,104.,10.));
#11405=CARTESIAN_POINT('',(-2.00000002980232,104.,0.));
#11406=CARTESIAN_POINT('',(82.0000012218952,104.000001549721,10.));
#11407=CARTESIAN_POINT('',(103.999999970198,104.,10.));
#11408=CARTESIAN_POINT('',(82.0000012218952,104.,-6.8));
#11409=CARTESIAN_POINT('Origin',(0.,54.0000008046627,5.38900757351968E-8));
#11410=CARTESIAN_POINT('',(-4.00000002980232,54.0000008046627,2.50000005389008));
#11411=CARTESIAN_POINT('',(-4.00000002980232,54.0000008046627,-11.799999973055));
#11412=CARTESIAN_POINT('',(0.,54.0000008046627,2.50000005389008));
#11413=CARTESIAN_POINT('Origin',(0.,54.0000008046627,2.50000005389008));
#11414=CARTESIAN_POINT('',(-4.00000002980232,56.5000008419156,2.50000005389008));
#11415=CARTESIAN_POINT('',(-4.00000002980232,25.0000004023314,2.50000005389007));
#11416=CARTESIAN_POINT('',(0.,56.5000008419156,2.50000005389008));
#11417=CARTESIAN_POINT('Origin',(0.,56.5000008419156,2.50000005389008));
#11418=CARTESIAN_POINT('',(-4.00000002980232,56.5000008419156,-10.549999973055));
#11419=CARTESIAN_POINT('Origin',(-0.999997589270129,19.2051513948965,10.0000001490116));
#11420=CARTESIAN_POINT('',(-4.00000002980232,102.,10.));
#11421=CARTESIAN_POINT('',(-4.00000005960459,-2.,10.0000012251085));
#11422=CARTESIAN_POINT('',(-4.00000002980232,104.,10.));
#11423=CARTESIAN_POINT('Origin',(-2.00000002980232,-2.,10.));
#11424=CARTESIAN_POINT('',(84.,89.,10.));
#11425=CARTESIAN_POINT('',(65.9999999850988,89.,10.));
#11426=CARTESIAN_POINT('',(82.,91.,10.));
#11427=CARTESIAN_POINT('Origin',(84.,91.,10.));
#11428=CARTESIAN_POINT('',(82.,75.,10.));
#11429=CARTESIAN_POINT('Origin',(-2.00000002980232,102.,10.));
#11430=CARTESIAN_POINT('',(55.0000027430991,2.00000267234737,10.0000012251085));
#11431=CARTESIAN_POINT('',(55.0000024589751,8.50000200525263,10.0000012251085));
#11432=CARTESIAN_POINT('',(2.51175324580851E-6,2.00000026822101,10.0000001490116));
#11433=CARTESIAN_POINT('',(-0.499999999999999,30.,10.));
#11434=CARTESIAN_POINT('Origin',(3.,30.,10.));
#11435=CARTESIAN_POINT('',(93.5,3.,10.));
#11436=CARTESIAN_POINT('Origin',(97.,3.,10.));
#11437=CARTESIAN_POINT('Origin',(84.,91.,-23.6));
#11438=CARTESIAN_POINT('',(82.,91.,-23.6));
#11439=CARTESIAN_POINT('',(84.,89.,-23.6));
#11440=CARTESIAN_POINT('Origin',(82.,100.,-23.6));
#11441=CARTESIAN_POINT('Origin',(82.,89.,-23.6));
#11442=CARTESIAN_POINT('Origin',(97.,85.,10.));
#11443=CARTESIAN_POINT('',(100.125048559738,81.5000000005482,6.40826487190742));
#11444=CARTESIAN_POINT('',(100.125048558021,81.5,10.));
#11445=CARTESIAN_POINT('Origin',(97.,85.,6.40826486485878));
#11446=CARTESIAN_POINT('Origin',(103.999999970198,81.5,10.));
#11447=CARTESIAN_POINT('Ctrl Pts',(100.125048560228,81.5,6.40826487190742));
#11448=CARTESIAN_POINT('Ctrl Pts',(100.154750567304,81.5,6.50313283510761));
#11449=CARTESIAN_POINT('Ctrl Pts',(100.194119999664,81.5,6.59397401278148));
#11450=CARTESIAN_POINT('Ctrl Pts',(100.365815302014,81.5,6.91905690229732));
#11451=CARTESIAN_POINT('Ctrl Pts',(100.585658436511,81.5,7.16655719319831));
#11452=CARTESIAN_POINT('Ctrl Pts',(101.044019615022,81.5,7.53972811715858));
#11453=CARTESIAN_POINT('Ctrl Pts',(101.375387590387,81.5,7.72208624750032));
#11454=CARTESIAN_POINT('Ctrl Pts',(101.774589853917,81.5,7.86405224987807));
#11455=CARTESIAN_POINT('Ctrl Pts',(101.885459762886,81.5,7.89715644319389));
#11456=CARTESIAN_POINT('Ctrl Pts',(101.999999970366,81.5,7.92382296952789));
#11457=CARTESIAN_POINT('Origin',(97.,85.,6.));
#11458=CARTESIAN_POINT('Origin',(3.,30.,0.));
#11459=CARTESIAN_POINT('',(5.65,30.,0.));
#11460=CARTESIAN_POINT('Origin',(3.,30.,0.));
#11461=CARTESIAN_POINT('',(7.65,30.,2.));
#11462=CARTESIAN_POINT('Origin',(7.65,30.,0.));
#11463=CARTESIAN_POINT('Origin',(3.,30.,2.));
#11464=CARTESIAN_POINT('Origin',(3.,30.,2.));
#11465=CARTESIAN_POINT('Origin',(3.,30.,2.));
#11466=CARTESIAN_POINT('Origin',(1.00000044802714,2.00000031193231,-22.5999988206097));
#11467=CARTESIAN_POINT('',(55.0000012526897,2.00000267234731,-22.6000012893857));
#11468=CARTESIAN_POINT('Origin',(55.0000012526897,2.00000267234731,-22.6000012893857));
#11469=CARTESIAN_POINT('Origin',(49.9999999701977,50.,8.));
#11470=CARTESIAN_POINT('Ctrl Pts',(98.65,3.,2.));
#11471=CARTESIAN_POINT('Ctrl Pts',(98.65,1.34999999999999,2.));
#11472=CARTESIAN_POINT('Ctrl Pts',(97.,1.34999999999999,2.));
#11473=CARTESIAN_POINT('Ctrl Pts',(95.35,1.34999999999999,2.));
#11474=CARTESIAN_POINT('Ctrl Pts',(95.35,3.,2.));
#11475=CARTESIAN_POINT('Ctrl Pts',(95.35,4.65000000000001,2.));
#11476=CARTESIAN_POINT('Ctrl Pts',(97.,4.65000000000001,2.));
#11477=CARTESIAN_POINT('Ctrl Pts',(98.65,4.65000000000001,2.));
#11478=CARTESIAN_POINT('Ctrl Pts',(98.65,3.,2.));
#11479=CARTESIAN_POINT('Ctrl Pts',(100.5,3.,2.13914188843149));
#11480=CARTESIAN_POINT('Ctrl Pts',(100.5,-0.499999999999995,2.13914188843149));
#11481=CARTESIAN_POINT('Ctrl Pts',(97.,-0.499999999999996,2.13914188843149));
#11482=CARTESIAN_POINT('Ctrl Pts',(93.5,-0.499999999999995,2.13914188843149));
#11483=CARTESIAN_POINT('Ctrl Pts',(93.5,3.,2.13914188843149));
#11484=CARTESIAN_POINT('Ctrl Pts',(93.5,6.5,2.13914188843149));
#11485=CARTESIAN_POINT('Ctrl Pts',(97.,6.5,2.13914188843149));
#11486=CARTESIAN_POINT('Ctrl Pts',(100.5,6.5,2.13914188843149));
#11487=CARTESIAN_POINT('Ctrl Pts',(100.5,3.,2.13914188843149));
#11488=CARTESIAN_POINT('Ctrl Pts',(100.5,3.,3.99436706751791));
#11489=CARTESIAN_POINT('Ctrl Pts',(100.5,-0.499999999999995,3.99436706751791));
#11490=CARTESIAN_POINT('Ctrl Pts',(97.,-0.499999999999996,3.99436706751791));
#11491=CARTESIAN_POINT('Ctrl Pts',(93.5,-0.499999999999995,3.99436706751791));
#11492=CARTESIAN_POINT('Ctrl Pts',(93.5,3.,3.99436706751791));
#11493=CARTESIAN_POINT('Ctrl Pts',(93.5,6.5,3.99436706751791));
#11494=CARTESIAN_POINT('Ctrl Pts',(97.,6.5,3.99436706751791));
#11495=CARTESIAN_POINT('Ctrl Pts',(100.5,6.5,3.99436706751791));
#11496=CARTESIAN_POINT('Ctrl Pts',(100.5,3.,3.99436706751791));
#11497=CARTESIAN_POINT('',(100.5,3.,3.99436706751791));
#11498=CARTESIAN_POINT('',(93.5,3.,3.99436706751791));
#11499=CARTESIAN_POINT('Origin',(97.,3.,3.99436706751791));
#11500=CARTESIAN_POINT('',(98.65,3.,2.));
#11501=CARTESIAN_POINT('Origin',(98.5,3.,3.99436706751791));
#11502=CARTESIAN_POINT('Origin',(97.,3.,2.));
#11503=CARTESIAN_POINT('Origin',(97.,3.,3.99436706751791));
#11504=CARTESIAN_POINT('Origin',(97.,3.,4.));
#11505=CARTESIAN_POINT('',(93.5,3.,4.));
#11506=CARTESIAN_POINT('Ctrl Pts',(4.65,30.,2.));
#11507=CARTESIAN_POINT('Ctrl Pts',(4.65,28.35,2.));
#11508=CARTESIAN_POINT('Ctrl Pts',(3.,28.35,2.));
#11509=CARTESIAN_POINT('Ctrl Pts',(1.35,28.35,2.));
#11510=CARTESIAN_POINT('Ctrl Pts',(1.35,30.,2.));
#11511=CARTESIAN_POINT('Ctrl Pts',(1.35,31.65,2.));
#11512=CARTESIAN_POINT('Ctrl Pts',(3.,31.65,2.));
#11513=CARTESIAN_POINT('Ctrl Pts',(4.65,31.65,2.));
#11514=CARTESIAN_POINT('Ctrl Pts',(4.65,30.,2.));
#11515=CARTESIAN_POINT('Ctrl Pts',(6.5,30.,2.13914188843148));
#11516=CARTESIAN_POINT('Ctrl Pts',(6.5,26.5,2.13914188843148));
#11517=CARTESIAN_POINT('Ctrl Pts',(3.,26.5,2.13914188843148));
#11518=CARTESIAN_POINT('Ctrl Pts',(-0.499999999999999,26.5,2.13914188843148));
#11519=CARTESIAN_POINT('Ctrl Pts',(-0.499999999999999,30.,2.13914188843148));
#11520=CARTESIAN_POINT('Ctrl Pts',(-0.499999999999999,33.5,2.13914188843148));
#11521=CARTESIAN_POINT('Ctrl Pts',(3.,33.5,2.13914188843148));
#11522=CARTESIAN_POINT('Ctrl Pts',(6.5,33.5,2.13914188843148));
#11523=CARTESIAN_POINT('Ctrl Pts',(6.5,30.,2.13914188843148));
#11524=CARTESIAN_POINT('Ctrl Pts',(6.5,30.,3.99436706751791));
#11525=CARTESIAN_POINT('Ctrl Pts',(6.5,26.5,3.99436706751791));
#11526=CARTESIAN_POINT('Ctrl Pts',(3.,26.5,3.99436706751791));
#11527=CARTESIAN_POINT('Ctrl Pts',(-0.499999999999999,26.5,3.99436706751791));
#11528=CARTESIAN_POINT('Ctrl Pts',(-0.499999999999999,30.,3.99436706751791));
#11529=CARTESIAN_POINT('Ctrl Pts',(-0.499999999999999,33.5,3.99436706751791));
#11530=CARTESIAN_POINT('Ctrl Pts',(3.,33.5,3.99436706751791));
#11531=CARTESIAN_POINT('Ctrl Pts',(6.5,33.5,3.99436706751791));
#11532=CARTESIAN_POINT('Ctrl Pts',(6.5,30.,3.99436706751791));
#11533=CARTESIAN_POINT('',(6.5,30.,3.99436706751791));
#11534=CARTESIAN_POINT('',(-0.499999999999999,30.,3.99436706751791));
#11535=CARTESIAN_POINT('Origin',(3.,30.,3.99436706751791));
#11536=CARTESIAN_POINT('',(4.65,30.,2.));
#11537=CARTESIAN_POINT('Origin',(4.5,30.,3.99436706751791));
#11538=CARTESIAN_POINT('Origin',(3.,30.,2.));
#11539=CARTESIAN_POINT('Origin',(3.,30.,3.99436706751791));
#11540=CARTESIAN_POINT('Origin',(3.,30.,4.));
#11541=CARTESIAN_POINT('',(-0.499999999999999,30.,4.));
#11542=CARTESIAN_POINT('Origin',(97.,85.,0.));
#11543=CARTESIAN_POINT('',(98.65,85.,0.));
#11544=CARTESIAN_POINT('Origin',(97.,3.,0.));
#11545=CARTESIAN_POINT('',(98.65,3.,0.));
#11546=CARTESIAN_POINT('Origin',(97.,3.,0.));
#11547=CARTESIAN_POINT('',(98.65,3.,0.));
#11548=CARTESIAN_POINT('Origin',(3.,30.,0.));
#11549=CARTESIAN_POINT('',(4.65,30.,0.));
#11550=CARTESIAN_POINT('Origin',(3.,30.,0.));
#11551=CARTESIAN_POINT('',(4.65,30.,0.));
#11552=CARTESIAN_POINT('Origin',(97.,3.,0.));
#11553=CARTESIAN_POINT('Origin',(3.,30.,0.));
#11554=CARTESIAN_POINT('Origin',(-2.00000002980232,-2.,0.));
#11555=CARTESIAN_POINT('',(-4.00000002980232,-2.,0.));
#11556=CARTESIAN_POINT('Origin',(-2.00000002980232,102.,0.));
#11557=CARTESIAN_POINT('',(-4.00000002980232,102.,0.));
#11558=CARTESIAN_POINT('Origin',(-4.00000002980232,-4.,0.));
#11559=UNCERTAINTY_MEASURE_WITH_UNIT(LENGTH_MEASURE(0.01),#11563,
'DISTANCE_ACCURACY_VALUE',
'Maximum model space distance between geometric entities at asserted c
onnectivities');
#11560=UNCERTAINTY_MEASURE_WITH_UNIT(LENGTH_MEASURE(0.01),#11563,
'DISTANCE_ACCURACY_VALUE',
'Maximum model space distance between geometric entities at asserted c
onnectivities');
#11561=(
GEOMETRIC_REPRESENTATION_CONTEXT(3)
GLOBAL_UNCERTAINTY_ASSIGNED_CONTEXT((#11559))
GLOBAL_UNIT_ASSIGNED_CONTEXT((#11563,#11565,#11566))
REPRESENTATION_CONTEXT('','3D')
);
#11562=(
GEOMETRIC_REPRESENTATION_CONTEXT(3)
GLOBAL_UNCERTAINTY_ASSIGNED_CONTEXT((#11560))
GLOBAL_UNIT_ASSIGNED_CONTEXT((#11563,#11565,#11566))
REPRESENTATION_CONTEXT('','3D')
);
#11563=(
LENGTH_UNIT()
NAMED_UNIT(*)
SI_UNIT(.MILLI.,.METRE.)
);
#11564=(
LENGTH_UNIT()
NAMED_UNIT(*)
SI_UNIT($,.METRE.)
);
#11565=(
NAMED_UNIT(*)
PLANE_ANGLE_UNIT()
SI_UNIT($,.RADIAN.)
);
#11566=(
NAMED_UNIT(*)
SI_UNIT($,.STERADIAN.)
SOLID_ANGLE_UNIT()
);
#11567=SHAPE_DEFINITION_REPRESENTATION(#11568,#11569);
#11568=PRODUCT_DEFINITION_SHAPE('',$,#11571);
#11569=SHAPE_REPRESENTATION('',(#7205),#11561);
#11570=PRODUCT_DEFINITION_CONTEXT('part definition',#11575,'design');
#11571=PRODUCT_DEFINITION('VNA_Kutu_Ust','VNA_Kutu_Ust v1',#11572,#11570);
#11572=PRODUCT_DEFINITION_FORMATION('',$,#11577);
#11573=PRODUCT_RELATED_PRODUCT_CATEGORY('VNA_Kutu_Ust v1',
'VNA_Kutu_Ust v1',(#11577));
#11574=APPLICATION_PROTOCOL_DEFINITION('international standard',
'automotive_design',2009,#11575);
#11575=APPLICATION_CONTEXT(
'Core Data for Automotive Mechanical Design Process');
#11576=PRODUCT_CONTEXT('part definition',#11575,'mechanical');
#11577=PRODUCT('VNA_Kutu_Ust','VNA_Kutu_Ust v1',$,(#11576));
#11578=PRESENTATION_STYLE_ASSIGNMENT((#11579));
#11579=SURFACE_STYLE_USAGE(.BOTH.,#11580);
#11580=SURFACE_SIDE_STYLE('',(#11581));
#11581=SURFACE_STYLE_FILL_AREA(#11582);
#11582=FILL_AREA_STYLE('\X\C7elik - Saten',(#11583));
#11583=FILL_AREA_STYLE_COLOUR('\X\C7elik - Saten',#11584);
#11584=COLOUR_RGB('\X\C7elik - Saten',0.627450980392157,0.627450980392157,
0.627450980392157);
ENDSEC;
END-ISO-10303-21;
